seed,solid_probability,phase,rho_min,iter,rel_residual
23,0.1,probe,1e-12,0,1.0
23,0.1,probe,1e-12,1,0.6286939559294
23,0.1,probe,1e-12,2,0.6286469392828805
23,0.1,probe,1e-12,3,0.6259256786359748
23,0.1,probe,1e-12,4,0.6254914166890179
23,0.1,probe,1e-12,5,0.6252622429299289
23,0.1,probe,1e-12,6,0.6250118268899322
23,0.1,probe,1e-12,7,0.6249888009770949
23,0.1,probe,1e-12,8,0.6249837581160786
23,0.1,probe,1e-12,9,0.6249160486758751
23,0.1,probe,1e-12,10,0.6249048685573536
23,0.1,probe,1e-12,11,0.6249045651316378
23,0.1,probe,1e-12,12,0.6248978320750661
23,0.1,probe,1e-12,13,0.6248912277290043
23,0.1,probe,1e-12,14,0.62489098167406
23,0.1,probe,1e-12,15,0.6248909807106773
23,0.1,probe,1e-12,16,0.6248392880003752
23,0.1,probe,1e-12,17,0.6248223070153769
23,0.1,probe,1e-12,18,0.6248074914503406
23,0.1,probe,1e-12,19,0.6248059443582185
23,0.1,probe,1e-12,20,0.6248046247920439
23,0.1,probe,1e-12,21,0.6247973097794933
23,0.1,probe,1e-12,22,0.6247453214067455
23,0.1,probe,1e-12,23,0.6247430117610655
23,0.1,probe,1e-12,24,0.6246883532815767
23,0.1,probe,1e-12,25,0.624678515793622
23,0.1,probe,1e-12,26,0.6246763221561792
23,0.1,probe,1e-12,27,0.6246705409251775
23,0.1,probe,1e-12,28,0.6246696330851819
23,0.1,probe,1e-12,29,0.6246679780617765
23,0.1,probe,1e-12,30,0.6245906228870874
23,0.1,probe,1e-12,31,0.6245661426423221
23,0.1,probe,1e-12,32,0.6245622593461497
23,0.1,probe,1e-12,33,0.6244751405923649
23,0.1,probe,1e-12,34,0.624471077775458
23,0.1,probe,1e-12,35,0.6244482038160334
23,0.1,probe,1e-12,36,0.6244289870575733
23,0.1,probe,1e-12,37,0.6244158065941371
23,0.1,probe,1e-12,38,0.6244120582447347
23,0.1,probe,1e-12,39,0.6244042521699974
23,0.1,probe,1e-12,40,0.6244010225735547
23,0.1,probe,1e-12,41,0.6244006583862096
23,0.1,probe,1e-12,42,0.6243965220875991
23,0.1,probe,1e-12,43,0.624388600536432
23,0.1,probe,1e-12,44,0.6243874054448877
23,0.1,probe,1e-12,45,0.6243870315285469
23,0.1,probe,1e-12,46,0.6243763162960894
23,0.1,probe,1e-12,47,0.6243760730006807
23,0.1,probe,1e-12,48,0.6243754601704046
23,0.1,probe,1e-12,49,0.6243707755655563
23,0.1,probe,1e-12,50,0.6243625314236502
23,0.1,probe,1e-12,51,0.6243576540322455
23,0.1,probe,1e-12,52,0.6243514782508742
23,0.1,probe,1e-12,53,0.6242604395197733
23,0.1,probe,1e-12,54,0.6242511655626958
23,0.1,probe,1e-12,55,0.6242417735125851
23,0.1,probe,1e-12,56,0.624237132628015
23,0.1,probe,1e-12,57,0.6242370797266671
23,0.1,probe,1e-12,58,0.624233825298573
23,0.1,probe,1e-12,59,0.6242026133050443
23,0.1,probe,1e-12,60,0.6241993075577007
23,0.1,probe,1e-12,61,0.6241580907832495
23,0.1,probe,1e-12,62,0.6241380345031858
23,0.1,probe,1e-12,63,0.6241035821745226
23,0.1,probe,1e-12,64,0.6240985699123517
23,0.1,probe,1e-12,65,0.6240968826654748
23,0.1,probe,1e-12,66,0.6240102329049431
23,0.1,probe,1e-12,67,0.6239080587666874
23,0.1,probe,1e-12,68,0.6238158020460853
23,0.1,probe,1e-12,69,0.623737253617362
23,0.1,probe,1e-12,70,0.623438756935021
23,0.1,probe,1e-12,71,0.6231684061905973
23,0.1,probe,1e-12,72,0.6226314553939112
23,0.1,probe,1e-12,73,0.6214852711795129
23,0.1,probe,1e-12,74,0.6203121240829882
23,0.1,probe,1e-12,75,0.6195483342551309
23,0.1,probe,1e-12,76,0.6189868677048836
23,0.1,probe,1e-12,77,0.6181146587624256
23,0.1,probe,1e-12,78,0.6170546633383066
23,0.1,probe,1e-12,79,0.6158282228552979
23,0.1,probe,1e-12,80,0.6131052378372186
23,0.1,probe,1e-12,81,0.607705064999859
23,0.1,probe,1e-12,82,0.5951958245170993
23,0.1,probe,1e-12,83,0.5830087298160551
23,0.1,probe,1e-12,84,0.5637921055548799
23,0.1,probe,1e-12,85,0.552008624581878
23,0.1,probe,1e-12,86,0.5401848045187342
23,0.1,probe,1e-12,87,0.5325156756434071
23,0.1,probe,1e-12,88,0.5286745597461564
23,0.1,probe,1e-12,89,0.5275613350833793
23,0.1,probe,1e-12,90,0.5271935804638391
23,0.1,probe,1e-12,91,0.5269256084791862
23,0.1,probe,1e-12,92,0.5267264016781281
23,0.1,probe,1e-12,93,0.5265909205794076
23,0.1,probe,1e-12,94,0.5265559551565565
23,0.1,probe,1e-12,95,0.5265177357291748
23,0.1,probe,1e-12,96,0.5265142534251491
23,0.1,probe,1e-12,97,0.5265071810870989
23,0.1,probe,1e-12,98,0.5265068968720235
23,0.1,probe,1e-12,99,0.5265057293091128
23,0.1,probe,1e-12,100,0.5265049475151269
23,0.1,recommended_solve,1e-10,0,1.0
23,0.1,recommended_solve,1e-10,1,0.6286979061738762
23,0.1,recommended_solve,1e-10,2,0.628649754434618
23,0.1,recommended_solve,1e-10,3,0.6259244116571234
23,0.1,recommended_solve,1e-10,4,0.6254892468703406
23,0.1,recommended_solve,1e-10,5,0.6252619824679945
23,0.1,recommended_solve,1e-10,6,0.6250113250259696
23,0.1,recommended_solve,1e-10,7,0.624988323422841
23,0.1,recommended_solve,1e-10,8,0.6249831861578135
23,0.1,recommended_solve,1e-10,9,0.6249151584549337
23,0.1,recommended_solve,1e-10,10,0.6249040025386927
23,0.1,recommended_solve,1e-10,11,0.6249037445296678
23,0.1,recommended_solve,1e-10,12,0.6248968556182875
23,0.1,recommended_solve,1e-10,13,0.6248899979712237
23,0.1,recommended_solve,1e-10,14,0.6248898259353773
23,0.1,recommended_solve,1e-10,15,0.6248898160124233
23,0.1,recommended_solve,1e-10,16,0.6248386586734709
23,0.1,recommended_solve,1e-10,17,0.6248227163082908
23,0.1,recommended_solve,1e-10,18,0.6248085140689476
23,0.1,recommended_solve,1e-10,19,0.6248069760730942
23,0.1,recommended_solve,1e-10,20,0.6248054419584278
23,0.1,recommended_solve,1e-10,21,0.6247990393351189
23,0.1,recommended_solve,1e-10,22,0.6247458733422246
23,0.1,recommended_solve,1e-10,23,0.6247440718802745
23,0.1,recommended_solve,1e-10,24,0.6246905911898436
23,0.1,recommended_solve,1e-10,25,0.6246801007874072
23,0.1,recommended_solve,1e-10,26,0.6246786116689049
23,0.1,recommended_solve,1e-10,27,0.6246720166380193
23,0.1,recommended_solve,1e-10,28,0.6246714622367733
23,0.1,recommended_solve,1e-10,29,0.6246707961191369
23,0.1,recommended_solve,1e-10,30,0.6245900853363168
23,0.1,recommended_solve,1e-10,31,0.6245704268192679
23,0.1,recommended_solve,1e-10,32,0.624564857735685
23,0.1,recommended_solve,1e-10,33,0.6244915354791603
23,0.1,recommended_solve,1e-10,34,0.624483043468128
23,0.1,recommended_solve,1e-10,35,0.6244733469374959
23,0.1,recommended_solve,1e-10,36,0.6244415220016689
23,0.1,recommended_solve,1e-10,37,0.6244389551512722
23,0.1,recommended_solve,1e-10,38,0.6244104461342354
23,0.1,recommended_solve,1e-10,39,0.6243640992694519
23,0.1,recommended_solve,1e-10,40,0.6243097900722797
23,0.1,recommended_solve,1e-10,41,0.624257545665844
23,0.1,recommended_solve,1e-10,42,0.6242069066792046
23,0.1,recommended_solve,1e-10,43,0.6241176783586858
23,0.1,recommended_solve,1e-10,44,0.6239521883610502
23,0.1,recommended_solve,1e-10,45,0.6234957132257597
23,0.1,recommended_solve,1e-10,46,0.6226872660466045
23,0.1,recommended_solve,1e-10,47,0.6213834925744997
23,0.1,recommended_solve,1e-10,48,0.6191745626755352
23,0.1,recommended_solve,1e-10,49,0.6145425910794737
23,0.1,recommended_solve,1e-10,50,0.6103487996019049
23,0.1,recommended_solve,1e-10,51,0.605588591458878
23,0.1,recommended_solve,1e-10,52,0.6024075298213651
23,0.1,recommended_solve,1e-10,53,0.5957190864944574
23,0.1,recommended_solve,1e-10,54,0.5900070812521632
23,0.1,recommended_solve,1e-10,55,0.5814029851225331
23,0.1,recommended_solve,1e-10,56,0.5737149703759534
23,0.1,recommended_solve,1e-10,57,0.5648609211349565
23,0.1,recommended_solve,1e-10,58,0.5584465582629955
23,0.1,recommended_solve,1e-10,59,0.5503877077649141
23,0.1,recommended_solve,1e-10,60,0.5439109612919996
23,0.1,recommended_solve,1e-10,61,0.5388833424551555
23,0.1,recommended_solve,1e-10,62,0.5368162640668763
23,0.1,recommended_solve,1e-10,63,0.5347830067070635
23,0.1,recommended_solve,1e-10,64,0.5336397886723598
23,0.1,recommended_solve,1e-10,65,0.5324471011869161
23,0.1,recommended_solve,1e-10,66,0.5310929480374177
23,0.1,recommended_solve,1e-10,67,0.5298743551376119
23,0.1,recommended_solve,1e-10,68,0.529266397855019
23,0.1,recommended_solve,1e-10,69,0.5286295682364965
23,0.1,recommended_solve,1e-10,70,0.5279082302806243
23,0.1,recommended_solve,1e-10,71,0.5276368438636239
23,0.1,recommended_solve,1e-10,72,0.5273057791078621
23,0.1,recommended_solve,1e-10,73,0.526993806370445
23,0.1,recommended_solve,1e-10,74,0.5268066198573225
23,0.1,recommended_solve,1e-10,75,0.5267837262062662
23,0.1,recommended_solve,1e-10,76,0.526781189398336
23,0.1,recommended_solve,1e-10,77,0.5267186971111671
23,0.1,recommended_solve,1e-10,78,0.5267125922384019
23,0.1,recommended_solve,1e-10,79,0.5266970238703717
23,0.1,recommended_solve,1e-10,80,0.5266947844870401
23,0.1,recommended_solve,1e-10,81,0.5266416019530946
23,0.1,recommended_solve,1e-10,82,0.5266066107438571
23,0.1,recommended_solve,1e-10,83,0.5265956414510085
23,0.1,recommended_solve,1e-10,84,0.5265662960426846
23,0.1,recommended_solve,1e-10,85,0.5265646703072577
23,0.1,recommended_solve,1e-10,86,0.526543619276291
23,0.1,recommended_solve,1e-10,87,0.5265432659904368
23,0.1,recommended_solve,1e-10,88,0.5265410167518971
23,0.1,recommended_solve,1e-10,89,0.5265380774012937
23,0.1,recommended_solve,1e-10,90,0.5265379343932245
23,0.1,recommended_solve,1e-10,91,0.5265366646885372
23,0.1,recommended_solve,1e-10,92,0.5265365870995338
23,0.1,recommended_solve,1e-10,93,0.5265365868942026
23,0.1,recommended_solve,1e-10,94,0.5265361145081314
23,0.1,recommended_solve,1e-10,95,0.5265345020223331
23,0.1,recommended_solve,1e-10,96,0.5265324369801695
23,0.1,recommended_solve,1e-10,97,0.5265320624043381
23,0.1,recommended_solve,1e-10,98,0.5265263038461349
23,0.1,recommended_solve,1e-10,99,0.5265204320147302
23,0.1,recommended_solve,1e-10,100,0.5265204067599187
23,0.1,recommended_solve,1e-10,101,0.5265062538043513
23,0.1,recommended_solve,1e-10,102,0.5265020475619867
23,0.1,recommended_solve,1e-10,103,0.5264846345754244
23,0.1,recommended_solve,1e-10,104,0.5264839763165182
23,0.1,recommended_solve,1e-10,105,0.526432013459756
23,0.1,recommended_solve,1e-10,106,0.5264011564639155
23,0.1,recommended_solve,1e-10,107,0.526361309204777
23,0.1,recommended_solve,1e-10,108,0.5263309343602429
23,0.1,recommended_solve,1e-10,109,0.5261334163412787
23,0.1,recommended_solve,1e-10,110,0.5258596481168059
23,0.1,recommended_solve,1e-10,111,0.5256042758382905
23,0.1,recommended_solve,1e-10,112,0.5248990805919242
23,0.1,recommended_solve,1e-10,113,0.5240579547558123
23,0.1,recommended_solve,1e-10,114,0.5227912122471767
23,0.1,recommended_solve,1e-10,115,0.5221951743541707
23,0.1,recommended_solve,1e-10,116,0.5201920377297307
23,0.1,recommended_solve,1e-10,117,0.5179176826763159
23,0.1,recommended_solve,1e-10,118,0.5159822444832131
23,0.1,recommended_solve,1e-10,119,0.5147781834303772
23,0.1,recommended_solve,1e-10,120,0.5133689333728942
23,0.1,recommended_solve,1e-10,121,0.5107609222940405
23,0.1,recommended_solve,1e-10,122,0.5077332861554643
23,0.1,recommended_solve,1e-10,123,0.5041576849681813
23,0.1,recommended_solve,1e-10,124,0.5001696923513413
23,0.1,recommended_solve,1e-10,125,0.49575065183415346
23,0.1,recommended_solve,1e-10,126,0.4919781216059867
23,0.1,recommended_solve,1e-10,127,0.48973346882660773
23,0.1,recommended_solve,1e-10,128,0.4855944875018134
23,0.1,recommended_solve,1e-10,129,0.4812409473578151
23,0.1,recommended_solve,1e-10,130,0.47646920827449596
23,0.1,recommended_solve,1e-10,131,0.4745549856108376
23,0.1,recommended_solve,1e-10,132,0.47343507415405484
23,0.1,recommended_solve,1e-10,133,0.47314392388885695
23,0.1,recommended_solve,1e-10,134,0.47272415172709625
23,0.1,recommended_solve,1e-10,135,0.47256245331584734
23,0.1,recommended_solve,1e-10,136,0.4723187429684872
23,0.1,recommended_solve,1e-10,137,0.47220522926004216
23,0.1,recommended_solve,1e-10,138,0.47189307670454533
23,0.1,recommended_solve,1e-10,139,0.471836162259972
23,0.1,recommended_solve,1e-10,140,0.4718085546583651
23,0.1,recommended_solve,1e-10,141,0.4717534407900537
23,0.1,recommended_solve,1e-10,142,0.47172761012973247
23,0.1,recommended_solve,1e-10,143,0.47166183899349856
23,0.1,recommended_solve,1e-10,144,0.47165981140743113
23,0.1,recommended_solve,1e-10,145,0.4716436871504668
23,0.1,recommended_solve,1e-10,146,0.471638352342164
23,0.1,recommended_solve,1e-10,147,0.47163022519871817
23,0.1,recommended_solve,1e-10,148,0.4716088894027834
23,0.1,recommended_solve,1e-10,149,0.4716060483615207
23,0.1,recommended_solve,1e-10,150,0.4715995362656102
23,0.1,recommended_solve,1e-10,151,0.4715949831288306
23,0.1,recommended_solve,1e-10,152,0.4715927888904964
23,0.1,recommended_solve,1e-10,153,0.4715767784782823
23,0.1,recommended_solve,1e-10,154,0.4715765170345474
23,0.1,recommended_solve,1e-10,155,0.4715762526927207
23,0.1,recommended_solve,1e-10,156,0.4715677990607904
23,0.1,recommended_solve,1e-10,157,0.4715675034044685
23,0.1,recommended_solve,1e-10,158,0.47156510706442634
23,0.1,recommended_solve,1e-10,159,0.47156322486266566
23,0.1,recommended_solve,1e-10,160,0.4715629842811399
23,0.1,recommended_solve,1e-10,161,0.4715615357278125
23,0.1,recommended_solve,1e-10,162,0.4715598227883887
23,0.1,recommended_solve,1e-10,163,0.4715597730348877
23,0.1,recommended_solve,1e-10,164,0.4715573278364806
23,0.1,recommended_solve,1e-10,165,0.4715550184307813
23,0.1,recommended_solve,1e-10,166,0.47155220339841064
23,0.1,recommended_solve,1e-10,167,0.4715518369976208
23,0.1,recommended_solve,1e-10,168,0.47155172017929703
23,0.1,recommended_solve,1e-10,169,0.47155144813448663
23,0.1,recommended_solve,1e-10,170,0.4715486020600297
23,0.1,recommended_solve,1e-10,171,0.471547447413867
23,0.1,recommended_solve,1e-10,172,0.4715468046552836
23,0.1,recommended_solve,1e-10,173,0.471534028698271
23,0.1,recommended_solve,1e-10,174,0.4714912598758907
23,0.1,recommended_solve,1e-10,175,0.4714429074474359
23,0.1,recommended_solve,1e-10,176,0.4713663093930939
23,0.1,recommended_solve,1e-10,177,0.4713467203834478
23,0.1,recommended_solve,1e-10,178,0.47130683275884433
23,0.1,recommended_solve,1e-10,179,0.4712510930914314
23,0.1,recommended_solve,1e-10,180,0.4711772225406702
23,0.1,recommended_solve,1e-10,181,0.4710924397552161
23,0.1,recommended_solve,1e-10,182,0.4710167633771707
23,0.1,recommended_solve,1e-10,183,0.47090195582462663
23,0.1,recommended_solve,1e-10,184,0.4705562426871741
23,0.1,recommended_solve,1e-10,185,0.46966509278923074
23,0.1,recommended_solve,1e-10,186,0.4683039169968403
23,0.1,recommended_solve,1e-10,187,0.46768627402756957
23,0.1,recommended_solve,1e-10,188,0.46712747070360255
23,0.1,recommended_solve,1e-10,189,0.4663914918074704
23,0.1,recommended_solve,1e-10,190,0.46531358729258016
23,0.1,recommended_solve,1e-10,191,0.4633436124994419
23,0.1,recommended_solve,1e-10,192,0.46120967069491947
23,0.1,recommended_solve,1e-10,193,0.45774394265861507
23,0.1,recommended_solve,1e-10,194,0.45404938800686084
23,0.1,recommended_solve,1e-10,195,0.4474939173381015
23,0.1,recommended_solve,1e-10,196,0.4412273012191328
23,0.1,recommended_solve,1e-10,197,0.4363896627373058
23,0.1,recommended_solve,1e-10,198,0.43376182849759404
23,0.1,recommended_solve,1e-10,199,0.43219200442953265
23,0.1,recommended_solve,1e-10,200,0.43130185269472104
23,0.1,recommended_solve,1e-10,201,0.430659161283784
23,0.1,recommended_solve,1e-10,202,0.4301534785149285
23,0.1,recommended_solve,1e-10,203,0.4299121321013231
23,0.1,recommended_solve,1e-10,204,0.42952576850652713
23,0.1,recommended_solve,1e-10,205,0.429209813988209
23,0.1,recommended_solve,1e-10,206,0.42893303031017155
23,0.1,recommended_solve,1e-10,207,0.42886256599380296
23,0.1,recommended_solve,1e-10,208,0.4287939286024812
23,0.1,recommended_solve,1e-10,209,0.4287080228156321
23,0.1,recommended_solve,1e-10,210,0.428701761218967
23,0.1,recommended_solve,1e-10,211,0.4286980207260734
23,0.1,recommended_solve,1e-10,212,0.42867373522161883
23,0.1,recommended_solve,1e-10,213,0.4286567869665588
23,0.1,recommended_solve,1e-10,214,0.42865678626968157
23,0.1,recommended_solve,1e-10,215,0.42865578323896025
23,0.1,recommended_solve,1e-10,216,0.42865047641787996
23,0.1,recommended_solve,1e-10,217,0.42865038985985976
23,0.1,recommended_solve,1e-10,218,0.4286475541196605
23,0.1,recommended_solve,1e-10,219,0.4286445282810464
23,0.1,recommended_solve,1e-10,220,0.42863659947723276
23,0.1,recommended_solve,1e-10,221,0.42863402402511736
23,0.1,recommended_solve,1e-10,222,0.4286338574645924
23,0.1,recommended_solve,1e-10,223,0.42863204375462505
23,0.1,recommended_solve,1e-10,224,0.4286317660510061
23,0.1,recommended_solve,1e-10,225,0.4286317334491007
23,0.1,recommended_solve,1e-10,226,0.4286316548226165
23,0.1,recommended_solve,1e-10,227,0.42863158115184036
23,0.1,recommended_solve,1e-10,228,0.42862498952494854
23,0.1,recommended_solve,1e-10,229,0.42862451813022373
23,0.1,recommended_solve,1e-10,230,0.42862024908693386
23,0.1,recommended_solve,1e-10,231,0.42861962527898384
23,0.1,recommended_solve,1e-10,232,0.4286124851844145
23,0.1,recommended_solve,1e-10,233,0.42861112754893554
23,0.1,recommended_solve,1e-10,234,0.4286093873234798
23,0.1,recommended_solve,1e-10,235,0.4286090993132232
23,0.1,recommended_solve,1e-10,236,0.42860347184417785
23,0.1,recommended_solve,1e-10,237,0.4285980048107001
23,0.1,recommended_solve,1e-10,238,0.42858584228087426
23,0.1,recommended_solve,1e-10,239,0.4285290978345859
23,0.1,recommended_solve,1e-10,240,0.4285125004485151
23,0.1,recommended_solve,1e-10,241,0.42845833136050077
23,0.1,recommended_solve,1e-10,242,0.428311346073193
23,0.1,recommended_solve,1e-10,243,0.4281340976897585
23,0.1,recommended_solve,1e-10,244,0.42787378981226254
23,0.1,recommended_solve,1e-10,245,0.4272873641263988
23,0.1,recommended_solve,1e-10,246,0.42583128614535787
23,0.1,recommended_solve,1e-10,247,0.4243443424828135
23,0.1,recommended_solve,1e-10,248,0.42287913458932763
23,0.1,recommended_solve,1e-10,249,0.4207576044780845
23,0.1,recommended_solve,1e-10,250,0.41751045488052424
23,0.1,recommended_solve,1e-10,251,0.4136485966455531
23,0.1,recommended_solve,1e-10,252,0.41071704678817245
23,0.1,recommended_solve,1e-10,253,0.4055186965968911
23,0.1,recommended_solve,1e-10,254,0.40256967698753
23,0.1,recommended_solve,1e-10,255,0.4000555618338236
23,0.1,recommended_solve,1e-10,256,0.39798183847849816
23,0.1,recommended_solve,1e-10,257,0.39679410704636303
23,0.1,recommended_solve,1e-10,258,0.3961388965181037
23,0.1,recommended_solve,1e-10,259,0.39575259753977055
23,0.1,recommended_solve,1e-10,260,0.39565091149569875
23,0.1,recommended_solve,1e-10,261,0.3955690122455822
23,0.1,recommended_solve,1e-10,262,0.3955350574855382
23,0.1,recommended_solve,1e-10,263,0.395534347987853
23,0.1,recommended_solve,1e-10,264,0.39553142546892317
23,0.1,recommended_solve,1e-10,265,0.3955177909041788
23,0.1,recommended_solve,1e-10,266,0.3954934481887523
23,0.1,recommended_solve,1e-10,267,0.3954919956439766
23,0.1,recommended_solve,1e-10,268,0.39548692500453586
23,0.1,recommended_solve,1e-10,269,0.39548373059921055
23,0.1,recommended_solve,1e-10,270,0.3954831098175491
23,0.1,recommended_solve,1e-10,271,0.3954799850096761
23,0.1,recommended_solve,1e-10,272,0.39547976063089296
23,0.1,recommended_solve,1e-10,273,0.395479757140558
23,0.1,recommended_solve,1e-10,274,0.39547954031155563
23,0.1,recommended_solve,1e-10,275,0.3954792553670823
23,0.1,recommended_solve,1e-10,276,0.395476538608127
23,0.1,recommended_solve,1e-10,277,0.3954715218989605
23,0.1,recommended_solve,1e-10,278,0.3954592976002194
23,0.1,recommended_solve,1e-10,279,0.3954583344444574
23,0.1,recommended_solve,1e-10,280,0.39545805795049327
23,0.1,recommended_solve,1e-10,281,0.39545652881822596
23,0.1,recommended_solve,1e-10,282,0.3954561223310692
23,0.1,recommended_solve,1e-10,283,0.39545393376080384
23,0.1,recommended_solve,1e-10,284,0.3954532382244247
23,0.1,recommended_solve,1e-10,285,0.3954531966964128
23,0.1,recommended_solve,1e-10,286,0.3954511509206172
23,0.1,recommended_solve,1e-10,287,0.3954483185288073
23,0.1,recommended_solve,1e-10,288,0.39541622278345945
23,0.1,recommended_solve,1e-10,289,0.3954058982209086
23,0.1,recommended_solve,1e-10,290,0.39534369717942625
23,0.1,recommended_solve,1e-10,291,0.3953140105012022
23,0.1,recommended_solve,1e-10,292,0.3949975482873047
23,0.1,recommended_solve,1e-10,293,0.39472193420746
23,0.1,recommended_solve,1e-10,294,0.39428822742476854
23,0.1,recommended_solve,1e-10,295,0.3938964349929138
23,0.1,recommended_solve,1e-10,296,0.3934608009336376
23,0.1,recommended_solve,1e-10,297,0.39198263652734666
23,0.1,recommended_solve,1e-10,298,0.3882085778793575
23,0.1,recommended_solve,1e-10,299,0.3825571494911874
23,0.1,recommended_solve,1e-10,300,0.37739702606884057
23,0.1,recommended_solve,1e-08,0,1.0
23,0.1,recommended_solve,1e-08,1,0.6286915546866165
23,0.1,recommended_solve,1e-08,2,0.6286449947783666
23,0.1,recommended_solve,1e-08,3,0.6259212154426769
23,0.1,recommended_solve,1e-08,4,0.6254829030590179
23,0.1,recommended_solve,1e-08,5,0.6252527730504324
23,0.1,recommended_solve,1e-08,6,0.6249980079135051
23,0.1,recommended_solve,1e-08,7,0.6249728850321088
23,0.1,recommended_solve,1e-08,8,0.6249659243680925
23,0.1,recommended_solve,1e-08,9,0.6248945517873389
23,0.1,recommended_solve,1e-08,10,0.6248801117525471
23,0.1,recommended_solve,1e-08,11,0.6248779668077518
23,0.1,recommended_solve,1e-08,12,0.6248738548433163
23,0.1,recommended_solve,1e-08,13,0.624861690243448
23,0.1,recommended_solve,1e-08,14,0.624860889691529
23,0.1,recommended_solve,1e-08,15,0.6248574140295775
23,0.1,recommended_solve,1e-08,16,0.6247677656733392
23,0.1,recommended_solve,1e-08,17,0.6247664730817042
23,0.1,recommended_solve,1e-08,18,0.6247664693289391
23,0.1,recommended_solve,1e-08,19,0.6247475910284237
23,0.1,recommended_solve,1e-08,20,0.6247016781925775
23,0.1,recommended_solve,1e-08,21,0.6246743767858738
23,0.1,recommended_solve,1e-08,22,0.6246707132607491
23,0.1,recommended_solve,1e-08,23,0.6245903832099302
23,0.1,recommended_solve,1e-08,24,0.6245839724659015
23,0.1,recommended_solve,1e-08,25,0.6243580312006694
23,0.1,recommended_solve,1e-08,26,0.6241856606225162
23,0.1,recommended_solve,1e-08,27,0.6235469627193825
23,0.1,recommended_solve,1e-08,28,0.6230050318683039
23,0.1,recommended_solve,1e-08,29,0.6220994043244131
23,0.1,recommended_solve,1e-08,30,0.6204952747904953
23,0.1,recommended_solve,1e-08,31,0.6191538219655506
23,0.1,recommended_solve,1e-08,32,0.6172183238592411
23,0.1,recommended_solve,1e-08,33,0.6144394933264422
23,0.1,recommended_solve,1e-08,34,0.6065137117078527
23,0.1,recommended_solve,1e-08,35,0.5953234417523084
23,0.1,recommended_solve,1e-08,36,0.5853000805389809
23,0.1,recommended_solve,1e-08,37,0.5717377079495508
23,0.1,recommended_solve,1e-08,38,0.5586699659443722
23,0.1,recommended_solve,1e-08,39,0.5464230125162586
23,0.1,recommended_solve,1e-08,40,0.5384323896184602
23,0.1,recommended_solve,1e-08,41,0.5333011130717037
23,0.1,recommended_solve,1e-08,42,0.530968516363502
23,0.1,recommended_solve,1e-08,43,0.5294472086241554
23,0.1,recommended_solve,1e-08,44,0.5286372865868018
23,0.1,recommended_solve,1e-08,45,0.5279164981005869
23,0.1,recommended_solve,1e-08,46,0.5273667044015167
23,0.1,recommended_solve,1e-08,47,0.5271201798916952
23,0.1,recommended_solve,1e-08,48,0.5270261651622477
23,0.1,recommended_solve,1e-08,49,0.5268927570818874
23,0.1,recommended_solve,1e-08,50,0.5268219527990534
23,0.1,recommended_solve,1e-08,51,0.526811014093334
23,0.1,recommended_solve,1e-08,52,0.5268104125888565
23,0.1,recommended_solve,1e-08,53,0.5267123157926569
23,0.1,recommended_solve,1e-08,54,0.5267122923279733
23,0.1,recommended_solve,1e-08,55,0.5266991847683168
23,0.1,recommended_solve,1e-08,56,0.5266989664532544
23,0.1,recommended_solve,1e-08,57,0.526698735237794
23,0.1,recommended_solve,1e-08,58,0.5266925226837731
23,0.1,recommended_solve,1e-08,59,0.5266797394658285
23,0.1,recommended_solve,1e-08,60,0.526670271344086
23,0.1,recommended_solve,1e-08,61,0.5266621443839411
23,0.1,recommended_solve,1e-08,62,0.5266503010462208
23,0.1,recommended_solve,1e-08,63,0.5266381473972619
23,0.1,recommended_solve,1e-08,64,0.5266253962109843
23,0.1,recommended_solve,1e-08,65,0.5266216906945629
23,0.1,recommended_solve,1e-08,66,0.526584098108688
23,0.1,recommended_solve,1e-08,67,0.5264056864265614
23,0.1,recommended_solve,1e-08,68,0.5263649211722465
23,0.1,recommended_solve,1e-08,69,0.5263173062874096
23,0.1,recommended_solve,1e-08,70,0.5262251594768232
23,0.1,recommended_solve,1e-08,71,0.5260988743971302
23,0.1,recommended_solve,1e-08,72,0.5257411671368273
23,0.1,recommended_solve,1e-08,73,0.5255758590284982
23,0.1,recommended_solve,1e-08,74,0.5251385590190729
23,0.1,recommended_solve,1e-08,75,0.5249419425237755
23,0.1,recommended_solve,1e-08,76,0.5245933301165658
23,0.1,recommended_solve,1e-08,77,0.5241046710449443
23,0.1,recommended_solve,1e-08,78,0.5221745252943387
23,0.1,recommended_solve,1e-08,79,0.5196545155632953
23,0.1,recommended_solve,1e-08,80,0.5162136315622475
23,0.1,recommended_solve,1e-08,81,0.5124876892952326
23,0.1,recommended_solve,1e-08,82,0.50822339109194
23,0.1,recommended_solve,1e-08,83,0.5054556474815248
23,0.1,recommended_solve,1e-08,84,0.5037920988376782
23,0.1,recommended_solve,1e-08,85,0.501952958687007
23,0.1,recommended_solve,1e-08,86,0.49965593744351683
23,0.1,recommended_solve,1e-08,87,0.49661973200919
23,0.1,recommended_solve,1e-08,88,0.4937512723611269
23,0.1,recommended_solve,1e-08,89,0.49015305388615327
23,0.1,recommended_solve,1e-08,90,0.48491638186001756
23,0.1,recommended_solve,1e-08,91,0.47916367064900367
23,0.1,recommended_solve,1e-08,92,0.4752425422596623
23,0.1,recommended_solve,1e-08,93,0.4735741750355949
23,0.1,recommended_solve,1e-08,94,0.4727692320835823
23,0.1,recommended_solve,1e-08,95,0.4724915755348565
23,0.1,recommended_solve,1e-08,96,0.47229315119684057
23,0.1,recommended_solve,1e-08,97,0.47213751575521845
23,0.1,recommended_solve,1e-08,98,0.47209138566790615
23,0.1,recommended_solve,1e-08,99,0.4720084595449361
23,0.1,recommended_solve,1e-08,100,0.4719685356175838
23,0.1,recommended_solve,1e-08,101,0.4719253761291434
23,0.1,recommended_solve,1e-08,102,0.4719225316410107
23,0.1,recommended_solve,1e-08,103,0.4719145825780248
23,0.1,recommended_solve,1e-08,104,0.47191450174301786
23,0.1,recommended_solve,1e-08,105,0.4718696031517912
23,0.1,recommended_solve,1e-08,106,0.4718689642282916
23,0.1,recommended_solve,1e-08,107,0.4718578025565901
23,0.1,recommended_solve,1e-08,108,0.4718501111541735
23,0.1,recommended_solve,1e-08,109,0.471824117974701
23,0.1,recommended_solve,1e-08,110,0.4717796440199853
23,0.1,recommended_solve,1e-08,111,0.4717554131594706
23,0.1,recommended_solve,1e-08,112,0.4717247397310022
23,0.1,recommended_solve,1e-08,113,0.4716427523951379
23,0.1,recommended_solve,1e-08,114,0.4714435139928559
23,0.1,recommended_solve,1e-08,115,0.471196721323748
23,0.1,recommended_solve,1e-08,116,0.4706018934113279
23,0.1,recommended_solve,1e-08,117,0.46974479098229555
23,0.1,recommended_solve,1e-08,118,0.468918756125707
23,0.1,recommended_solve,1e-08,119,0.46739678773398713
23,0.1,recommended_solve,1e-08,120,0.46349658729470855
23,0.1,recommended_solve,1e-08,121,0.4576492537139649
23,0.1,recommended_solve,1e-08,122,0.4523297056872123
23,0.1,recommended_solve,1e-08,123,0.44820874746855194
23,0.1,recommended_solve,1e-08,124,0.4445019349698488
23,0.1,recommended_solve,1e-08,125,0.44191824399151763
23,0.1,recommended_solve,1e-08,126,0.43986829171519176
23,0.1,recommended_solve,1e-08,127,0.4382660781518715
23,0.1,recommended_solve,1e-08,128,0.4356535143382423
23,0.1,recommended_solve,1e-08,129,0.4342164591383826
23,0.1,recommended_solve,1e-08,130,0.4329907693962316
23,0.1,recommended_solve,1e-08,131,0.43264412164153065
23,0.1,recommended_solve,1e-08,132,0.43219890331444055
23,0.1,recommended_solve,1e-08,133,0.43160088019029674
23,0.1,recommended_solve,1e-08,134,0.4305470222266082
23,0.1,recommended_solve,1e-08,135,0.4299093739057456
23,0.1,recommended_solve,1e-08,136,0.4293552726551537
23,0.1,recommended_solve,1e-08,137,0.42918909251918386
23,0.1,recommended_solve,1e-08,138,0.42913096969600173
23,0.1,recommended_solve,1e-08,139,0.4289709869550372
23,0.1,recommended_solve,1e-08,140,0.4289415993608665
23,0.1,recommended_solve,1e-08,141,0.4288992312478292
23,0.1,recommended_solve,1e-08,142,0.42887932821320757
23,0.1,recommended_solve,1e-08,143,0.4288332011762711
23,0.1,recommended_solve,1e-08,144,0.42879290284943283
23,0.1,recommended_solve,1e-08,145,0.4287700423109289
23,0.1,recommended_solve,1e-08,146,0.4287675930801636
23,0.1,recommended_solve,1e-08,147,0.42876542147503244
23,0.1,recommended_solve,1e-08,148,0.4287563117657196
23,0.1,recommended_solve,1e-08,149,0.4287550992298826
23,0.1,recommended_solve,1e-08,150,0.42875303556141203
23,0.1,recommended_solve,1e-08,151,0.4287522055774476
23,0.1,recommended_solve,1e-08,152,0.4287221923600635
23,0.1,recommended_solve,1e-08,153,0.4287035221774034
23,0.1,recommended_solve,1e-08,154,0.4286968046810147
23,0.1,recommended_solve,1e-08,155,0.42869180881686736
23,0.1,recommended_solve,1e-08,156,0.42869167785820167
23,0.1,recommended_solve,1e-08,157,0.4286687829660741
23,0.1,recommended_solve,1e-08,158,0.42866843898051105
23,0.1,recommended_solve,1e-08,159,0.4286575604924505
23,0.1,recommended_solve,1e-08,160,0.4286456944178482
23,0.1,recommended_solve,1e-08,161,0.4285727394425334
23,0.1,recommended_solve,1e-08,162,0.4285224000216183
23,0.1,recommended_solve,1e-08,163,0.428473035926088
23,0.1,recommended_solve,1e-08,164,0.42834265520200243
23,0.1,recommended_solve,1e-08,165,0.4281703632039309
23,0.1,recommended_solve,1e-08,166,0.42799866050987007
23,0.1,recommended_solve,1e-08,167,0.42764036190754084
23,0.1,recommended_solve,1e-08,168,0.42688657301074395
23,0.1,recommended_solve,1e-08,169,0.4257234005464533
23,0.1,recommended_solve,1e-08,170,0.42339679472012554
23,0.1,recommended_solve,1e-08,171,0.42019232647797533
23,0.1,recommended_solve,1e-08,172,0.41713585858491775
23,0.1,recommended_solve,1e-08,173,0.4145615830058603
23,0.1,recommended_solve,1e-08,174,0.41186449984337337
23,0.1,recommended_solve,1e-08,175,0.4083919067929838
23,0.1,recommended_solve,1e-08,176,0.40508998497883636
23,0.1,recommended_solve,1e-08,177,0.40063481359030284
23,0.1,recommended_solve,1e-08,178,0.3982176504185496
23,0.1,recommended_solve,1e-08,179,0.3969020032315036
23,0.1,recommended_solve,1e-08,180,0.3962274697044445
23,0.1,recommended_solve,1e-08,181,0.3959385557551321
23,0.1,recommended_solve,1e-08,182,0.39577933680448857
23,0.1,recommended_solve,1e-08,183,0.39570301373458566
23,0.1,recommended_solve,1e-08,184,0.3956520898868509
23,0.1,recommended_solve,1e-08,185,0.3956420999370098
23,0.1,recommended_solve,1e-08,186,0.395627613652057
23,0.1,recommended_solve,1e-08,187,0.395626646264955
23,0.1,recommended_solve,1e-08,188,0.39561274065049673
23,0.1,recommended_solve,1e-08,189,0.3956020013803504
23,0.1,recommended_solve,1e-08,190,0.3955771666294757
23,0.1,recommended_solve,1e-08,191,0.3955763408486593
23,0.1,recommended_solve,1e-08,192,0.3955660398510982
23,0.1,recommended_solve,1e-08,193,0.39556537677446896
23,0.1,recommended_solve,1e-08,194,0.3955627155788414
23,0.1,recommended_solve,1e-08,195,0.39555976669453974
23,0.1,recommended_solve,1e-08,196,0.395557285282755
23,0.1,recommended_solve,1e-08,197,0.39555700149257794
23,0.1,recommended_solve,1e-08,198,0.39553926855943017
23,0.1,recommended_solve,1e-08,199,0.3955228224715803
23,0.1,recommended_solve,1e-08,200,0.3955094335164305
23,0.1,recommended_solve,1e-08,201,0.3954954755853686
23,0.1,recommended_solve,1e-08,202,0.39549522990884667
23,0.1,recommended_solve,1e-08,203,0.39547069174883825
23,0.1,recommended_solve,1e-08,204,0.39540682469551086
23,0.1,recommended_solve,1e-08,205,0.39538928317107197
23,0.1,recommended_solve,1e-08,206,0.39536986551598263
23,0.1,recommended_solve,1e-08,207,0.3953569452515051
23,0.1,recommended_solve,1e-08,208,0.395276023072652
23,0.1,recommended_solve,1e-08,209,0.3951763989742329
23,0.1,recommended_solve,1e-08,210,0.39513646664398094
23,0.1,recommended_solve,1e-08,211,0.3949643940517099
23,0.1,recommended_solve,1e-08,212,0.3947547721682944
23,0.1,recommended_solve,1e-08,213,0.39419600642316033
23,0.1,recommended_solve,1e-08,214,0.39373400824330684
23,0.1,recommended_solve,1e-08,215,0.39291309699625626
23,0.1,recommended_solve,1e-08,216,0.39195462913669804
23,0.1,recommended_solve,1e-08,217,0.3903727212386296
23,0.1,recommended_solve,1e-08,218,0.38935128811569436
23,0.1,recommended_solve,1e-08,219,0.3874360950788626
23,0.1,recommended_solve,1e-08,220,0.38545741253328303
23,0.1,recommended_solve,1e-08,221,0.38332606267568065
23,0.1,recommended_solve,1e-08,222,0.38062478332514416
23,0.1,recommended_solve,1e-08,223,0.37710375213234953
23,0.1,recommended_solve,1e-08,224,0.37365637525982953
23,0.1,recommended_solve,1e-08,225,0.3712279930520712
23,0.1,recommended_solve,1e-08,226,0.37017023960300166
23,0.1,recommended_solve,1e-08,227,0.36913758720678486
23,0.1,recommended_solve,1e-08,228,0.3686383304611497
23,0.1,recommended_solve,1e-08,229,0.3682572611636491
23,0.1,recommended_solve,1e-08,230,0.3680301058796011
23,0.1,recommended_solve,1e-08,231,0.3678979263204171
23,0.1,recommended_solve,1e-08,232,0.367717984729861
23,0.1,recommended_solve,1e-08,233,0.3676637574365977
23,0.1,recommended_solve,1e-08,234,0.3675700671949104
23,0.1,recommended_solve,1e-08,235,0.36752907460485007
23,0.1,recommended_solve,1e-08,236,0.36751954716232627
23,0.1,recommended_solve,1e-08,237,0.3674751505372068
23,0.1,recommended_solve,1e-08,238,0.3674694233546856
23,0.1,recommended_solve,1e-08,239,0.3674479892855099
23,0.1,recommended_solve,1e-08,240,0.3674478866012406
23,0.1,recommended_solve,1e-08,241,0.3674472612186989
23,0.1,recommended_solve,1e-08,242,0.36744457364974636
23,0.1,recommended_solve,1e-08,243,0.36743245055535534
23,0.1,recommended_solve,1e-08,244,0.36742783823154934
23,0.1,recommended_solve,1e-08,245,0.36742560650666495
23,0.1,recommended_solve,1e-08,246,0.3674222577403869
23,0.1,recommended_solve,1e-08,247,0.3674172198569995
23,0.1,recommended_solve,1e-08,248,0.367374091212524
23,0.1,recommended_solve,1e-08,249,0.3673386553876698
23,0.1,recommended_solve,1e-08,250,0.36729629042112033
23,0.1,recommended_solve,1e-08,251,0.3672094169391111
23,0.1,recommended_solve,1e-08,252,0.3670649995947472
23,0.1,recommended_solve,1e-08,253,0.3666433305082156
23,0.1,recommended_solve,1e-08,254,0.366131621349787
23,0.1,recommended_solve,1e-08,255,0.36479061447861993
23,0.1,recommended_solve,1e-08,256,0.3633889992059275
23,0.1,recommended_solve,1e-08,257,0.36078398683199747
23,0.1,recommended_solve,1e-08,258,0.358187890738696
23,0.1,recommended_solve,1e-08,259,0.3552892299356474
23,0.1,recommended_solve,1e-08,260,0.35197167089300263
23,0.1,recommended_solve,1e-08,261,0.34955905313601887
23,0.1,recommended_solve,1e-08,262,0.34811646946676295
23,0.1,recommended_solve,1e-08,263,0.34667397611145445
23,0.1,recommended_solve,1e-08,264,0.3459323502339923
23,0.1,recommended_solve,1e-08,265,0.3445997786466417
23,0.1,recommended_solve,1e-08,266,0.34390494718844783
23,0.1,recommended_solve,1e-08,267,0.3436734106185313
23,0.1,recommended_solve,1e-08,268,0.34358191698335094
23,0.1,recommended_solve,1e-08,269,0.3435035726231695
23,0.1,recommended_solve,1e-08,270,0.3434205423630667
23,0.1,recommended_solve,1e-08,271,0.3433833162213228
23,0.1,recommended_solve,1e-08,272,0.3433587323780671
23,0.1,recommended_solve,1e-08,273,0.3433579400409824
23,0.1,recommended_solve,1e-08,274,0.3433476581954779
23,0.1,recommended_solve,1e-08,275,0.34334757035259456
23,0.1,recommended_solve,1e-08,276,0.34333988589533593
23,0.1,recommended_solve,1e-08,277,0.34333780335628367
23,0.1,recommended_solve,1e-08,278,0.34333289444933707
23,0.1,recommended_solve,1e-08,279,0.34333252790163626
23,0.1,recommended_solve,1e-08,280,0.3433228418428281
23,0.1,recommended_solve,1e-08,281,0.34332032974298726
23,0.1,recommended_solve,1e-08,282,0.34329304755924805
23,0.1,recommended_solve,1e-08,283,0.3432743795792842
23,0.1,recommended_solve,1e-08,284,0.34325230640569393
23,0.1,recommended_solve,1e-08,285,0.3431686400904076
23,0.1,recommended_solve,1e-08,286,0.34290402092329175
23,0.1,recommended_solve,1e-08,287,0.34216985930929705
23,0.1,recommended_solve,1e-08,288,0.34100649545430695
23,0.1,recommended_solve,1e-08,289,0.3390455619375605
23,0.1,recommended_solve,1e-08,290,0.3362824524078545
23,0.1,recommended_solve,1e-08,291,0.3332132508621298
23,0.1,recommended_solve,1e-08,292,0.3314302353274801
23,0.1,recommended_solve,1e-08,293,0.3299542505648201
23,0.1,recommended_solve,1e-08,294,0.3289960385429004
23,0.1,recommended_solve,1e-08,295,0.3280774082828999
23,0.1,recommended_solve,1e-08,296,0.32747992413799715
23,0.1,recommended_solve,1e-08,297,0.3271144029955426
23,0.1,recommended_solve,1e-08,298,0.3263731975230799
23,0.1,recommended_solve,1e-08,299,0.3258724592033717
23,0.1,recommended_solve,1e-08,300,0.3256805621558455
23,0.1,recommended_solve,1e-06,0,1.0
23,0.1,recommended_solve,1e-06,1,0.6286603360960007
23,0.1,recommended_solve,1e-06,2,0.6286063192903794
23,0.1,recommended_solve,1e-06,3,0.6257010027821762
23,0.1,recommended_solve,1e-06,4,0.6250682160895752
23,0.1,recommended_solve,1e-06,5,0.6245711667149559
23,0.1,recommended_solve,1e-06,6,0.6238431134459591
23,0.1,recommended_solve,1e-06,7,0.6233786427067388
23,0.1,recommended_solve,1e-06,8,0.6226082268175638
23,0.1,recommended_solve,1e-06,9,0.6206651261919933
23,0.1,recommended_solve,1e-06,10,0.6186099352257254
23,0.1,recommended_solve,1e-06,11,0.6155057315074257
23,0.1,recommended_solve,1e-06,12,0.6111122635006112
23,0.1,recommended_solve,1e-06,13,0.6016600275725915
23,0.1,recommended_solve,1e-06,14,0.5942735611092801
23,0.1,recommended_solve,1e-06,15,0.5818106919522037
23,0.1,recommended_solve,1e-06,16,0.5667755748877265
23,0.1,recommended_solve,1e-06,17,0.5547255567076763
23,0.1,recommended_solve,1e-06,18,0.5475487875313799
23,0.1,recommended_solve,1e-06,19,0.5386328259899847
23,0.1,recommended_solve,1e-06,20,0.5345904632347469
23,0.1,recommended_solve,1e-06,21,0.5307301903981021
23,0.1,recommended_solve,1e-06,22,0.5289912982265268
23,0.1,recommended_solve,1e-06,23,0.5272880131103893
23,0.1,recommended_solve,1e-06,24,0.5267041445406594
23,0.1,recommended_solve,1e-06,25,0.5252729258347387
23,0.1,recommended_solve,1e-06,26,0.5244299922471456
23,0.1,recommended_solve,1e-06,27,0.5229589694430775
23,0.1,recommended_solve,1e-06,28,0.5224317402595801
23,0.1,recommended_solve,1e-06,29,0.521566946692135
23,0.1,recommended_solve,1e-06,30,0.520704443071423
23,0.1,recommended_solve,1e-06,31,0.5202002795193379
23,0.1,recommended_solve,1e-06,32,0.5193284997328963
23,0.1,recommended_solve,1e-06,33,0.5182760376688148
23,0.1,recommended_solve,1e-06,34,0.5162972404038351
23,0.1,recommended_solve,1e-06,35,0.5151544617893546
23,0.1,recommended_solve,1e-06,36,0.513700309960273
23,0.1,recommended_solve,1e-06,37,0.5114815287799713
23,0.1,recommended_solve,1e-06,38,0.5082145887221599
23,0.1,recommended_solve,1e-06,39,0.5042641849169563
23,0.1,recommended_solve,1e-06,40,0.4997157821928203
23,0.1,recommended_solve,1e-06,41,0.49424590630369436
23,0.1,recommended_solve,1e-06,42,0.48934711724793145
23,0.1,recommended_solve,1e-06,43,0.4830856124466755
23,0.1,recommended_solve,1e-06,44,0.4769751128798924
23,0.1,recommended_solve,1e-06,45,0.47194033628168963
23,0.1,recommended_solve,1e-06,46,0.4699692825185387
23,0.1,recommended_solve,1e-06,47,0.46782908451800975
23,0.1,recommended_solve,1e-06,48,0.4668154207600304
23,0.1,recommended_solve,1e-06,49,0.46608309632396056
23,0.1,recommended_solve,1e-06,50,0.46553292824600695
23,0.1,recommended_solve,1e-06,51,0.4651374302909469
23,0.1,recommended_solve,1e-06,52,0.4649597768088093
23,0.1,recommended_solve,1e-06,53,0.4643707595681564
23,0.1,recommended_solve,1e-06,54,0.4642070547563805
23,0.1,recommended_solve,1e-06,55,0.46382878703558966
23,0.1,recommended_solve,1e-06,56,0.4635845500293055
23,0.1,recommended_solve,1e-06,57,0.4625804687277663
23,0.1,recommended_solve,1e-06,58,0.46065418876268605
23,0.1,recommended_solve,1e-06,59,0.4571428856884681
23,0.1,recommended_solve,1e-06,60,0.4532163144011037
23,0.1,recommended_solve,1e-06,61,0.4484046399393539
23,0.1,recommended_solve,1e-06,62,0.4431357696752056
23,0.1,recommended_solve,1e-06,63,0.43632375913560195
23,0.1,recommended_solve,1e-06,64,0.4327522785625308
23,0.1,recommended_solve,1e-06,65,0.4294696098056422
23,0.1,recommended_solve,1e-06,66,0.4274072822265005
23,0.1,recommended_solve,1e-06,67,0.42566747270942795
23,0.1,recommended_solve,1e-06,68,0.4246874942587372
23,0.1,recommended_solve,1e-06,69,0.42346206413590814
23,0.1,recommended_solve,1e-06,70,0.4225498772074092
23,0.1,recommended_solve,1e-06,71,0.4216201479672859
23,0.1,recommended_solve,1e-06,72,0.42102725543311986
23,0.1,recommended_solve,1e-06,73,0.4205393540017494
23,0.1,recommended_solve,1e-06,74,0.4202771172280382
23,0.1,recommended_solve,1e-06,75,0.42006830185361266
23,0.1,recommended_solve,1e-06,76,0.4198786725749498
23,0.1,recommended_solve,1e-06,77,0.4194469731998585
23,0.1,recommended_solve,1e-06,78,0.4191260326973441
23,0.1,recommended_solve,1e-06,79,0.41875336636088106
23,0.1,recommended_solve,1e-06,80,0.41823558421103213
23,0.1,recommended_solve,1e-06,81,0.4166374340933186
23,0.1,recommended_solve,1e-06,82,0.4142852221416549
23,0.1,recommended_solve,1e-06,83,0.4108767529674228
23,0.1,recommended_solve,1e-06,84,0.4051911934811207
23,0.1,recommended_solve,1e-06,85,0.400367559083894
23,0.1,recommended_solve,1e-06,86,0.39660585288903755
23,0.1,recommended_solve,1e-06,87,0.3941749319081821
23,0.1,recommended_solve,1e-06,88,0.39310499214455275
23,0.1,recommended_solve,1e-06,89,0.39219330783027123
23,0.1,recommended_solve,1e-06,90,0.3912655250440797
23,0.1,recommended_solve,1e-06,91,0.39051594955469887
23,0.1,recommended_solve,1e-06,92,0.38995621705843087
23,0.1,recommended_solve,1e-06,93,0.3894120471759739
23,0.1,recommended_solve,1e-06,94,0.3884447245705733
23,0.1,recommended_solve,1e-06,95,0.3875193327225544
23,0.1,recommended_solve,1e-06,96,0.386869905453495
23,0.1,recommended_solve,1e-06,97,0.3863862036901989
23,0.1,recommended_solve,1e-06,98,0.3860233361260386
23,0.1,recommended_solve,1e-06,99,0.38585603331540524
23,0.1,recommended_solve,1e-06,100,0.3856875813487147
23,0.1,recommended_solve,1e-06,101,0.3854929500055755
23,0.1,recommended_solve,1e-06,102,0.3851706098365064
23,0.1,recommended_solve,1e-06,103,0.3843939784860855
23,0.1,recommended_solve,1e-06,104,0.38354227891763665
23,0.1,recommended_solve,1e-06,105,0.3826134506223725
23,0.1,recommended_solve,1e-06,106,0.3814428566351467
23,0.1,recommended_solve,1e-06,107,0.37918020409590963
23,0.1,recommended_solve,1e-06,108,0.3758238604487334
23,0.1,recommended_solve,1e-06,109,0.3726747310432266
23,0.1,recommended_solve,1e-06,110,0.3704316280479999
23,0.1,recommended_solve,1e-06,111,0.36762137395045946
23,0.1,recommended_solve,1e-06,112,0.3657863099223749
23,0.1,recommended_solve,1e-06,113,0.36464787962512907
23,0.1,recommended_solve,1e-06,114,0.3639841285488752
23,0.1,recommended_solve,1e-06,115,0.3634938457116923
23,0.1,recommended_solve,1e-06,116,0.3629187928046309
23,0.1,recommended_solve,1e-06,117,0.36226703301034496
23,0.1,recommended_solve,1e-06,118,0.360470771779911
23,0.1,recommended_solve,1e-06,119,0.35902488001212784
23,0.1,recommended_solve,1e-06,120,0.35824984721277464
23,0.1,recommended_solve,1e-06,121,0.357809530894309
23,0.1,recommended_solve,1e-06,122,0.35750898206601234
23,0.1,recommended_solve,1e-06,123,0.35713502150771836
23,0.1,recommended_solve,1e-06,124,0.3568394899243283
23,0.1,recommended_solve,1e-06,125,0.3566192636842204
23,0.1,recommended_solve,1e-06,126,0.35652118678034356
23,0.1,recommended_solve,1e-06,127,0.3562806432637828
23,0.1,recommended_solve,1e-06,128,0.35608648571049023
23,0.1,recommended_solve,1e-06,129,0.35571878068607693
23,0.1,recommended_solve,1e-06,130,0.3552781510838251
23,0.1,recommended_solve,1e-06,131,0.35448515536531844
23,0.1,recommended_solve,1e-06,132,0.35369612813098583
23,0.1,recommended_solve,1e-06,133,0.352521254952541
23,0.1,recommended_solve,1e-06,134,0.35113980640042597
23,0.1,recommended_solve,1e-06,135,0.3492071311711123
23,0.1,recommended_solve,1e-06,136,0.34533485716096307
23,0.1,recommended_solve,1e-06,137,0.3398414696794258
23,0.1,recommended_solve,1e-06,138,0.33759470193635865
23,0.1,recommended_solve,1e-06,139,0.3361088753039489
23,0.1,recommended_solve,1e-06,140,0.33530061735145017
23,0.1,recommended_solve,1e-06,141,0.33465114297298026
23,0.1,recommended_solve,1e-06,142,0.3340117042585843
23,0.1,recommended_solve,1e-06,143,0.3334895740762077
23,0.1,recommended_solve,1e-06,144,0.3333058074585296
23,0.1,recommended_solve,1e-06,145,0.33304518452954945
23,0.1,recommended_solve,1e-06,146,0.3328568342328139
23,0.1,recommended_solve,1e-06,147,0.3327894634960661
23,0.1,recommended_solve,1e-06,148,0.3327228162808827
23,0.1,recommended_solve,1e-06,149,0.3326001068769687
23,0.1,recommended_solve,1e-06,150,0.33239616537482364
23,0.1,recommended_solve,1e-06,151,0.33187428591221146
23,0.1,recommended_solve,1e-06,152,0.33116097191894395
23,0.1,recommended_solve,1e-06,153,0.3292028617303919
23,0.1,recommended_solve,1e-06,154,0.3266303893044686
23,0.1,recommended_solve,1e-06,155,0.32471455964508855
23,0.1,recommended_solve,1e-06,156,0.3236945787341511
23,0.1,recommended_solve,1e-06,157,0.3220766747488889
23,0.1,recommended_solve,1e-06,158,0.32096281245451463
23,0.1,recommended_solve,1e-06,159,0.3198960849689741
23,0.1,recommended_solve,1e-06,160,0.3191716460142839
23,0.1,recommended_solve,1e-06,161,0.3183836086004751
23,0.1,recommended_solve,1e-06,162,0.31786349527181684
23,0.1,recommended_solve,1e-06,163,0.3175390425290391
23,0.1,recommended_solve,1e-06,164,0.31737267652321755
23,0.1,recommended_solve,1e-06,165,0.3172375554888607
23,0.1,recommended_solve,1e-06,166,0.3171314869020203
23,0.1,recommended_solve,1e-06,167,0.31696174159489937
23,0.1,recommended_solve,1e-06,168,0.31687157938827043
23,0.1,recommended_solve,1e-06,169,0.31676108327656227
23,0.1,recommended_solve,1e-06,170,0.3166311155267952
23,0.1,recommended_solve,1e-06,171,0.31634772627899
23,0.1,recommended_solve,1e-06,172,0.31604303486901797
23,0.1,recommended_solve,1e-06,173,0.3156329145618106
23,0.1,recommended_solve,1e-06,174,0.31510055076941934
23,0.1,recommended_solve,1e-06,175,0.31473545069976705
23,0.1,recommended_solve,1e-06,176,0.3143190470702792
23,0.1,recommended_solve,1e-06,177,0.3137907036190754
23,0.1,recommended_solve,1e-06,178,0.3129062928974866
23,0.1,recommended_solve,1e-06,179,0.31188428913934135
23,0.1,recommended_solve,1e-06,180,0.31101395786688335
23,0.1,recommended_solve,1e-06,181,0.3102576428754403
23,0.1,recommended_solve,1e-06,182,0.3098568152210828
23,0.1,recommended_solve,1e-06,183,0.30941965213235517
23,0.1,recommended_solve,1e-06,184,0.3087660227253116
23,0.1,recommended_solve,1e-06,185,0.3076204452595992
23,0.1,recommended_solve,1e-06,186,0.30646874357991755
23,0.1,recommended_solve,1e-06,187,0.30585847792711285
23,0.1,recommended_solve,1e-06,188,0.30539874181647936
23,0.1,recommended_solve,1e-06,189,0.30512701097108347
23,0.1,recommended_solve,1e-06,190,0.3046781421133208
23,0.1,recommended_solve,1e-06,191,0.30448511940564277
23,0.1,recommended_solve,1e-06,192,0.30433493275526224
23,0.1,recommended_solve,1e-06,193,0.30423648426156524
23,0.1,recommended_solve,1e-06,194,0.3039220255425487
23,0.1,recommended_solve,1e-06,195,0.30367067554183186
23,0.1,recommended_solve,1e-06,196,0.3035154774366609
23,0.1,recommended_solve,1e-06,197,0.30342115821729704
23,0.1,recommended_solve,1e-06,198,0.3032748828102573
23,0.1,recommended_solve,1e-06,199,0.30317220656365124
23,0.1,recommended_solve,1e-06,200,0.30308527630044424
23,0.1,recommended_solve,1e-06,201,0.3028993169843428
23,0.1,recommended_solve,1e-06,202,0.30258796419365913
23,0.1,recommended_solve,1e-06,203,0.30217150242301805
23,0.1,recommended_solve,1e-06,204,0.30164336972955347
23,0.1,recommended_solve,1e-06,205,0.3011385282997374
23,0.1,recommended_solve,1e-06,206,0.3007247316197558
23,0.1,recommended_solve,1e-06,207,0.30039880876549047
23,0.1,recommended_solve,1e-06,208,0.30002802998208516
23,0.1,recommended_solve,1e-06,209,0.2995733589137538
23,0.1,recommended_solve,1e-06,210,0.2988080249100065
23,0.1,recommended_solve,1e-06,211,0.29761461204844897
23,0.1,recommended_solve,1e-06,212,0.29632697079827935
23,0.1,recommended_solve,1e-06,213,0.2954862086289608
23,0.1,recommended_solve,1e-06,214,0.294769936079877
23,0.1,recommended_solve,1e-06,215,0.29419076028747104
23,0.1,recommended_solve,1e-06,216,0.2937336263258191
23,0.1,recommended_solve,1e-06,217,0.2935661929327387
23,0.1,recommended_solve,1e-06,218,0.29333690784307576
23,0.1,recommended_solve,1e-06,219,0.2932431341283501
23,0.1,recommended_solve,1e-06,220,0.2930882264556031
23,0.1,recommended_solve,1e-06,221,0.29293315734098463
23,0.1,recommended_solve,1e-06,222,0.2927330733333578
23,0.1,recommended_solve,1e-06,223,0.2925889786945228
23,0.1,recommended_solve,1e-06,224,0.2924928361791238
23,0.1,recommended_solve,1e-06,225,0.2924138980210539
23,0.1,recommended_solve,1e-06,226,0.29237476494515946
23,0.1,recommended_solve,1e-06,227,0.29232289545070367
23,0.1,recommended_solve,1e-06,228,0.2922065760979374
23,0.1,recommended_solve,1e-06,229,0.29204815969224873
23,0.1,recommended_solve,1e-06,230,0.29181739063237455
23,0.1,recommended_solve,1e-06,231,0.2913834956028857
23,0.1,recommended_solve,1e-06,232,0.29086210928074324
23,0.1,recommended_solve,1e-06,233,0.290232827249916
23,0.1,recommended_solve,1e-06,234,0.28956526293594703
23,0.1,recommended_solve,1e-06,235,0.2886336066998591
23,0.1,recommended_solve,1e-06,236,0.2877463315174605
23,0.1,recommended_solve,1e-06,237,0.28704530574892745
23,0.1,recommended_solve,1e-06,238,0.2865814617155142
23,0.1,recommended_solve,1e-06,239,0.28626285398998935
23,0.1,recommended_solve,1e-06,240,0.2860051079997578
23,0.1,recommended_solve,1e-06,241,0.28579689765852173
23,0.1,recommended_solve,1e-06,242,0.28571180557100434
23,0.1,recommended_solve,1e-06,243,0.2855836690399962
23,0.1,recommended_solve,1e-06,244,0.28550785604005813
23,0.1,recommended_solve,1e-06,245,0.2854315242143793
23,0.1,recommended_solve,1e-06,246,0.28536521637380025
23,0.1,recommended_solve,1e-06,247,0.2852975802269465
23,0.1,recommended_solve,1e-06,248,0.2852673434266739
23,0.1,recommended_solve,1e-06,249,0.28520175450319474
23,0.1,recommended_solve,1e-06,250,0.28513001138884525
23,0.1,recommended_solve,1e-06,251,0.28504336823817406
23,0.1,recommended_solve,1e-06,252,0.284996915167175
23,0.1,recommended_solve,1e-06,253,0.2849176643724157
23,0.1,recommended_solve,1e-06,254,0.28480814168115354
23,0.1,recommended_solve,1e-06,255,0.28451445480185183
23,0.1,recommended_solve,1e-06,256,0.28428894497933266
23,0.1,recommended_solve,1e-06,257,0.28379502227266173
23,0.1,recommended_solve,1e-06,258,0.2831195334308895
23,0.1,recommended_solve,1e-06,259,0.28258952453991115
23,0.1,recommended_solve,1e-06,260,0.2820925644857346
23,0.1,recommended_solve,1e-06,261,0.281812092557569
23,0.1,recommended_solve,1e-06,262,0.28155416823553414
23,0.1,recommended_solve,1e-06,263,0.28130933615750864
23,0.1,recommended_solve,1e-06,264,0.28100758431658734
23,0.1,recommended_solve,1e-06,265,0.28074978955349034
23,0.1,recommended_solve,1e-06,266,0.28055797931915577
23,0.1,recommended_solve,1e-06,267,0.28046385275724733
23,0.1,recommended_solve,1e-06,268,0.2803989486078465
23,0.1,recommended_solve,1e-06,269,0.2803249042917307
23,0.1,recommended_solve,1e-06,270,0.28027825317773497
23,0.1,recommended_solve,1e-06,271,0.2802310587027143
23,0.1,recommended_solve,1e-06,272,0.28020446304519603
23,0.1,recommended_solve,1e-06,273,0.28019938464943966
23,0.1,recommended_solve,1e-06,274,0.2801673678307095
23,0.1,recommended_solve,1e-06,275,0.2801080965862045
23,0.1,recommended_solve,1e-06,276,0.27999108630240765
23,0.1,recommended_solve,1e-06,277,0.2798647047256151
23,0.1,recommended_solve,1e-06,278,0.27979044051845203
23,0.1,recommended_solve,1e-06,279,0.27965642528501544
23,0.1,recommended_solve,1e-06,280,0.2794080174511635
23,0.1,recommended_solve,1e-06,281,0.2792692747729282
23,0.1,recommended_solve,1e-06,282,0.2791818233369815
23,0.1,recommended_solve,1e-06,283,0.27908605445511125
23,0.1,recommended_solve,1e-06,284,0.2789610800198602
23,0.1,recommended_solve,1e-06,285,0.2788636737858215
23,0.1,recommended_solve,1e-06,286,0.2786790480934316
23,0.1,recommended_solve,1e-06,287,0.2785235366313939
23,0.1,recommended_solve,1e-06,288,0.2783114480718326
23,0.1,recommended_solve,1e-06,289,0.27808573088757965
23,0.1,recommended_solve,1e-06,290,0.27775864689170493
23,0.1,recommended_solve,1e-06,291,0.2775132063786241
23,0.1,recommended_solve,1e-06,292,0.27739980835812056
23,0.1,recommended_solve,1e-06,293,0.27736349372384644
23,0.1,recommended_solve,1e-06,294,0.27734168706257545
23,0.1,recommended_solve,1e-06,295,0.2773152321080341
23,0.1,recommended_solve,1e-06,296,0.27727998619949873
23,0.1,recommended_solve,1e-06,297,0.2772686152164106
23,0.1,recommended_solve,1e-06,298,0.2772673651819022
23,0.1,recommended_solve,1e-06,299,0.2772597007258749
23,0.1,recommended_solve,1e-06,300,0.27723184674006474
23,0.1,recommended_solve,1e-05,0,1.0
23,0.1,recommended_solve,1e-05,1,0.6285645576191253
23,0.1,recommended_solve,1e-05,2,0.6284885033041101
23,0.1,recommended_solve,1e-05,3,0.6233235832651359
23,0.1,recommended_solve,1e-05,4,0.6191533443144269
23,0.1,recommended_solve,1e-05,5,0.6119724978878968
23,0.1,recommended_solve,1e-05,6,0.5997979902001384
23,0.1,recommended_solve,1e-05,7,0.5838562326349472
23,0.1,recommended_solve,1e-05,8,0.5633968928007853
23,0.1,recommended_solve,1e-05,9,0.546442529294753
23,0.1,recommended_solve,1e-05,10,0.5362371208463425
23,0.1,recommended_solve,1e-05,11,0.5280963592021726
23,0.1,recommended_solve,1e-05,12,0.5227479284722247
23,0.1,recommended_solve,1e-05,13,0.5177318544759402
23,0.1,recommended_solve,1e-05,14,0.5151204621728063
23,0.1,recommended_solve,1e-05,15,0.5108007220903122
23,0.1,recommended_solve,1e-05,16,0.5067454902349656
23,0.1,recommended_solve,1e-05,17,0.5023355817690693
23,0.1,recommended_solve,1e-05,18,0.49813888271815865
23,0.1,recommended_solve,1e-05,19,0.4908683076792212
23,0.1,recommended_solve,1e-05,20,0.4856478035670575
23,0.1,recommended_solve,1e-05,21,0.47653254156468533
23,0.1,recommended_solve,1e-05,22,0.4707084304305098
23,0.1,recommended_solve,1e-05,23,0.4640041136974717
23,0.1,recommended_solve,1e-05,24,0.45939908648643807
23,0.1,recommended_solve,1e-05,25,0.45428821179753887
23,0.1,recommended_solve,1e-05,26,0.45132678984143787
23,0.1,recommended_solve,1e-05,27,0.44836387663095867
23,0.1,recommended_solve,1e-05,28,0.44685344418713907
23,0.1,recommended_solve,1e-05,29,0.44376482150120705
23,0.1,recommended_solve,1e-05,30,0.440468418900728
23,0.1,recommended_solve,1e-05,31,0.4358593885117426
23,0.1,recommended_solve,1e-05,32,0.43077161515192713
23,0.1,recommended_solve,1e-05,33,0.42470567902908535
23,0.1,recommended_solve,1e-05,34,0.419939454523295
23,0.1,recommended_solve,1e-05,35,0.41699559890353766
23,0.1,recommended_solve,1e-05,36,0.4118581231712037
23,0.1,recommended_solve,1e-05,37,0.40676055600521316
23,0.1,recommended_solve,1e-05,38,0.4045353021008772
23,0.1,recommended_solve,1e-05,39,0.40204024988425346
23,0.1,recommended_solve,1e-05,40,0.4003331995503865
23,0.1,recommended_solve,1e-05,41,0.39815400133717077
23,0.1,recommended_solve,1e-05,42,0.39603592681422883
23,0.1,recommended_solve,1e-05,43,0.3934028488467452
23,0.1,recommended_solve,1e-05,44,0.38962511020169055
23,0.1,recommended_solve,1e-05,45,0.3866891903582422
23,0.1,recommended_solve,1e-05,46,0.3833725571195327
23,0.1,recommended_solve,1e-05,47,0.37962340769367425
23,0.1,recommended_solve,1e-05,48,0.3762172379159886
23,0.1,recommended_solve,1e-05,49,0.3736585001603292
23,0.1,recommended_solve,1e-05,50,0.3710566105772804
23,0.1,recommended_solve,1e-05,51,0.369282535247628
23,0.1,recommended_solve,1e-05,52,0.36722190047360687
23,0.1,recommended_solve,1e-05,53,0.36525597570452795
23,0.1,recommended_solve,1e-05,54,0.36296112380900336
23,0.1,recommended_solve,1e-05,55,0.3605276421526256
23,0.1,recommended_solve,1e-05,56,0.3575139373972673
23,0.1,recommended_solve,1e-05,57,0.35557386078617287
23,0.1,recommended_solve,1e-05,58,0.3534972242358478
23,0.1,recommended_solve,1e-05,59,0.35189074001220394
23,0.1,recommended_solve,1e-05,60,0.34967431565043433
23,0.1,recommended_solve,1e-05,61,0.3477157469528713
23,0.1,recommended_solve,1e-05,62,0.34515339029162395
23,0.1,recommended_solve,1e-05,63,0.34384692960180024
23,0.1,recommended_solve,1e-05,64,0.3416431285716876
23,0.1,recommended_solve,1e-05,65,0.339725080175632
23,0.1,recommended_solve,1e-05,66,0.33703760719401954
23,0.1,recommended_solve,1e-05,67,0.3352705255521293
23,0.1,recommended_solve,1e-05,68,0.33232476319134
23,0.1,recommended_solve,1e-05,69,0.33072322615496713
23,0.1,recommended_solve,1e-05,70,0.3286878228636124
23,0.1,recommended_solve,1e-05,71,0.3269607541233106
23,0.1,recommended_solve,1e-05,72,0.3255512877328311
23,0.1,recommended_solve,1e-05,73,0.3244237277522027
23,0.1,recommended_solve,1e-05,74,0.32348664287870404
23,0.1,recommended_solve,1e-05,75,0.32223668310728004
23,0.1,recommended_solve,1e-05,76,0.3207835283586571
23,0.1,recommended_solve,1e-05,77,0.31916916749186025
23,0.1,recommended_solve,1e-05,78,0.31676700342085873
23,0.1,recommended_solve,1e-05,79,0.31464622547814286
23,0.1,recommended_solve,1e-05,80,0.31262799641730876
23,0.1,recommended_solve,1e-05,81,0.31184836709237085
23,0.1,recommended_solve,1e-05,82,0.31084924479623266
23,0.1,recommended_solve,1e-05,83,0.3101667885444292
23,0.1,recommended_solve,1e-05,84,0.30928158800966327
23,0.1,recommended_solve,1e-05,85,0.30875238813850137
23,0.1,recommended_solve,1e-05,86,0.30775165261250986
23,0.1,recommended_solve,1e-05,87,0.30692437602161493
23,0.1,recommended_solve,1e-05,88,0.3054286336036122
23,0.1,recommended_solve,1e-05,89,0.30411562928242897
23,0.1,recommended_solve,1e-05,90,0.30235433043241133
23,0.1,recommended_solve,1e-05,91,0.3005029822189865
23,0.1,recommended_solve,1e-05,92,0.2990753191212799
23,0.1,recommended_solve,1e-05,93,0.29836788864628155
23,0.1,recommended_solve,1e-05,94,0.29777929497596156
23,0.1,recommended_solve,1e-05,95,0.29720893784040076
23,0.1,recommended_solve,1e-05,96,0.2963023701584554
23,0.1,recommended_solve,1e-05,97,0.29534555678536406
23,0.1,recommended_solve,1e-05,98,0.29463513597293783
23,0.1,recommended_solve,1e-05,99,0.29385612146358764
23,0.1,recommended_solve,1e-05,100,0.2931260375035163
23,0.1,recommended_solve,1e-05,101,0.2923315984246825
23,0.1,recommended_solve,1e-05,102,0.29152836264883797
23,0.1,recommended_solve,1e-05,103,0.2908227967626058
23,0.1,recommended_solve,1e-05,104,0.290295977071094
23,0.1,recommended_solve,1e-05,105,0.2895055338988126
23,0.1,recommended_solve,1e-05,106,0.2886075940842445
23,0.1,recommended_solve,1e-05,107,0.28732894683449184
23,0.1,recommended_solve,1e-05,108,0.2861560095548202
23,0.1,recommended_solve,1e-05,109,0.28519364339147735
23,0.1,recommended_solve,1e-05,110,0.284832714019353
23,0.1,recommended_solve,1e-05,111,0.28457978393117195
23,0.1,recommended_solve,1e-05,112,0.2843255819643342
23,0.1,recommended_solve,1e-05,113,0.28388715392729935
23,0.1,recommended_solve,1e-05,114,0.28352019875137674
23,0.1,recommended_solve,1e-05,115,0.2828024765444754
23,0.1,recommended_solve,1e-05,116,0.2822609630008608
23,0.1,recommended_solve,1e-05,117,0.28145212494668737
23,0.1,recommended_solve,1e-05,118,0.28111163577703774
23,0.1,recommended_solve,1e-05,119,0.2804878452123241
23,0.1,recommended_solve,1e-05,120,0.28007440624870333
23,0.1,recommended_solve,1e-05,121,0.27980861892276093
23,0.1,recommended_solve,1e-05,122,0.27963097261674413
23,0.1,recommended_solve,1e-05,123,0.27935205743834424
23,0.1,recommended_solve,1e-05,124,0.2791079262638171
23,0.1,recommended_solve,1e-05,125,0.2790047655217884
23,0.1,recommended_solve,1e-05,126,0.27888193856631477
23,0.1,recommended_solve,1e-05,127,0.2785786346955958
23,0.1,recommended_solve,1e-05,128,0.27805588217814603
23,0.1,recommended_solve,1e-05,129,0.2774397999372179
23,0.1,recommended_solve,1e-05,130,0.2771747684900679
23,0.1,recommended_solve,1e-05,131,0.2769767605765791
23,0.1,recommended_solve,1e-05,132,0.2768452095032406
23,0.1,recommended_solve,1e-05,133,0.27678364826736246
23,0.1,recommended_solve,1e-05,134,0.27670961935614496
23,0.1,recommended_solve,1e-05,135,0.27663814839217393
23,0.1,recommended_solve,1e-05,136,0.27648257255277536
23,0.1,recommended_solve,1e-05,137,0.2762034967654361
23,0.1,recommended_solve,1e-05,138,0.27599010992430967
23,0.1,recommended_solve,1e-05,139,0.27589943658117755
23,0.1,recommended_solve,1e-05,140,0.2757799561738236
23,0.1,recommended_solve,1e-05,141,0.27568851718510207
23,0.1,recommended_solve,1e-05,142,0.27553093754477964
23,0.1,recommended_solve,1e-05,143,0.2754819672301539
23,0.1,recommended_solve,1e-05,144,0.2754275599754549
23,0.1,recommended_solve,1e-05,145,0.27537947426032294
23,0.1,recommended_solve,1e-05,146,0.2753019541477268
23,0.1,recommended_solve,1e-05,147,0.2752848541285322
23,0.1,recommended_solve,1e-05,148,0.2752241366556366
23,0.1,recommended_solve,1e-05,149,0.2751605620872844
23,0.1,recommended_solve,1e-05,150,0.2750598193532314
23,0.1,recommended_solve,1e-05,151,0.2749920647271728
23,0.1,recommended_solve,1e-05,152,0.2749398046360525
23,0.1,recommended_solve,1e-05,153,0.274896574687384
23,0.1,recommended_solve,1e-05,154,0.2748608596193825
23,0.1,recommended_solve,1e-05,155,0.2748282563500064
23,0.1,recommended_solve,1e-05,156,0.27476816616641087
23,0.1,recommended_solve,1e-05,157,0.27473303725827264
23,0.1,recommended_solve,1e-05,158,0.2746658915203122
23,0.1,recommended_solve,1e-05,159,0.2746392394871722
23,0.1,recommended_solve,1e-05,160,0.2745894393420418
23,0.1,recommended_solve,1e-05,161,0.2745307092944118
23,0.1,recommended_solve,1e-05,162,0.27447782239626545
23,0.1,recommended_solve,1e-05,163,0.2744416927158524
23,0.1,recommended_solve,1e-05,164,0.27441723647177385
23,0.1,recommended_solve,1e-05,165,0.27440821032749824
23,0.1,recommended_solve,1e-05,166,0.2743704140692993
23,0.1,recommended_solve,1e-05,167,0.2743507408299208
23,0.1,recommended_solve,1e-05,168,0.2743235300124649
23,0.1,recommended_solve,1e-05,169,0.2742789902947487
23,0.1,recommended_solve,1e-05,170,0.27424449300368847
23,0.1,recommended_solve,1e-05,171,0.274232439233385
23,0.1,recommended_solve,1e-05,172,0.2742127336594616
23,0.1,recommended_solve,1e-05,173,0.274205325676661
23,0.1,recommended_solve,1e-05,174,0.2742014475978423
23,0.1,recommended_solve,1e-05,175,0.27416155887141824
23,0.1,recommended_solve,1e-05,176,0.27415224981462843
23,0.1,recommended_solve,1e-05,177,0.27413569010335787
23,0.1,recommended_solve,1e-05,178,0.27412939327974617
23,0.1,recommended_solve,1e-05,179,0.2741155660170996
23,0.1,recommended_solve,1e-05,180,0.2741152352760219
23,0.1,recommended_solve,1e-05,181,0.2741078228097009
23,0.1,recommended_solve,1e-05,182,0.27406368493463473
23,0.1,recommended_solve,1e-05,183,0.27404327280110274
23,0.1,recommended_solve,1e-05,184,0.2740313035983527
23,0.1,recommended_solve,1e-05,185,0.2740249427677112
23,0.1,recommended_solve,1e-05,186,0.274014466190227
23,0.1,recommended_solve,1e-05,187,0.27400771234530097
23,0.1,recommended_solve,1e-05,188,0.2740006071526213
23,0.1,recommended_solve,1e-05,189,0.2739971379881637
23,0.1,recommended_solve,1e-05,190,0.27399084761300674
23,0.1,recommended_solve,1e-05,191,0.27397559440001995
23,0.1,recommended_solve,1e-05,192,0.2739580193081759
23,0.1,recommended_solve,1e-05,193,0.2739425153854886
23,0.1,recommended_solve,1e-05,194,0.27392633903594993
23,0.1,recommended_solve,1e-05,195,0.27389843003386166
23,0.1,recommended_solve,1e-05,196,0.2738841437076359
23,0.1,recommended_solve,1e-05,197,0.2738777037765052
23,0.1,recommended_solve,1e-05,198,0.27385706923784836
23,0.1,recommended_solve,1e-05,199,0.2738542549677126
23,0.1,recommended_solve,1e-05,200,0.27384076402978286
23,0.1,recommended_solve,1e-05,201,0.2738232722371024
23,0.1,recommended_solve,1e-05,202,0.2737902968975763
23,0.1,recommended_solve,1e-05,203,0.2737838353194952
23,0.1,recommended_solve,1e-05,204,0.2737757644751824
23,0.1,recommended_solve,1e-05,205,0.2737658940478623
23,0.1,recommended_solve,1e-05,206,0.27369133271399815
23,0.1,recommended_solve,1e-05,207,0.27365733610583276
23,0.1,recommended_solve,1e-05,208,0.27360398716017864
23,0.1,recommended_solve,1e-05,209,0.27358652325491434
23,0.1,recommended_solve,1e-05,210,0.2735740817548969
23,0.1,recommended_solve,1e-05,211,0.2735590267260242
23,0.1,recommended_solve,1e-05,212,0.27353581540064403
23,0.1,recommended_solve,1e-05,213,0.2735276905351877
23,0.1,recommended_solve,1e-05,214,0.2734998858743519
23,0.1,recommended_solve,1e-05,215,0.2734843647353525
23,0.1,recommended_solve,1e-05,216,0.273449734073442
23,0.1,recommended_solve,1e-05,217,0.27340867464191165
23,0.1,recommended_solve,1e-05,218,0.27335965094869585
23,0.1,recommended_solve,1e-05,219,0.27331881356216386
23,0.1,recommended_solve,1e-05,220,0.27328275689430276
23,0.1,recommended_solve,1e-05,221,0.2732614917122655
23,0.1,recommended_solve,1e-05,222,0.2732196573502674
23,0.1,recommended_solve,1e-05,223,0.2731591928000298
23,0.1,recommended_solve,1e-05,224,0.27312942904532145
23,0.1,recommended_solve,1e-05,225,0.2731099442969678
23,0.1,recommended_solve,1e-05,226,0.27306944711483344
23,0.1,recommended_solve,1e-05,227,0.2730667022790683
23,0.1,recommended_solve,1e-05,228,0.2730350906002083
23,0.1,recommended_solve,1e-05,229,0.27300861706311125
23,0.1,recommended_solve,1e-05,230,0.27295739683081643
23,0.1,recommended_solve,1e-05,231,0.2728979598548067
23,0.1,recommended_solve,1e-05,232,0.2727971526543993
23,0.1,recommended_solve,1e-05,233,0.2727447400093743
23,0.1,recommended_solve,1e-05,234,0.27268973940717867
23,0.1,recommended_solve,1e-05,235,0.2726247998127001
23,0.1,recommended_solve,1e-05,236,0.27259810938636225
23,0.1,recommended_solve,1e-05,237,0.2725759717894483
23,0.1,recommended_solve,1e-05,238,0.2725622646565471
23,0.1,recommended_solve,1e-05,239,0.2725447304407177
23,0.1,recommended_solve,1e-05,240,0.2725122015397875
23,0.1,recommended_solve,1e-05,241,0.27247631739892736
23,0.1,recommended_solve,1e-05,242,0.27242995128839476
23,0.1,recommended_solve,1e-05,243,0.27240716836183393
23,0.1,recommended_solve,1e-05,244,0.27237079560609734
23,0.1,recommended_solve,1e-05,245,0.27229312208341805
23,0.1,recommended_solve,1e-05,246,0.2722534994043604
23,0.1,recommended_solve,1e-05,247,0.2722062210167828
23,0.1,recommended_solve,1e-05,248,0.27219230680351353
23,0.1,recommended_solve,1e-05,249,0.27216489782327147
23,0.1,recommended_solve,1e-05,250,0.2721513230983921
23,0.1,recommended_solve,1e-05,251,0.27212215839792425
23,0.1,recommended_solve,1e-05,252,0.27207755987276505
23,0.1,recommended_solve,1e-05,253,0.2720406151918945
23,0.1,recommended_solve,1e-05,254,0.2720244970427679
23,0.1,recommended_solve,1e-05,255,0.2720025375685613
23,0.1,recommended_solve,1e-05,256,0.2719410582996949
23,0.1,recommended_solve,1e-05,257,0.2719231884684703
23,0.1,recommended_solve,1e-05,258,0.27189960844401595
23,0.1,recommended_solve,1e-05,259,0.2718634752134044
23,0.1,recommended_solve,1e-05,260,0.2718336552725462
23,0.1,recommended_solve,1e-05,261,0.27178650343018845
23,0.1,recommended_solve,1e-05,262,0.2717532874370911
23,0.1,recommended_solve,1e-05,263,0.27169174197930185
23,0.1,recommended_solve,1e-05,264,0.27168534809686024
23,0.1,recommended_solve,1e-05,265,0.2716607017316345
23,0.1,recommended_solve,1e-05,266,0.2716274846129183
23,0.1,recommended_solve,1e-05,267,0.2716078761357866
23,0.1,recommended_solve,1e-05,268,0.2715666275821527
23,0.1,recommended_solve,1e-05,269,0.27152507416506644
23,0.1,recommended_solve,1e-05,270,0.27148208801595336
23,0.1,recommended_solve,1e-05,271,0.27143108366485036
23,0.1,recommended_solve,1e-05,272,0.2713829757209752
23,0.1,recommended_solve,1e-05,273,0.2712853618395969
23,0.1,recommended_solve,1e-05,274,0.27126839129825436
23,0.1,recommended_solve,1e-05,275,0.2712472855623816
23,0.1,recommended_solve,1e-05,276,0.27120698866461407
23,0.1,recommended_solve,1e-05,277,0.2711601892126466
23,0.1,recommended_solve,1e-05,278,0.27113575153351355
23,0.1,recommended_solve,1e-05,279,0.27111086050579036
23,0.1,recommended_solve,1e-05,280,0.27108667091889727
23,0.1,recommended_solve,1e-05,281,0.27103327941966326
23,0.1,recommended_solve,1e-05,282,0.2710131773494609
23,0.1,recommended_solve,1e-05,283,0.2709772671759812
23,0.1,recommended_solve,1e-05,284,0.27095926876617654
23,0.1,recommended_solve,1e-05,285,0.27091526797191773
23,0.1,recommended_solve,1e-05,286,0.27088618166252293
23,0.1,recommended_solve,1e-05,287,0.2708399475431291
23,0.1,recommended_solve,1e-05,288,0.27081212542626476
23,0.1,recommended_solve,1e-05,289,0.27076768120293043
23,0.1,recommended_solve,1e-05,290,0.27071335718288236
23,0.1,recommended_solve,1e-05,291,0.2706780048462712
23,0.1,recommended_solve,1e-05,292,0.2706652071049873
23,0.1,recommended_solve,1e-05,293,0.27064963565999545
23,0.1,recommended_solve,1e-05,294,0.27063067165915855
23,0.1,recommended_solve,1e-05,295,0.2705831723776973
23,0.1,recommended_solve,1e-05,296,0.27055035569685715
23,0.1,recommended_solve,1e-05,297,0.27049951035590025
23,0.1,recommended_solve,1e-05,298,0.27045355267398263
23,0.1,recommended_solve,1e-05,299,0.270392556323832
23,0.1,recommended_solve,1e-05,300,0.27036260972706766
23,0.1,recommended_solve,0.0001,0,1.0
23,0.1,recommended_solve,0.0001,1,0.6253604390330055
23,0.1,recommended_solve,0.0001,2,0.6189018239131285
23,0.1,recommended_solve,0.0001,3,0.5770259289997315
23,0.1,recommended_solve,0.0001,4,0.5353046330630048
23,0.1,recommended_solve,0.0001,5,0.5170288112632555
23,0.1,recommended_solve,0.0001,6,0.5042527435085337
23,0.1,recommended_solve,0.0001,7,0.4892885224925239
23,0.1,recommended_solve,0.0001,8,0.4697763177639225
23,0.1,recommended_solve,0.0001,9,0.4580292570164154
23,0.1,recommended_solve,0.0001,10,0.4444868130535574
23,0.1,recommended_solve,0.0001,11,0.43341150758042957
23,0.1,recommended_solve,0.0001,12,0.4224867392564234
23,0.1,recommended_solve,0.0001,13,0.4122946028216105
23,0.1,recommended_solve,0.0001,14,0.39927491681913835
23,0.1,recommended_solve,0.0001,15,0.391978775438521
23,0.1,recommended_solve,0.0001,16,0.38462142752674294
23,0.1,recommended_solve,0.0001,17,0.37558058010408024
23,0.1,recommended_solve,0.0001,18,0.3661308908095339
23,0.1,recommended_solve,0.0001,19,0.36081649900063817
23,0.1,recommended_solve,0.0001,20,0.3515730488819889
23,0.1,recommended_solve,0.0001,21,0.34596240967083425
23,0.1,recommended_solve,0.0001,22,0.33859821929964956
23,0.1,recommended_solve,0.0001,23,0.3335861688842812
23,0.1,recommended_solve,0.0001,24,0.3275486253409632
23,0.1,recommended_solve,0.0001,25,0.3220962615881289
23,0.1,recommended_solve,0.0001,26,0.31772935587659296
23,0.1,recommended_solve,0.0001,27,0.314286797509899
23,0.1,recommended_solve,0.0001,28,0.31050609801502305
23,0.1,recommended_solve,0.0001,29,0.3068668292175417
23,0.1,recommended_solve,0.0001,30,0.30299730221884846
23,0.1,recommended_solve,0.0001,31,0.30019798336810494
23,0.1,recommended_solve,0.0001,32,0.29736078207280364
23,0.1,recommended_solve,0.0001,33,0.29451550324289905
23,0.1,recommended_solve,0.0001,34,0.2920082588589064
23,0.1,recommended_solve,0.0001,35,0.2896793784765341
23,0.1,recommended_solve,0.0001,36,0.28754237940320176
23,0.1,recommended_solve,0.0001,37,0.28587403915975046
23,0.1,recommended_solve,0.0001,38,0.28419764310376106
23,0.1,recommended_solve,0.0001,39,0.2825689316414854
23,0.1,recommended_solve,0.0001,40,0.28118138641588697
23,0.1,recommended_solve,0.0001,41,0.28028603931193247
23,0.1,recommended_solve,0.0001,42,0.2794093193490585
23,0.1,recommended_solve,0.0001,43,0.27850492485726025
23,0.1,recommended_solve,0.0001,44,0.2778696761840981
23,0.1,recommended_solve,0.0001,45,0.2774404308193799
23,0.1,recommended_solve,0.0001,46,0.27689577987135333
23,0.1,recommended_solve,0.0001,47,0.27654645403307254
23,0.1,recommended_solve,0.0001,48,0.27606810825200684
23,0.1,recommended_solve,0.0001,49,0.2758601692609128
23,0.1,recommended_solve,0.0001,50,0.2755895728807424
23,0.1,recommended_solve,0.0001,51,0.2754853793525915
23,0.1,recommended_solve,0.0001,52,0.275255741696407
23,0.1,recommended_solve,0.0001,53,0.27514445463039194
23,0.1,recommended_solve,0.0001,54,0.27500728733725605
23,0.1,recommended_solve,0.0001,55,0.2749225135227163
23,0.1,recommended_solve,0.0001,56,0.2748034287778495
23,0.1,recommended_solve,0.0001,57,0.2747269510130661
23,0.1,recommended_solve,0.0001,58,0.27463500059113505
23,0.1,recommended_solve,0.0001,59,0.2746010184289676
23,0.1,recommended_solve,0.0001,60,0.27455996923775094
23,0.1,recommended_solve,0.0001,61,0.27448533041774964
23,0.1,recommended_solve,0.0001,62,0.2744563865970927
23,0.1,recommended_solve,0.0001,63,0.27443036235632456
23,0.1,recommended_solve,0.0001,64,0.2744195085048332
23,0.1,recommended_solve,0.0001,65,0.2743453481790829
23,0.1,recommended_solve,0.0001,66,0.2743075651649091
23,0.1,recommended_solve,0.0001,67,0.27428482388551356
23,0.1,recommended_solve,0.0001,68,0.2742413360128105
23,0.1,recommended_solve,0.0001,69,0.2741413696698379
23,0.1,recommended_solve,0.0001,70,0.2741029097224072
23,0.1,recommended_solve,0.0001,71,0.27405220025628274
23,0.1,recommended_solve,0.0001,72,0.27396419754828755
23,0.1,recommended_solve,0.0001,73,0.2738081689817257
23,0.1,recommended_solve,0.0001,74,0.27373939714195344
23,0.1,recommended_solve,0.0001,75,0.2736093992829879
23,0.1,recommended_solve,0.0001,76,0.2735055943415916
23,0.1,recommended_solve,0.0001,77,0.27340803862868857
23,0.1,recommended_solve,0.0001,78,0.27333119571157266
23,0.1,recommended_solve,0.0001,79,0.27317827786912263
23,0.1,recommended_solve,0.0001,80,0.2730842353330358
23,0.1,recommended_solve,0.0001,81,0.27299240396286356
23,0.1,recommended_solve,0.0001,82,0.2728779341769605
23,0.1,recommended_solve,0.0001,83,0.27266995923346277
23,0.1,recommended_solve,0.0001,84,0.2725818691247323
23,0.1,recommended_solve,0.0001,85,0.27251454468862074
23,0.1,recommended_solve,0.0001,86,0.2724303896082854
23,0.1,recommended_solve,0.0001,87,0.2722852224256554
23,0.1,recommended_solve,0.0001,88,0.27221594166012836
23,0.1,recommended_solve,0.0001,89,0.2721441243691538
23,0.1,recommended_solve,0.0001,90,0.27205222398185974
23,0.1,recommended_solve,0.0001,91,0.2719163020854007
23,0.1,recommended_solve,0.0001,92,0.2718300997602607
23,0.1,recommended_solve,0.0001,93,0.27167515667406733
23,0.1,recommended_solve,0.0001,94,0.27158504217653767
23,0.1,recommended_solve,0.0001,95,0.271462628581063
23,0.1,recommended_solve,0.0001,96,0.2713490751893369
23,0.1,recommended_solve,0.0001,97,0.2712388845207024
23,0.1,recommended_solve,0.0001,98,0.27112894812295035
23,0.1,recommended_solve,0.0001,99,0.2710657788426963
23,0.1,recommended_solve,0.0001,100,0.2709094486908762
23,0.1,recommended_solve,0.0001,101,0.27083058703579543
23,0.1,recommended_solve,0.0001,102,0.2707124155079183
23,0.1,recommended_solve,0.0001,103,0.27061850628441286
23,0.1,recommended_solve,0.0001,104,0.27048651892164854
23,0.1,recommended_solve,0.0001,105,0.2703708803596872
23,0.1,recommended_solve,0.0001,106,0.2701586596170477
23,0.1,recommended_solve,0.0001,107,0.2700762639699448
23,0.1,recommended_solve,0.0001,108,0.2699021629842607
23,0.1,recommended_solve,0.0001,109,0.2697712161029126
23,0.1,recommended_solve,0.0001,110,0.2695779311641473
23,0.1,recommended_solve,0.0001,111,0.2694499967690754
23,0.1,recommended_solve,0.0001,112,0.2692675570122509
23,0.1,recommended_solve,0.0001,113,0.26908406196595497
23,0.1,recommended_solve,0.0001,114,0.2689514929493706
23,0.1,recommended_solve,0.0001,115,0.2687593829125261
23,0.1,recommended_solve,0.0001,116,0.26865062366861225
23,0.1,recommended_solve,0.0001,117,0.26850061692829696
23,0.1,recommended_solve,0.0001,118,0.2683010771645618
23,0.1,recommended_solve,0.0001,119,0.26818298463024964
23,0.1,recommended_solve,0.0001,120,0.26801810801455095
23,0.1,recommended_solve,0.0001,121,0.2678984414165071
23,0.1,recommended_solve,0.0001,122,0.26773576683118494
23,0.1,recommended_solve,0.0001,123,0.267631110999861
23,0.1,recommended_solve,0.0001,124,0.26751038594989884
23,0.1,recommended_solve,0.0001,125,0.2674724028624546
23,0.1,recommended_solve,0.0001,126,0.267300378572489
23,0.1,recommended_solve,0.0001,127,0.26719774748454667
23,0.1,recommended_solve,0.0001,128,0.2671046188599855
23,0.1,recommended_solve,0.0001,129,0.2670422069306184
23,0.1,recommended_solve,0.0001,130,0.26695070427083883
23,0.1,recommended_solve,0.0001,131,0.2668347280109005
23,0.1,recommended_solve,0.0001,132,0.26675944195083956
23,0.1,recommended_solve,0.0001,133,0.26668157720552454
23,0.1,recommended_solve,0.0001,134,0.2666094822019647
23,0.1,recommended_solve,0.0001,135,0.266517187791257
23,0.1,recommended_solve,0.0001,136,0.2664359358100599
23,0.1,recommended_solve,0.0001,137,0.2663501192347734
23,0.1,recommended_solve,0.0001,138,0.26623606756663065
23,0.1,recommended_solve,0.0001,139,0.2661129489733398
23,0.1,recommended_solve,0.0001,140,0.2659574598459027
23,0.1,recommended_solve,0.0001,141,0.2657996933179634
23,0.1,recommended_solve,0.0001,142,0.2656261284738903
23,0.1,recommended_solve,0.0001,143,0.2655068457263826
23,0.1,recommended_solve,0.0001,144,0.26542818937801327
23,0.1,recommended_solve,0.0001,145,0.26522233032942033
23,0.1,recommended_solve,0.0001,146,0.26503819897401304
23,0.1,recommended_solve,0.0001,147,0.26488095703213765
23,0.1,recommended_solve,0.0001,148,0.2646976027381984
23,0.1,recommended_solve,0.0001,149,0.26448827771941535
23,0.1,recommended_solve,0.0001,150,0.2642901355642292
23,0.1,recommended_solve,0.0001,151,0.2641762797531461
23,0.1,recommended_solve,0.0001,152,0.2640501405011659
23,0.1,recommended_solve,0.0001,153,0.26378895267465424
23,0.1,recommended_solve,0.0001,154,0.2635772511011752
23,0.1,recommended_solve,0.0001,155,0.26338031484114277
23,0.1,recommended_solve,0.0001,156,0.2631643645842777
23,0.1,recommended_solve,0.0001,157,0.2629963364964853
23,0.1,recommended_solve,0.0001,158,0.26278510833602686
23,0.1,recommended_solve,0.0001,159,0.26260845598561905
23,0.1,recommended_solve,0.0001,160,0.2623475215395692
23,0.1,recommended_solve,0.0001,161,0.26215579561448243
23,0.1,recommended_solve,0.0001,162,0.2619693974126567
23,0.1,recommended_solve,0.0001,163,0.26182392520425135
23,0.1,recommended_solve,0.0001,164,0.2614972666712163
23,0.1,recommended_solve,0.0001,165,0.26120382456002794
23,0.1,recommended_solve,0.0001,166,0.260954288333418
23,0.1,recommended_solve,0.0001,167,0.26069586870672234
23,0.1,recommended_solve,0.0001,168,0.26046277415766295
23,0.1,recommended_solve,0.0001,169,0.2601756937498971
23,0.1,recommended_solve,0.0001,170,0.2598108266361109
23,0.1,recommended_solve,0.0001,171,0.25955161202198923
23,0.1,recommended_solve,0.0001,172,0.2592899356152306
23,0.1,recommended_solve,0.0001,173,0.25902433525120777
23,0.1,recommended_solve,0.0001,174,0.2586758589514784
23,0.1,recommended_solve,0.0001,175,0.258410336368659
23,0.1,recommended_solve,0.0001,176,0.25810723124400103
23,0.1,recommended_solve,0.0001,177,0.257890152329918
23,0.1,recommended_solve,0.0001,178,0.25750793254943555
23,0.1,recommended_solve,0.0001,179,0.25726911935297514
23,0.1,recommended_solve,0.0001,180,0.25693980363872376
23,0.1,recommended_solve,0.0001,181,0.2567336389074448
23,0.1,recommended_solve,0.0001,182,0.2564074284206606
23,0.1,recommended_solve,0.0001,183,0.2561346384859095
23,0.1,recommended_solve,0.0001,184,0.2558175319967645
23,0.1,recommended_solve,0.0001,185,0.2555321687615028
23,0.1,recommended_solve,0.0001,186,0.2551549757471256
23,0.1,recommended_solve,0.0001,187,0.25493341172011064
23,0.1,recommended_solve,0.0001,188,0.25455548811061846
23,0.1,recommended_solve,0.0001,189,0.2541189605517857
23,0.1,recommended_solve,0.0001,190,0.253726553517637
23,0.1,recommended_solve,0.0001,191,0.2534527219111885
23,0.1,recommended_solve,0.0001,192,0.253050083806477
23,0.1,recommended_solve,0.0001,193,0.2526497588659298
23,0.1,recommended_solve,0.0001,194,0.25213481795996945
23,0.1,recommended_solve,0.0001,195,0.25181421084339545
23,0.1,recommended_solve,0.0001,196,0.251399352901863
23,0.1,recommended_solve,0.0001,197,0.2509835971829933
23,0.1,recommended_solve,0.0001,198,0.250355306619446
23,0.1,recommended_solve,0.0001,199,0.2498675567375166
23,0.1,recommended_solve,0.0001,200,0.2492883458901788
23,0.1,recommended_solve,0.0001,201,0.2488549945949773
23,0.1,recommended_solve,0.0001,202,0.2481594505221936
23,0.1,recommended_solve,0.0001,203,0.24751658283278516
23,0.1,recommended_solve,0.0001,204,0.24688533775857435
23,0.1,recommended_solve,0.0001,205,0.24618262755817258
23,0.1,recommended_solve,0.0001,206,0.24547604480287932
23,0.1,recommended_solve,0.0001,207,0.2447441189708554
23,0.1,recommended_solve,0.0001,208,0.24384873236468554
23,0.1,recommended_solve,0.0001,209,0.2431219329063589
23,0.1,recommended_solve,0.0001,210,0.24235993016343055
23,0.1,recommended_solve,0.0001,211,0.241670755304871
23,0.1,recommended_solve,0.0001,212,0.2407901551590675
23,0.1,recommended_solve,0.0001,213,0.23987021916676826
23,0.1,recommended_solve,0.0001,214,0.2391818615742888
23,0.1,recommended_solve,0.0001,215,0.23850826571320505
23,0.1,recommended_solve,0.0001,216,0.23755856589688665
23,0.1,recommended_solve,0.0001,217,0.23673121051668736
23,0.1,recommended_solve,0.0001,218,0.23593537823190502
23,0.1,recommended_solve,0.0001,219,0.23526256199484247
23,0.1,recommended_solve,0.0001,220,0.23441164014504598
23,0.1,recommended_solve,0.0001,221,0.2334822908990014
23,0.1,recommended_solve,0.0001,222,0.23269157197820206
23,0.1,recommended_solve,0.0001,223,0.23213608421801507
23,0.1,recommended_solve,0.0001,224,0.23113319258244522
23,0.1,recommended_solve,0.0001,225,0.23052760452228507
23,0.1,recommended_solve,0.0001,226,0.22976550035810858
23,0.1,recommended_solve,0.0001,227,0.22915952391125147
23,0.1,recommended_solve,0.0001,228,0.228263941450234
23,0.1,recommended_solve,0.0001,229,0.22766250646767314
23,0.1,recommended_solve,0.0001,230,0.226995485919779
23,0.1,recommended_solve,0.0001,231,0.22633421285830604
23,0.1,recommended_solve,0.0001,232,0.22543182880271767
23,0.1,recommended_solve,0.0001,233,0.2249099912289194
23,0.1,recommended_solve,0.0001,234,0.22430383893488587
23,0.1,recommended_solve,0.0001,235,0.2235596289906626
23,0.1,recommended_solve,0.0001,236,0.2229885322683052
23,0.1,recommended_solve,0.0001,237,0.22247623468723407
23,0.1,recommended_solve,0.0001,238,0.22192021865165104
23,0.1,recommended_solve,0.0001,239,0.22142484470387883
23,0.1,recommended_solve,0.0001,240,0.2208559203653962
23,0.1,recommended_solve,0.0001,241,0.2205217699383638
23,0.1,recommended_solve,0.0001,242,0.22000255958042939
23,0.1,recommended_solve,0.0001,243,0.2195772235526735
23,0.1,recommended_solve,0.0001,244,0.21909916855268058
23,0.1,recommended_solve,0.0001,245,0.2186889870540399
23,0.1,recommended_solve,0.0001,246,0.21821934386822037
23,0.1,recommended_solve,0.0001,247,0.21784691988805316
23,0.1,recommended_solve,0.0001,248,0.2173909191009039
23,0.1,recommended_solve,0.0001,249,0.21714589023400396
23,0.1,recommended_solve,0.0001,250,0.21667564279927704
23,0.1,recommended_solve,0.0001,251,0.21641174379308012
23,0.1,recommended_solve,0.0001,252,0.2160554630379199
23,0.1,recommended_solve,0.0001,253,0.21579559105998053
23,0.1,recommended_solve,0.0001,254,0.21538894067684977
23,0.1,recommended_solve,0.0001,255,0.21507194025935086
23,0.1,recommended_solve,0.0001,256,0.21481973843014182
23,0.1,recommended_solve,0.0001,257,0.21449134900497704
23,0.1,recommended_solve,0.0001,258,0.21414246610367252
23,0.1,recommended_solve,0.0001,259,0.21385113238798448
23,0.1,recommended_solve,0.0001,260,0.21359349514241865
23,0.1,recommended_solve,0.0001,261,0.21326746609977498
23,0.1,recommended_solve,0.0001,262,0.2129898443445346
23,0.1,recommended_solve,0.0001,263,0.21270084657231714
23,0.1,recommended_solve,0.0001,264,0.21238521990606266
23,0.1,recommended_solve,0.0001,265,0.2120695088852912
23,0.1,recommended_solve,0.0001,266,0.21172099086156768
23,0.1,recommended_solve,0.0001,267,0.2113956688942912
23,0.1,recommended_solve,0.0001,268,0.21103442799192715
23,0.1,recommended_solve,0.0001,269,0.2106248967027711
23,0.1,recommended_solve,0.0001,270,0.21027149986158591
23,0.1,recommended_solve,0.0001,271,0.20984484386866456
23,0.1,recommended_solve,0.0001,272,0.20949767261580396
23,0.1,recommended_solve,0.0001,273,0.20887642858668612
23,0.1,recommended_solve,0.0001,274,0.20852230336603192
23,0.1,recommended_solve,0.0001,275,0.20822818054028538
23,0.1,recommended_solve,0.0001,276,0.2076753606962924
23,0.1,recommended_solve,0.0001,277,0.2072112627322719
23,0.1,recommended_solve,0.0001,278,0.20672495751171976
23,0.1,recommended_solve,0.0001,279,0.20627880048314365
23,0.1,recommended_solve,0.0001,280,0.2055763519608554
23,0.1,recommended_solve,0.0001,281,0.2049437637519921
23,0.1,recommended_solve,0.0001,282,0.20448136214410034
23,0.1,recommended_solve,0.0001,283,0.20383893691243177
23,0.1,recommended_solve,0.0001,284,0.20304952149377514
23,0.1,recommended_solve,0.0001,285,0.2024551730323689
23,0.1,recommended_solve,0.0001,286,0.20178725163866204
23,0.1,recommended_solve,0.0001,287,0.20121547341821566
23,0.1,recommended_solve,0.0001,288,0.20025467428170113
23,0.1,recommended_solve,0.0001,289,0.19958235306138325
23,0.1,recommended_solve,0.0001,290,0.19883564041705595
23,0.1,recommended_solve,0.0001,291,0.19820956331013762
23,0.1,recommended_solve,0.0001,292,0.1972112716459779
23,0.1,recommended_solve,0.0001,293,0.19633868819193018
23,0.1,recommended_solve,0.0001,294,0.19533106201400746
23,0.1,recommended_solve,0.0001,295,0.19462253204792157
23,0.1,recommended_solve,0.0001,296,0.1934560456118382
23,0.1,recommended_solve,0.0001,297,0.1922520156763505
23,0.1,recommended_solve,0.0001,298,0.19098419004279668
23,0.1,recommended_solve,0.0001,299,0.18993284778594263
23,0.1,recommended_solve,0.0001,300,0.1885431596056682
23,0.1,recommended_solve,0.001,0,1.0
23,0.1,recommended_solve,0.001,1,0.5819966712319523
23,0.1,recommended_solve,0.001,2,0.5352230575823689
23,0.1,recommended_solve,0.001,3,0.48087453220492815
23,0.1,recommended_solve,0.001,4,0.443564011112425
23,0.1,recommended_solve,0.001,5,0.40418125607959365
23,0.1,recommended_solve,0.001,6,0.3780552898833953
23,0.1,recommended_solve,0.001,7,0.35290537026341473
23,0.1,recommended_solve,0.001,8,0.33385288843394667
23,0.1,recommended_solve,0.001,9,0.3174531959058769
23,0.1,recommended_solve,0.001,10,0.30797281076335803
23,0.1,recommended_solve,0.001,11,0.29711391940140325
23,0.1,recommended_solve,0.001,12,0.28987542672999844
23,0.1,recommended_solve,0.001,13,0.28326291458985986
23,0.1,recommended_solve,0.001,14,0.28009232845436016
23,0.1,recommended_solve,0.001,15,0.2773456945495353
23,0.1,recommended_solve,0.001,16,0.2759958318535479
23,0.1,recommended_solve,0.001,17,0.2752049911995652
23,0.1,recommended_solve,0.001,18,0.2748632083744455
23,0.1,recommended_solve,0.001,19,0.2744830918535799
23,0.1,recommended_solve,0.001,20,0.27431124389916733
23,0.1,recommended_solve,0.001,21,0.2741955160785801
23,0.1,recommended_solve,0.001,22,0.27414430020609387
23,0.1,recommended_solve,0.001,23,0.2738958258914006
23,0.1,recommended_solve,0.001,24,0.2735604845862651
23,0.1,recommended_solve,0.001,25,0.2732643303807646
23,0.1,recommended_solve,0.001,26,0.2729651298929221
23,0.1,recommended_solve,0.001,27,0.2724962157338423
23,0.1,recommended_solve,0.001,28,0.2721171009939451
23,0.1,recommended_solve,0.001,29,0.271817833019527
23,0.1,recommended_solve,0.001,30,0.27162849275368567
23,0.1,recommended_solve,0.001,31,0.2712229593597872
23,0.1,recommended_solve,0.001,32,0.27081423542114347
23,0.1,recommended_solve,0.001,33,0.2704246372165852
23,0.1,recommended_solve,0.001,34,0.27013428652636046
23,0.1,recommended_solve,0.001,35,0.26971347849963967
23,0.1,recommended_solve,0.001,36,0.2692674868892122
23,0.1,recommended_solve,0.001,37,0.2685555602506363
23,0.1,recommended_solve,0.001,38,0.2681012134412742
23,0.1,recommended_solve,0.001,39,0.2675278000564234
23,0.1,recommended_solve,0.001,40,0.26721897581081544
23,0.1,recommended_solve,0.001,41,0.26681179384226483
23,0.1,recommended_solve,0.001,42,0.26653169368061763
23,0.1,recommended_solve,0.001,43,0.2662737958501338
23,0.1,recommended_solve,0.001,44,0.2661010511052829
23,0.1,recommended_solve,0.001,45,0.2657309496907516
23,0.1,recommended_solve,0.001,46,0.26537026568909616
23,0.1,recommended_solve,0.001,47,0.26483306406064683
23,0.1,recommended_solve,0.001,48,0.26437582819739885
23,0.1,recommended_solve,0.001,49,0.2636625856517426
23,0.1,recommended_solve,0.001,50,0.26320230811671275
23,0.1,recommended_solve,0.001,51,0.26248160304035606
23,0.1,recommended_solve,0.001,52,0.2618763167126686
23,0.1,recommended_solve,0.001,53,0.2611364637112073
23,0.1,recommended_solve,0.001,54,0.2605209305790013
23,0.1,recommended_solve,0.001,55,0.2595820401264507
23,0.1,recommended_solve,0.001,56,0.25868582732328077
23,0.1,recommended_solve,0.001,57,0.25763354940001276
23,0.1,recommended_solve,0.001,58,0.2568802087602052
23,0.1,recommended_solve,0.001,59,0.2557279663074328
23,0.1,recommended_solve,0.001,60,0.25475566596541666
23,0.1,recommended_solve,0.001,61,0.2536699119020918
23,0.1,recommended_solve,0.001,62,0.2526988573750624
23,0.1,recommended_solve,0.001,63,0.2515594411017824
23,0.1,recommended_solve,0.001,64,0.2504901198440924
23,0.1,recommended_solve,0.001,65,0.24865165924331029
23,0.1,recommended_solve,0.001,66,0.2468244947739444
23,0.1,recommended_solve,0.001,67,0.24430718208102742
23,0.1,recommended_solve,0.001,68,0.2422613396031216
23,0.1,recommended_solve,0.001,69,0.23948841618372005
23,0.1,recommended_solve,0.001,70,0.2370561818689629
23,0.1,recommended_solve,0.001,71,0.23392214665574365
23,0.1,recommended_solve,0.001,72,0.23190354031557428
23,0.1,recommended_solve,0.001,73,0.2289121468196133
23,0.1,recommended_solve,0.001,74,0.2272772076025825
23,0.1,recommended_solve,0.001,75,0.224652090790417
23,0.1,recommended_solve,0.001,76,0.22300937934240808
23,0.1,recommended_solve,0.001,77,0.2207891099667957
23,0.1,recommended_solve,0.001,78,0.2192205239862726
23,0.1,recommended_solve,0.001,79,0.21774006558936188
23,0.1,recommended_solve,0.001,80,0.21671849759204784
23,0.1,recommended_solve,0.001,81,0.21529046401152113
23,0.1,recommended_solve,0.001,82,0.2142459411991704
23,0.1,recommended_solve,0.001,83,0.21316538213085603
23,0.1,recommended_solve,0.001,84,0.21224639533642062
23,0.1,recommended_solve,0.001,85,0.21107650468484002
23,0.1,recommended_solve,0.001,86,0.2102019963654533
23,0.1,recommended_solve,0.001,87,0.20898536967662032
23,0.1,recommended_solve,0.001,88,0.20795880186917168
23,0.1,recommended_solve,0.001,89,0.2066626999657817
23,0.1,recommended_solve,0.001,90,0.20533271166028214
23,0.1,recommended_solve,0.001,91,0.2035603112530226
23,0.1,recommended_solve,0.001,92,0.20186410870916702
23,0.1,recommended_solve,0.001,93,0.19959521056470095
23,0.1,recommended_solve,0.001,94,0.1976233884208712
23,0.1,recommended_solve,0.001,95,0.19485374327943963
23,0.1,recommended_solve,0.001,96,0.19178867556324747
23,0.1,recommended_solve,0.001,97,0.18763816018813934
23,0.1,recommended_solve,0.001,98,0.18263998182451294
23,0.1,recommended_solve,0.001,99,0.17672699559628874
23,0.1,recommended_solve,0.001,100,0.16974979174649005
23,0.1,recommended_solve,0.001,101,0.1619768675088457
23,0.1,recommended_solve,0.001,102,0.1534712535222936
23,0.1,recommended_solve,0.001,103,0.14460355918674545
23,0.1,recommended_solve,0.001,104,0.1366949034823195
23,0.1,recommended_solve,0.001,105,0.12892446535309524
23,0.1,recommended_solve,0.001,106,0.12231093757890667
23,0.1,recommended_solve,0.001,107,0.11639666002263953
23,0.1,recommended_solve,0.001,108,0.11191528160583925
23,0.1,recommended_solve,0.001,109,0.10804801222872347
23,0.1,recommended_solve,0.001,110,0.10487443966402428
23,0.1,recommended_solve,0.001,111,0.10187817015587919
23,0.1,recommended_solve,0.001,112,0.0987767725028195
23,0.1,recommended_solve,0.001,113,0.09594748254845759
23,0.1,recommended_solve,0.001,114,0.09280098688038625
23,0.1,recommended_solve,0.001,115,0.09033526494428025
23,0.1,recommended_solve,0.001,116,0.08789226690337407
23,0.1,recommended_solve,0.001,117,0.08605916119582877
23,0.1,recommended_solve,0.001,118,0.08400411584584307
23,0.1,recommended_solve,0.001,119,0.08241576850031321
23,0.1,recommended_solve,0.001,120,0.0808037753185022
23,0.1,recommended_solve,0.001,121,0.07946305117620947
23,0.1,recommended_solve,0.001,122,0.07786137370690815
23,0.1,recommended_solve,0.001,123,0.07669774109778486
23,0.1,recommended_solve,0.001,124,0.07539456673831539
23,0.1,recommended_solve,0.001,125,0.07452583727085636
23,0.1,recommended_solve,0.001,126,0.07356789410623998
23,0.1,recommended_solve,0.001,127,0.07287674883693943
23,0.1,recommended_solve,0.001,128,0.07200805407752542
23,0.1,recommended_solve,0.001,129,0.0714499976616821
23,0.1,recommended_solve,0.001,130,0.07085299988964251
23,0.1,recommended_solve,0.001,131,0.07046697882935418
23,0.1,recommended_solve,0.001,132,0.07001694277000811
23,0.1,recommended_solve,0.001,133,0.06967421500478779
23,0.1,recommended_solve,0.001,134,0.06933922887872225
23,0.1,recommended_solve,0.001,135,0.06914272170645329
23,0.1,recommended_solve,0.001,136,0.06889086048356062
23,0.1,recommended_solve,0.001,137,0.06872330727199893
23,0.1,recommended_solve,0.001,138,0.068541710895767
23,0.1,recommended_solve,0.001,139,0.06840406176643363
23,0.1,recommended_solve,0.001,140,0.06823396947921702
23,0.1,recommended_solve,0.001,141,0.06813217897386588
23,0.1,recommended_solve,0.001,142,0.06802036523513687
23,0.1,recommended_solve,0.001,143,0.06794134942205544
23,0.1,recommended_solve,0.001,144,0.06782897919823229
23,0.1,recommended_solve,0.001,145,0.0677687620755011
23,0.1,recommended_solve,0.001,146,0.06768011961651263
23,0.1,recommended_solve,0.001,147,0.06761877029544705
23,0.1,recommended_solve,0.001,148,0.06752208318689605
23,0.1,recommended_solve,0.001,149,0.06743873840959361
23,0.1,recommended_solve,0.001,150,0.06730935896435082
23,0.1,recommended_solve,0.001,151,0.0672028882785836
23,0.1,recommended_solve,0.001,152,0.06709876963937995
23,0.1,recommended_solve,0.001,153,0.0670262647458225
23,0.1,recommended_solve,0.001,154,0.06691402124885716
23,0.1,recommended_solve,0.001,155,0.06683881712346307
23,0.1,recommended_solve,0.001,156,0.06676373298588306
23,0.1,recommended_solve,0.001,157,0.06670006765174903
23,0.1,recommended_solve,0.001,158,0.06661694250289761
23,0.1,recommended_solve,0.001,159,0.06655498936006306
23,0.1,recommended_solve,0.001,160,0.06647545090391849
23,0.1,recommended_solve,0.001,161,0.06642547889414858
23,0.1,recommended_solve,0.001,162,0.06635653217144749
23,0.1,recommended_solve,0.001,163,0.06631043350709782
23,0.1,recommended_solve,0.001,164,0.06625464280410891
23,0.1,recommended_solve,0.001,165,0.06619489103385771
23,0.1,recommended_solve,0.001,166,0.06613796171054145
23,0.1,recommended_solve,0.001,167,0.06608457316605573
23,0.1,recommended_solve,0.001,168,0.06603168622862672
23,0.1,recommended_solve,0.001,169,0.06596394846540085
23,0.1,recommended_solve,0.001,170,0.06590804587415307
23,0.1,recommended_solve,0.001,171,0.06584416342864148
23,0.1,recommended_solve,0.001,172,0.06580692261781465
23,0.1,recommended_solve,0.001,173,0.06574941859534526
23,0.1,recommended_solve,0.001,174,0.06569172860101001
23,0.1,recommended_solve,0.001,175,0.06562182782828435
23,0.1,recommended_solve,0.001,176,0.06555774104902784
23,0.1,recommended_solve,0.001,177,0.06547549089463679
23,0.1,recommended_solve,0.001,178,0.06539323069928661
23,0.1,recommended_solve,0.001,179,0.06529631099788055
23,0.1,recommended_solve,0.001,180,0.0651967681934951
23,0.1,recommended_solve,0.001,181,0.06507972504934267
23,0.1,recommended_solve,0.001,182,0.06496555162975014
23,0.1,recommended_solve,0.001,183,0.06484485292506874
23,0.1,recommended_solve,0.001,184,0.06471857975009628
23,0.1,recommended_solve,0.001,185,0.06455825777193713
23,0.1,recommended_solve,0.001,186,0.06441959038797404
23,0.1,recommended_solve,0.001,187,0.06424650556480092
23,0.1,recommended_solve,0.001,188,0.06410548299690695
23,0.1,recommended_solve,0.001,189,0.06395824260589734
23,0.1,recommended_solve,0.001,190,0.06382906037934201
23,0.1,recommended_solve,0.001,191,0.06368993067059414
23,0.1,recommended_solve,0.001,192,0.06359090890698381
23,0.1,recommended_solve,0.001,193,0.06348403553183882
23,0.1,recommended_solve,0.001,194,0.06337691501981538
23,0.1,recommended_solve,0.001,195,0.0632623124263312
23,0.1,recommended_solve,0.001,196,0.063154266455609
23,0.1,recommended_solve,0.001,197,0.06303187480501808
23,0.1,recommended_solve,0.001,198,0.06292853781200466
23,0.1,recommended_solve,0.001,199,0.06277409567132378
23,0.1,recommended_solve,0.001,200,0.06264308469942097
23,0.1,recommended_solve,0.001,201,0.06251581252275609
23,0.1,recommended_solve,0.001,202,0.0623686106317467
23,0.1,recommended_solve,0.001,203,0.062215679242075515
23,0.1,recommended_solve,0.001,204,0.06203227040930359
23,0.1,recommended_solve,0.001,205,0.06179816873300403
23,0.1,recommended_solve,0.001,206,0.061570978436328784
23,0.1,recommended_solve,0.001,207,0.06124201095652586
23,0.1,recommended_solve,0.001,208,0.060936616116188926
23,0.1,recommended_solve,0.001,209,0.060475713405074655
23,0.1,recommended_solve,0.001,210,0.060046876350630676
23,0.1,recommended_solve,0.001,211,0.059509138544964535
23,0.1,recommended_solve,0.001,212,0.05896753991231356
23,0.1,recommended_solve,0.001,213,0.0583272201029756
23,0.1,recommended_solve,0.001,214,0.057720482577035666
23,0.1,recommended_solve,0.001,215,0.05711165983120709
23,0.1,recommended_solve,0.001,216,0.056555132646062475
23,0.1,recommended_solve,0.001,217,0.056101850449242444
23,0.1,recommended_solve,0.001,218,0.0557194696111543
23,0.1,recommended_solve,0.001,219,0.05540497549495451
23,0.1,recommended_solve,0.001,220,0.05512305641348513
23,0.1,recommended_solve,0.001,221,0.05487463157810437
23,0.1,recommended_solve,0.001,222,0.054627703539602286
23,0.1,recommended_solve,0.001,223,0.05441753222120713
23,0.1,recommended_solve,0.001,224,0.054180132207821904
23,0.1,recommended_solve,0.001,225,0.05395484056343594
23,0.1,recommended_solve,0.001,226,0.05367413969595635
23,0.1,recommended_solve,0.001,227,0.053433295576050824
23,0.1,recommended_solve,0.001,228,0.05317814284234934
23,0.1,recommended_solve,0.001,229,0.05297270160201134
23,0.1,recommended_solve,0.001,230,0.052728637701117256
23,0.1,recommended_solve,0.001,231,0.052555034747440714
23,0.1,recommended_solve,0.001,232,0.052325302518454034
23,0.1,recommended_solve,0.001,233,0.05213768402257513
23,0.1,recommended_solve,0.001,234,0.05191126853995532
23,0.1,recommended_solve,0.001,235,0.05172831643672454
23,0.1,recommended_solve,0.001,236,0.05148385907806323
23,0.1,recommended_solve,0.001,237,0.05128073743662991
23,0.1,recommended_solve,0.001,238,0.05096475489826793
23,0.1,recommended_solve,0.001,239,0.050636227593983826
23,0.1,recommended_solve,0.001,240,0.050152927017484465
23,0.1,recommended_solve,0.001,241,0.04964067582945736
23,0.1,recommended_solve,0.001,242,0.04892364269227267
23,0.1,recommended_solve,0.001,243,0.048223625251740294
23,0.1,recommended_solve,0.001,244,0.04737461729806687
23,0.1,recommended_solve,0.001,245,0.04662297651152389
23,0.1,recommended_solve,0.001,246,0.045646721547054805
23,0.1,recommended_solve,0.001,247,0.0447943322672592
23,0.1,recommended_solve,0.001,248,0.04377825770622032
23,0.1,recommended_solve,0.001,249,0.04299429848441554
23,0.1,recommended_solve,0.001,250,0.042068091201874915
23,0.1,recommended_solve,0.001,251,0.04136667707176919
23,0.1,recommended_solve,0.001,252,0.04059775381337831
23,0.1,recommended_solve,0.001,253,0.040033019886622306
23,0.1,recommended_solve,0.001,254,0.03943883812732665
23,0.1,recommended_solve,0.001,255,0.038997964007984276
23,0.1,recommended_solve,0.001,256,0.03852625510656758
23,0.1,recommended_solve,0.001,257,0.038163367614800846
23,0.1,recommended_solve,0.001,258,0.03776934571113828
23,0.1,recommended_solve,0.001,259,0.03743655657636919
23,0.1,recommended_solve,0.001,260,0.037043924918504174
23,0.1,recommended_solve,0.001,261,0.03671799824388692
23,0.1,recommended_solve,0.001,262,0.03629501026103393
23,0.1,recommended_solve,0.001,263,0.03595026349592352
23,0.1,recommended_solve,0.001,264,0.035518961023857105
23,0.1,recommended_solve,0.001,265,0.03515892173351567
23,0.1,recommended_solve,0.001,266,0.03476284725322618
23,0.1,recommended_solve,0.001,267,0.034469123636164195
23,0.1,recommended_solve,0.001,268,0.034149294299799036
23,0.1,recommended_solve,0.001,269,0.033935657793202074
23,0.1,recommended_solve,0.001,270,0.033701012210196106
23,0.1,recommended_solve,0.001,271,0.033540748381596173
23,0.1,recommended_solve,0.001,272,0.03336992555809204
23,0.1,recommended_solve,0.001,273,0.03323026968350642
23,0.1,recommended_solve,0.001,274,0.033085441910214224
23,0.1,recommended_solve,0.001,275,0.032966708197225573
23,0.1,recommended_solve,0.001,276,0.03283102605890605
23,0.1,recommended_solve,0.001,277,0.03273393957046559
23,0.1,recommended_solve,0.001,278,0.03263193348433671
23,0.1,recommended_solve,0.001,279,0.03254390351006516
23,0.1,recommended_solve,0.001,280,0.03244180464976716
23,0.1,recommended_solve,0.001,281,0.03236621401161563
23,0.1,recommended_solve,0.001,282,0.032277126280346555
23,0.1,recommended_solve,0.001,283,0.03222855994616749
23,0.1,recommended_solve,0.001,284,0.032166146680443757
23,0.1,recommended_solve,0.001,285,0.032117073376385294
23,0.1,recommended_solve,0.001,286,0.03204291962592562
23,0.1,recommended_solve,0.001,287,0.031987204119670536
23,0.1,recommended_solve,0.001,288,0.03191928651615275
23,0.1,recommended_solve,0.001,289,0.03185212041651647
23,0.1,recommended_solve,0.001,290,0.03175961618369847
23,0.1,recommended_solve,0.001,291,0.03164987462333871
23,0.1,recommended_solve,0.001,292,0.03148326249648652
23,0.1,recommended_solve,0.001,293,0.03131113629141953
23,0.1,recommended_solve,0.001,294,0.0310603318960643
23,0.1,recommended_solve,0.001,295,0.030822812825882166
23,0.1,recommended_solve,0.001,296,0.030530607486448626
23,0.1,recommended_solve,0.001,297,0.030280519192803595
23,0.1,recommended_solve,0.001,298,0.029954779760111558
23,0.1,recommended_solve,0.001,299,0.029696569841823305
23,0.1,recommended_solve,0.001,300,0.029414283979762142
23,0.1,recommended_solve,0.01,0,1.0
23,0.1,recommended_solve,0.01,1,0.4427075360058831
23,0.1,recommended_solve,0.01,2,0.3541537268860604
23,0.1,recommended_solve,0.01,3,0.2983263392062443
23,0.1,recommended_solve,0.01,4,0.26787431609122353
23,0.1,recommended_solve,0.01,5,0.25735746535409976
23,0.1,recommended_solve,0.01,6,0.25533979998370915
23,0.1,recommended_solve,0.01,7,0.2550045199051016
23,0.1,recommended_solve,0.01,8,0.25417222899227737
23,0.1,recommended_solve,0.01,9,0.2531084383831652
23,0.1,recommended_solve,0.01,10,0.25155307805810345
23,0.1,recommended_solve,0.01,11,0.250191006230931
23,0.1,recommended_solve,0.01,12,0.24850665336963387
23,0.1,recommended_solve,0.01,13,0.2475425409231931
23,0.1,recommended_solve,0.01,14,0.24636939992187343
23,0.1,recommended_solve,0.01,15,0.24466007655961416
23,0.1,recommended_solve,0.01,16,0.24228521262756672
23,0.1,recommended_solve,0.01,17,0.23999450857011773
23,0.1,recommended_solve,0.01,18,0.23649607670567457
23,0.1,recommended_solve,0.01,19,0.23358967400546246
23,0.1,recommended_solve,0.01,20,0.22979992010959877
23,0.1,recommended_solve,0.01,21,0.22385507203724797
23,0.1,recommended_solve,0.01,22,0.21403373638319748
23,0.1,recommended_solve,0.01,23,0.20620146285449234
23,0.1,recommended_solve,0.01,24,0.1997441520582814
23,0.1,recommended_solve,0.01,25,0.19595403290723917
23,0.1,recommended_solve,0.01,26,0.19228986099515252
23,0.1,recommended_solve,0.01,27,0.188941893516241
23,0.1,recommended_solve,0.01,28,0.18442432778200776
23,0.1,recommended_solve,0.01,29,0.18001309495349527
23,0.1,recommended_solve,0.01,30,0.17083064083865518
23,0.1,recommended_solve,0.01,31,0.15568929198250434
23,0.1,recommended_solve,0.01,32,0.1266904311621424
23,0.1,recommended_solve,0.01,33,0.10354802647305208
23,0.1,recommended_solve,0.01,34,0.08732846336017189
23,0.1,recommended_solve,0.01,35,0.08097947292626025
23,0.1,recommended_solve,0.01,36,0.07470989214347253
23,0.1,recommended_solve,0.01,37,0.07086432220608047
23,0.1,recommended_solve,0.01,38,0.06781271272519367
23,0.1,recommended_solve,0.01,39,0.0659159565748629
23,0.1,recommended_solve,0.01,40,0.064330686713195
23,0.1,recommended_solve,0.01,41,0.06346514475015505
23,0.1,recommended_solve,0.01,42,0.06279184635761594
23,0.1,recommended_solve,0.01,43,0.06241697671228386
23,0.1,recommended_solve,0.01,44,0.062043166592458836
23,0.1,recommended_solve,0.01,45,0.06191965694361285
23,0.1,recommended_solve,0.01,46,0.06175830697926416
23,0.1,recommended_solve,0.01,47,0.061620046879102996
23,0.1,recommended_solve,0.01,48,0.06144703951124905
23,0.1,recommended_solve,0.01,49,0.061277743817040604
23,0.1,recommended_solve,0.01,50,0.06103382957311868
23,0.1,recommended_solve,0.01,51,0.06085249074502743
23,0.1,recommended_solve,0.01,52,0.060644628321687336
23,0.1,recommended_solve,0.01,53,0.060453983739480674
23,0.1,recommended_solve,0.01,54,0.060206653088980835
23,0.1,recommended_solve,0.01,55,0.059948930096070586
23,0.1,recommended_solve,0.01,56,0.05950966064223959
23,0.1,recommended_solve,0.01,57,0.05901186137013283
23,0.1,recommended_solve,0.01,58,0.05814505456835818
23,0.1,recommended_solve,0.01,59,0.057104216054501375
23,0.1,recommended_solve,0.01,60,0.05604304758601308
23,0.1,recommended_solve,0.01,61,0.05540724821642331
23,0.1,recommended_solve,0.01,62,0.05478025631950158
23,0.1,recommended_solve,0.01,63,0.05415664556640166
23,0.1,recommended_solve,0.01,64,0.05338232432078641
23,0.1,recommended_solve,0.01,65,0.05245294134469407
23,0.1,recommended_solve,0.01,66,0.05091888738939616
23,0.1,recommended_solve,0.01,67,0.04917339718209343
23,0.1,recommended_solve,0.01,68,0.046715354141416914
23,0.1,recommended_solve,0.01,69,0.0451517694775523
23,0.1,recommended_solve,0.01,70,0.043934456952344804
23,0.1,recommended_solve,0.01,71,0.0431584830494703
23,0.1,recommended_solve,0.01,72,0.04227990210014149
23,0.1,recommended_solve,0.01,73,0.04163537894564244
23,0.1,recommended_solve,0.01,74,0.04098165167376945
23,0.1,recommended_solve,0.01,75,0.040479368468665865
23,0.1,recommended_solve,0.01,76,0.03939698233844731
23,0.1,recommended_solve,0.01,77,0.03754351171003938
23,0.1,recommended_solve,0.01,78,0.03497827956895505
23,0.1,recommended_solve,0.01,79,0.033145244833495124
23,0.1,recommended_solve,0.01,80,0.03152267632930336
23,0.1,recommended_solve,0.01,81,0.030667903010268647
23,0.1,recommended_solve,0.01,82,0.02996634775938947
23,0.1,recommended_solve,0.01,83,0.029375881586377654
23,0.1,recommended_solve,0.01,84,0.0286324869056733
23,0.1,recommended_solve,0.01,85,0.028245682450631887
23,0.1,recommended_solve,0.01,86,0.02784086921590424
23,0.1,recommended_solve,0.01,87,0.027581659041549796
23,0.1,recommended_solve,0.01,88,0.02732870001404487
23,0.1,recommended_solve,0.01,89,0.027124962442260266
23,0.1,recommended_solve,0.01,90,0.026848028546802787
23,0.1,recommended_solve,0.01,91,0.02662383264435701
23,0.1,recommended_solve,0.01,92,0.02623485053827289
23,0.1,recommended_solve,0.01,93,0.025580614352468774
23,0.1,recommended_solve,0.01,94,0.024393838959510826
23,0.1,recommended_solve,0.01,95,0.023204265658035822
23,0.1,recommended_solve,0.01,96,0.0217754669491053
23,0.1,recommended_solve,0.01,97,0.020794976639118046
23,0.1,recommended_solve,0.01,98,0.020001035895004866
23,0.1,recommended_solve,0.01,99,0.01964665757652907
23,0.1,recommended_solve,0.01,100,0.019439124757326363
23,0.1,recommended_solve,0.01,101,0.019323656158573104
23,0.1,recommended_solve,0.01,102,0.019163426449065282
23,0.1,recommended_solve,0.01,103,0.018973462662079565
23,0.1,recommended_solve,0.01,104,0.018623474613630512
23,0.1,recommended_solve,0.01,105,0.018117274386334863
23,0.1,recommended_solve,0.01,106,0.016778082644831317
23,0.1,recommended_solve,0.01,107,0.014986218348766917
23,0.1,recommended_solve,0.01,108,0.012767290894303352
23,0.1,recommended_solve,0.01,109,0.010931741133400966
23,0.1,recommended_solve,0.01,110,0.00922573833240124
23,0.1,recommended_solve,0.01,111,0.008004984650423826
23,0.1,recommended_solve,0.01,112,0.007034305888115457
23,0.1,recommended_solve,0.01,113,0.006493204258353813
23,0.1,recommended_solve,0.01,114,0.005953815065855601
23,0.1,recommended_solve,0.01,115,0.005574106401318658
23,0.1,recommended_solve,0.01,116,0.004982445385268336
23,0.1,recommended_solve,0.01,117,0.004263841948678052
23,0.1,recommended_solve,0.01,118,0.0035674099952874324
23,0.1,recommended_solve,0.01,119,0.003245019007955572
23,0.1,recommended_solve,0.01,120,0.0030855320691643684
23,0.1,recommended_solve,0.01,121,0.003035821389771185
23,0.1,recommended_solve,0.01,122,0.003002320144560353
23,0.1,recommended_solve,0.01,123,0.002988505088496761
23,0.1,recommended_solve,0.01,124,0.0029761867101773874
23,0.1,recommended_solve,0.01,125,0.0029716960995426435
23,0.1,recommended_solve,0.01,126,0.0029657963637838864
23,0.1,recommended_solve,0.01,127,0.0029586041623832805
23,0.1,recommended_solve,0.01,128,0.0029440481209604516
23,0.1,recommended_solve,0.01,129,0.0029180568543149777
23,0.1,recommended_solve,0.01,130,0.002874285719103236
23,0.1,recommended_solve,0.01,131,0.002814245325936131
23,0.1,recommended_solve,0.01,132,0.002698895259992566
23,0.1,recommended_solve,0.01,133,0.0025219450368328383
23,0.1,recommended_solve,0.01,134,0.0022863883591635174
23,0.1,recommended_solve,0.01,135,0.0021491861224983318
23,0.1,recommended_solve,0.01,136,0.002071627888218078
23,0.1,recommended_solve,0.01,137,0.002051759790767746
23,0.1,recommended_solve,0.01,138,0.002045422463218866
23,0.1,recommended_solve,0.01,139,0.002042680099595694
23,0.1,recommended_solve,0.01,140,0.002040780208276395
23,0.1,recommended_solve,0.01,141,0.0020402734118634947
23,0.1,recommended_solve,0.01,142,0.0020398744117580605
23,0.1,recommended_solve,0.01,143,0.0020396065754006085
23,0.1,recommended_solve,0.01,144,0.0020393223643396657
23,0.1,recommended_solve,0.01,145,0.0020388656014372936
23,0.1,recommended_solve,0.01,146,0.002037958370120824
23,0.1,recommended_solve,0.01,147,0.0020364707658238118
23,0.1,recommended_solve,0.01,148,0.0020322204289623066
23,0.1,recommended_solve,0.01,149,0.0020223602563526634
23,0.1,recommended_solve,0.01,150,0.0019927986300193475
23,0.1,recommended_solve,0.01,151,0.001929559794532352
23,0.1,recommended_solve,0.01,152,0.0017567176217436363
23,0.1,recommended_solve,0.01,153,0.0015290646393944776
23,0.1,recommended_solve,0.01,154,0.0013261830242562425
23,0.1,recommended_solve,0.01,155,0.0012504706064546903
23,0.1,recommended_solve,0.01,156,0.0012191923594157743
23,0.1,recommended_solve,0.01,157,0.0012104054794006512
23,0.1,recommended_solve,0.01,158,0.001205191112439109
23,0.1,recommended_solve,0.01,159,0.0012028686921093708
23,0.1,recommended_solve,0.01,160,0.0012010880478833161
23,0.1,recommended_solve,0.01,161,0.001197613725051215
23,0.1,recommended_solve,0.01,162,0.0011899032588935476
23,0.1,recommended_solve,0.01,163,0.0011739615849392948
23,0.1,recommended_solve,0.01,164,0.001114413060013112
23,0.1,recommended_solve,0.01,165,0.0009742368660307573
23,0.1,recommended_solve,0.01,166,0.0006715902631640968
23,0.1,recommended_solve,0.01,167,0.00039401281699055947
23,0.1,recommended_solve,0.01,168,0.0002033569274345676
23,0.1,recommended_solve,0.01,169,0.00011430098880118718
23,0.1,recommended_solve,0.01,170,6.104021425596766e-05
23,0.1,recommended_solve,0.01,171,3.581990301327004e-05
23,0.1,recommended_solve,0.01,172,1.9014947083066253e-05
23,0.1,recommended_solve,0.01,173,1.1024255883309065e-05
23,0.1,recommended_solve,0.01,174,5.545009723057433e-06
23,0.1,recommended_solve,0.01,175,3.1704786491118e-06
23,0.1,recommended_solve,0.01,176,1.8439268416000806e-06
23,0.1,recommended_solve,0.01,177,1.0756344504148557e-06
23,0.1,recommended_solve,0.01,178,5.407910425429043e-07
23,0.2,probe,1e-12,0,1.0
23,0.2,probe,1e-12,1,0.5344614717345011
23,0.2,probe,1e-12,2,0.5004449330995051
23,0.2,probe,1e-12,3,0.4547396988576547
23,0.2,probe,1e-12,4,0.43167613545744454
23,0.2,probe,1e-12,5,0.4124434732905082
23,0.2,probe,1e-12,6,0.39715636777772234
23,0.2,probe,1e-12,7,0.38437086130240383
23,0.2,probe,1e-12,8,0.3795978992677629
23,0.2,probe,1e-12,9,0.3737326490388779
23,0.2,probe,1e-12,10,0.36962623752701396
23,0.2,probe,1e-12,11,0.3665772382523088
23,0.2,probe,1e-12,12,0.3656880297910706
23,0.2,probe,1e-12,13,0.36366637942186364
23,0.2,probe,1e-12,14,0.36176796335785466
23,0.2,probe,1e-12,15,0.36080390055331096
23,0.2,probe,1e-12,16,0.36035818219921806
23,0.2,probe,1e-12,17,0.35912539927556136
23,0.2,probe,1e-12,18,0.358259139622322
23,0.2,probe,1e-12,19,0.35790066564566897
23,0.2,probe,1e-12,20,0.357662689753969
23,0.2,probe,1e-12,21,0.3571220163761047
23,0.2,probe,1e-12,22,0.3566935918898396
23,0.2,probe,1e-12,23,0.3565657587542477
23,0.2,probe,1e-12,24,0.3564104061759725
23,0.2,probe,1e-12,25,0.35609447297723756
23,0.2,probe,1e-12,26,0.3558783638738616
23,0.2,probe,1e-12,27,0.3558182214279654
23,0.2,probe,1e-12,28,0.3557854434947657
23,0.2,probe,1e-12,29,0.3555571090827546
23,0.2,probe,1e-12,30,0.3555040078647275
23,0.2,probe,1e-12,31,0.3553869841773442
23,0.2,probe,1e-12,32,0.3553364101174064
23,0.2,probe,1e-12,33,0.3552982785186658
23,0.2,probe,1e-12,34,0.3552307523288857
23,0.2,probe,1e-12,35,0.35521040233435003
23,0.2,probe,1e-12,36,0.35514584751201805
23,0.2,probe,1e-12,37,0.35507125987239974
23,0.2,probe,1e-12,38,0.35504782786537226
23,0.2,probe,1e-12,39,0.35503263989663575
23,0.2,probe,1e-12,40,0.35501969605255346
23,0.2,probe,1e-12,41,0.35490748344295203
23,0.2,probe,1e-12,42,0.354889854782119
23,0.2,probe,1e-12,43,0.3548813910286578
23,0.2,probe,1e-12,44,0.35485094586530497
23,0.2,probe,1e-12,45,0.35481817505779806
23,0.2,probe,1e-12,46,0.3547874288802943
23,0.2,probe,1e-12,47,0.3547807481842598
23,0.2,probe,1e-12,48,0.3547649636257621
23,0.2,probe,1e-12,49,0.35475605304786584
23,0.2,probe,1e-12,50,0.3547472125040963
23,0.2,probe,1e-12,51,0.35472903033695163
23,0.2,probe,1e-12,52,0.3547141597197418
23,0.2,probe,1e-12,53,0.3547052061102741
23,0.2,probe,1e-12,54,0.3547034042590878
23,0.2,probe,1e-12,55,0.3547028490260355
23,0.2,probe,1e-12,56,0.3546820135368709
23,0.2,probe,1e-12,57,0.35468196374364785
23,0.2,probe,1e-12,58,0.3546771818542417
23,0.2,probe,1e-12,59,0.35467705312981185
23,0.2,probe,1e-12,60,0.3546696904346934
23,0.2,probe,1e-12,61,0.3546643628186401
23,0.2,probe,1e-12,62,0.3546602593395885
23,0.2,probe,1e-12,63,0.3546548645058591
23,0.2,probe,1e-12,64,0.3546499532408515
23,0.2,probe,1e-12,65,0.3546489108345944
23,0.2,probe,1e-12,66,0.35464626672175714
23,0.2,probe,1e-12,67,0.354644469699342
23,0.2,probe,1e-12,68,0.35463823690224355
23,0.2,probe,1e-12,69,0.3546323820308778
23,0.2,probe,1e-12,70,0.35463238102620265
23,0.2,probe,1e-12,71,0.3546308124717723
23,0.2,probe,1e-12,72,0.3546257577315753
23,0.2,probe,1e-12,73,0.35460664852170254
23,0.2,probe,1e-12,74,0.35460406244116627
23,0.2,probe,1e-12,75,0.35460352784220267
23,0.2,probe,1e-12,76,0.354581675969955
23,0.2,probe,1e-12,77,0.3545642637993558
23,0.2,probe,1e-12,78,0.3545637358768146
23,0.2,probe,1e-12,79,0.3545636866331157
23,0.2,probe,1e-12,80,0.35455183324558676
23,0.2,probe,1e-12,81,0.3545478076416555
23,0.2,probe,1e-12,82,0.35454760153187725
23,0.2,probe,1e-12,83,0.35454380458699725
23,0.2,probe,1e-12,84,0.3545388054547632
23,0.2,probe,1e-12,85,0.3545385306213613
23,0.2,probe,1e-12,86,0.3545338682037054
23,0.2,probe,1e-12,87,0.354510953708001
23,0.2,probe,1e-12,88,0.35450682217906043
23,0.2,probe,1e-12,89,0.3545068220942544
23,0.2,probe,1e-12,90,0.354499825879552
23,0.2,probe,1e-12,91,0.3544964507463618
23,0.2,probe,1e-12,92,0.3544870930192061
23,0.2,probe,1e-12,93,0.35448009505461286
23,0.2,probe,1e-12,94,0.3544799179382395
23,0.2,probe,1e-12,95,0.35447437133611076
23,0.2,probe,1e-12,96,0.3544710431438731
23,0.2,probe,1e-12,97,0.35446508787735426
23,0.2,probe,1e-12,98,0.35446244731305954
23,0.2,probe,1e-12,99,0.3544603345404117
23,0.2,probe,1e-12,100,0.35445782611605053
23,0.2,recommended_solve,1e-10,0,1.0
23,0.2,recommended_solve,1e-10,1,0.5344684903144774
23,0.2,recommended_solve,1e-10,2,0.5004277912611875
23,0.2,recommended_solve,1e-10,3,0.45475410808254296
23,0.2,recommended_solve,1e-10,4,0.43166921172978245
23,0.2,recommended_solve,1e-10,5,0.41239121933592415
23,0.2,recommended_solve,1e-10,6,0.39718745606659134
23,0.2,recommended_solve,1e-10,7,0.38441711590252026
23,0.2,recommended_solve,1e-10,8,0.37955436069314913
23,0.2,recommended_solve,1e-10,9,0.3737666867542326
23,0.2,recommended_solve,1e-10,10,0.36970875726986724
23,0.2,recommended_solve,1e-10,11,0.3665937670180215
23,0.2,recommended_solve,1e-10,12,0.36572913180382727
23,0.2,recommended_solve,1e-10,13,0.3637271771915604
23,0.2,recommended_solve,1e-10,14,0.3617971051220147
23,0.2,recommended_solve,1e-10,15,0.3608351590248242
23,0.2,recommended_solve,1e-10,16,0.36040046073558984
23,0.2,recommended_solve,1e-10,17,0.3591593778239773
23,0.2,recommended_solve,1e-10,18,0.3582777889363417
23,0.2,recommended_solve,1e-10,19,0.35794577752261025
23,0.2,recommended_solve,1e-10,20,0.35769782148705903
23,0.2,recommended_solve,1e-10,21,0.3571313955991296
23,0.2,recommended_solve,1e-10,22,0.3567390276869788
23,0.2,recommended_solve,1e-10,23,0.35661382850101536
23,0.2,recommended_solve,1e-10,24,0.3564346232126734
23,0.2,recommended_solve,1e-10,25,0.356141268725282
23,0.2,recommended_solve,1e-10,26,0.3559374090372873
23,0.2,recommended_solve,1e-10,27,0.35585399721654143
23,0.2,recommended_solve,1e-10,28,0.35580664092844505
23,0.2,recommended_solve,1e-10,29,0.3556358306304312
23,0.2,recommended_solve,1e-10,30,0.35562279365434174
23,0.2,recommended_solve,1e-10,31,0.35547646111237535
23,0.2,recommended_solve,1e-10,32,0.3553707134912261
23,0.2,recommended_solve,1e-10,33,0.3553235639730846
23,0.2,recommended_solve,1e-10,34,0.3552659554461769
23,0.2,recommended_solve,1e-10,35,0.35524255978787933
23,0.2,recommended_solve,1e-10,36,0.3552178841104668
23,0.2,recommended_solve,1e-10,37,0.3551571108340505
23,0.2,recommended_solve,1e-10,38,0.3551025742275892
23,0.2,recommended_solve,1e-10,39,0.3550725147075114
23,0.2,recommended_solve,1e-10,40,0.35506948130543226
23,0.2,recommended_solve,1e-10,41,0.35500916072059296
23,0.2,recommended_solve,1e-10,42,0.3549714543836261
23,0.2,recommended_solve,1e-10,43,0.3549507765021053
23,0.2,recommended_solve,1e-10,44,0.35490917556050894
23,0.2,recommended_solve,1e-10,45,0.35489269749857066
23,0.2,recommended_solve,1e-10,46,0.3548867408020303
23,0.2,recommended_solve,1e-10,47,0.35485204375730867
23,0.2,recommended_solve,1e-10,48,0.35483839738586015
23,0.2,recommended_solve,1e-10,49,0.3548231916924467
23,0.2,recommended_solve,1e-10,50,0.35482148691028315
23,0.2,recommended_solve,1e-10,51,0.3548038100680593
23,0.2,recommended_solve,1e-10,52,0.3548013514184061
23,0.2,recommended_solve,1e-10,53,0.35478526300072666
23,0.2,recommended_solve,1e-10,54,0.35474726384218513
23,0.2,recommended_solve,1e-10,55,0.35474664292163177
23,0.2,recommended_solve,1e-10,56,0.35474505043683807
23,0.2,recommended_solve,1e-10,57,0.3547374738253651
23,0.2,recommended_solve,1e-10,58,0.35472268182390454
23,0.2,recommended_solve,1e-10,59,0.35471957602129695
23,0.2,recommended_solve,1e-10,60,0.35471220386415164
23,0.2,recommended_solve,1e-10,61,0.35471113168596324
23,0.2,recommended_solve,1e-10,62,0.3547093133166592
23,0.2,recommended_solve,1e-10,63,0.3547088091127713
23,0.2,recommended_solve,1e-10,64,0.3546840497249042
23,0.2,recommended_solve,1e-10,65,0.3546774534340604
23,0.2,recommended_solve,1e-10,66,0.35467733877053176
23,0.2,recommended_solve,1e-10,67,0.3546769970862915
23,0.2,recommended_solve,1e-10,68,0.3546766350370629
23,0.2,recommended_solve,1e-10,69,0.35467152080625103
23,0.2,recommended_solve,1e-10,70,0.3546592780533781
23,0.2,recommended_solve,1e-10,71,0.3546566879017465
23,0.2,recommended_solve,1e-10,72,0.3546565197906493
23,0.2,recommended_solve,1e-10,73,0.3546457981963465
23,0.2,recommended_solve,1e-10,74,0.35462891072643976
23,0.2,recommended_solve,1e-10,75,0.35461655691363847
23,0.2,recommended_solve,1e-10,76,0.35461355771408004
23,0.2,recommended_solve,1e-10,77,0.35460534273108885
23,0.2,recommended_solve,1e-10,78,0.3546003704478914
23,0.2,recommended_solve,1e-10,79,0.3545994785572899
23,0.2,recommended_solve,1e-10,80,0.35459345653851554
23,0.2,recommended_solve,1e-10,81,0.3545838300817904
23,0.2,recommended_solve,1e-10,82,0.3545836974584596
23,0.2,recommended_solve,1e-10,83,0.35458152926401154
23,0.2,recommended_solve,1e-10,84,0.35457923470562835
23,0.2,recommended_solve,1e-10,85,0.3545625234023979
23,0.2,recommended_solve,1e-10,86,0.354547499168663
23,0.2,recommended_solve,1e-10,87,0.35454516869434727
23,0.2,recommended_solve,1e-10,88,0.3545449300779191
23,0.2,recommended_solve,1e-10,89,0.3545343908186079
23,0.2,recommended_solve,1e-10,90,0.3544968270013872
23,0.2,recommended_solve,1e-10,91,0.35449632106068735
23,0.2,recommended_solve,1e-10,92,0.3544959764985113
23,0.2,recommended_solve,1e-10,93,0.3544906289397843
23,0.2,recommended_solve,1e-10,94,0.3544898081731928
23,0.2,recommended_solve,1e-10,95,0.35448972489393316
23,0.2,recommended_solve,1e-10,96,0.3544876877706437
23,0.2,recommended_solve,1e-10,97,0.35448249057770026
23,0.2,recommended_solve,1e-10,98,0.35447837145963007
23,0.2,recommended_solve,1e-10,99,0.3544773436337391
23,0.2,recommended_solve,1e-10,100,0.3544765703554742
23,0.2,recommended_solve,1e-10,101,0.35447530570727687
23,0.2,recommended_solve,1e-10,102,0.354471443401778
23,0.2,recommended_solve,1e-10,103,0.3544699673595739
23,0.2,recommended_solve,1e-10,104,0.354469963081139
23,0.2,recommended_solve,1e-10,105,0.3544692291006817
23,0.2,recommended_solve,1e-10,106,0.35446920431542467
23,0.2,recommended_solve,1e-10,107,0.3544687578659694
23,0.2,recommended_solve,1e-10,108,0.3544617258577614
23,0.2,recommended_solve,1e-10,109,0.3544616880950502
23,0.2,recommended_solve,1e-10,110,0.35446139049789815
23,0.2,recommended_solve,1e-10,111,0.35445338958191136
23,0.2,recommended_solve,1e-10,112,0.35445039612312074
23,0.2,recommended_solve,1e-10,113,0.3544480907567644
23,0.2,recommended_solve,1e-10,114,0.35444722759126623
23,0.2,recommended_solve,1e-10,115,0.35444502469671063
23,0.2,recommended_solve,1e-10,116,0.35444168436975665
23,0.2,recommended_solve,1e-10,117,0.3544406046943163
23,0.2,recommended_solve,1e-10,118,0.35443525427547395
23,0.2,recommended_solve,1e-10,119,0.35443063631291133
23,0.2,recommended_solve,1e-10,120,0.35443060279949345
23,0.2,recommended_solve,1e-10,121,0.3544303381039669
23,0.2,recommended_solve,1e-10,122,0.35442475110996924
23,0.2,recommended_solve,1e-10,123,0.3544187427181725
23,0.2,recommended_solve,1e-10,124,0.35441659508525236
23,0.2,recommended_solve,1e-10,125,0.3544115883051731
23,0.2,recommended_solve,1e-10,126,0.3544066052431817
23,0.2,recommended_solve,1e-10,127,0.35440036884225123
23,0.2,recommended_solve,1e-10,128,0.354400368777812
23,0.2,recommended_solve,1e-10,129,0.3543886369882683
23,0.2,recommended_solve,1e-10,130,0.35438857847996263
23,0.2,recommended_solve,1e-10,131,0.3543879771709902
23,0.2,recommended_solve,1e-10,132,0.3543800805978191
23,0.2,recommended_solve,1e-10,133,0.3543730001783232
23,0.2,recommended_solve,1e-10,134,0.35437034983602755
23,0.2,recommended_solve,1e-10,135,0.3543703291578524
23,0.2,recommended_solve,1e-10,136,0.3543566839567308
23,0.2,recommended_solve,1e-10,137,0.35434854578647473
23,0.2,recommended_solve,1e-10,138,0.3543479040217368
23,0.2,recommended_solve,1e-10,139,0.35434789797617877
23,0.2,recommended_solve,1e-10,140,0.35434788985818966
23,0.2,recommended_solve,1e-10,141,0.3543463821060232
23,0.2,recommended_solve,1e-10,142,0.35434078620014553
23,0.2,recommended_solve,1e-10,143,0.35434029246031307
23,0.2,recommended_solve,1e-10,144,0.3543392297112104
23,0.2,recommended_solve,1e-10,145,0.3543384051086066
23,0.2,recommended_solve,1e-10,146,0.3543339928456393
23,0.2,recommended_solve,1e-10,147,0.3543335979077235
23,0.2,recommended_solve,1e-10,148,0.3543292332782568
23,0.2,recommended_solve,1e-10,149,0.35432726081516713
23,0.2,recommended_solve,1e-10,150,0.35432083553427357
23,0.2,recommended_solve,1e-10,151,0.35431771477853624
23,0.2,recommended_solve,1e-10,152,0.3543145918217596
23,0.2,recommended_solve,1e-10,153,0.354314518071884
23,0.2,recommended_solve,1e-10,154,0.3543128273279611
23,0.2,recommended_solve,1e-10,155,0.3543093406502493
23,0.2,recommended_solve,1e-10,156,0.35430455516909026
23,0.2,recommended_solve,1e-10,157,0.3543031203053738
23,0.2,recommended_solve,1e-10,158,0.3543031191159881
23,0.2,recommended_solve,1e-10,159,0.35429924690035475
23,0.2,recommended_solve,1e-10,160,0.3542911877016416
23,0.2,recommended_solve,1e-10,161,0.3542862157215944
23,0.2,recommended_solve,1e-10,162,0.35428231214187084
23,0.2,recommended_solve,1e-10,163,0.3542822954826138
23,0.2,recommended_solve,1e-10,164,0.35428189148907246
23,0.2,recommended_solve,1e-10,165,0.35427958276136623
23,0.2,recommended_solve,1e-10,166,0.3542710149065978
23,0.2,recommended_solve,1e-10,167,0.35426723817184935
23,0.2,recommended_solve,1e-10,168,0.35426024800627004
23,0.2,recommended_solve,1e-10,169,0.3542599226881409
23,0.2,recommended_solve,1e-10,170,0.3542441868760621
23,0.2,recommended_solve,1e-10,171,0.35424149636595115
23,0.2,recommended_solve,1e-10,172,0.3542414662939663
23,0.2,recommended_solve,1e-10,173,0.3542402046175279
23,0.2,recommended_solve,1e-10,174,0.35423921983379186
23,0.2,recommended_solve,1e-10,175,0.3542392180383014
23,0.2,recommended_solve,1e-10,176,0.35423446488535243
23,0.2,recommended_solve,1e-10,177,0.3542199814618034
23,0.2,recommended_solve,1e-10,178,0.35421904132931875
23,0.2,recommended_solve,1e-10,179,0.35421802582173806
23,0.2,recommended_solve,1e-10,180,0.3542172766744722
23,0.2,recommended_solve,1e-10,181,0.3542047355904791
23,0.2,recommended_solve,1e-10,182,0.35419134001416475
23,0.2,recommended_solve,1e-10,183,0.3541898517988661
23,0.2,recommended_solve,1e-10,184,0.3541843462958308
23,0.2,recommended_solve,1e-10,185,0.3541806050527763
23,0.2,recommended_solve,1e-10,186,0.35417414640198336
23,0.2,recommended_solve,1e-10,187,0.3541646800544264
23,0.2,recommended_solve,1e-10,188,0.3541540815287186
23,0.2,recommended_solve,1e-10,189,0.3541392511982202
23,0.2,recommended_solve,1e-10,190,0.35413868103809865
23,0.2,recommended_solve,1e-10,191,0.3541315509547369
23,0.2,recommended_solve,1e-10,192,0.35411515417052014
23,0.2,recommended_solve,1e-10,193,0.3541033987551112
23,0.2,recommended_solve,1e-10,194,0.35409854509424826
23,0.2,recommended_solve,1e-10,195,0.3540982110410257
23,0.2,recommended_solve,1e-10,196,0.3540693984036655
23,0.2,recommended_solve,1e-10,197,0.35404204517715243
23,0.2,recommended_solve,1e-10,198,0.354025095115683
23,0.2,recommended_solve,1e-10,199,0.35399382153826714
23,0.2,recommended_solve,1e-10,200,0.3539834339108627
23,0.2,recommended_solve,1e-10,201,0.3539737189905983
23,0.2,recommended_solve,1e-10,202,0.353962663003851
23,0.2,recommended_solve,1e-10,203,0.3539399138605713
23,0.2,recommended_solve,1e-10,204,0.3539305175138395
23,0.2,recommended_solve,1e-10,205,0.3539267436475438
23,0.2,recommended_solve,1e-10,206,0.3539152875129277
23,0.2,recommended_solve,1e-10,207,0.3538824893385626
23,0.2,recommended_solve,1e-10,208,0.35385403379029196
23,0.2,recommended_solve,1e-10,209,0.353850526939715
23,0.2,recommended_solve,1e-10,210,0.35385041466250217
23,0.2,recommended_solve,1e-10,211,0.3538268988119131
23,0.2,recommended_solve,1e-10,212,0.35378404138436254
23,0.2,recommended_solve,1e-10,213,0.35377284171779355
23,0.2,recommended_solve,1e-10,214,0.35377259009212714
23,0.2,recommended_solve,1e-10,215,0.35376771199239254
23,0.2,recommended_solve,1e-10,216,0.35374565284718634
23,0.2,recommended_solve,1e-10,217,0.35373941199198006
23,0.2,recommended_solve,1e-10,218,0.3537303606251745
23,0.2,recommended_solve,1e-10,219,0.3537232748944178
23,0.2,recommended_solve,1e-10,220,0.3537215792162752
23,0.2,recommended_solve,1e-10,221,0.3537041818154821
23,0.2,recommended_solve,1e-10,222,0.35367371572848744
23,0.2,recommended_solve,1e-10,223,0.353656682668974
23,0.2,recommended_solve,1e-10,224,0.35364820551907367
23,0.2,recommended_solve,1e-10,225,0.3536444391660383
23,0.2,recommended_solve,1e-10,226,0.3536125603290141
23,0.2,recommended_solve,1e-10,227,0.35360190320300805
23,0.2,recommended_solve,1e-10,228,0.3535849351418962
23,0.2,recommended_solve,1e-10,229,0.35358205288651656
23,0.2,recommended_solve,1e-10,230,0.35356657199847735
23,0.2,recommended_solve,1e-10,231,0.35353282580418427
23,0.2,recommended_solve,1e-10,232,0.3535016827787411
23,0.2,recommended_solve,1e-10,233,0.3534842315688417
23,0.2,recommended_solve,1e-10,234,0.35346627915771434
23,0.2,recommended_solve,1e-10,235,0.35343363075943424
23,0.2,recommended_solve,1e-10,236,0.3533915946565563
23,0.2,recommended_solve,1e-10,237,0.3533160398002738
23,0.2,recommended_solve,1e-10,238,0.35327580159842753
23,0.2,recommended_solve,1e-10,239,0.3532636564707907
23,0.2,recommended_solve,1e-10,240,0.35324584176151763
23,0.2,recommended_solve,1e-10,241,0.35319593611099226
23,0.2,recommended_solve,1e-10,242,0.35313131464253067
23,0.2,recommended_solve,1e-10,243,0.35310122314525466
23,0.2,recommended_solve,1e-10,244,0.3530909666394921
23,0.2,recommended_solve,1e-10,245,0.35302396241415374
23,0.2,recommended_solve,1e-10,246,0.35292128296169517
23,0.2,recommended_solve,1e-10,247,0.35288236382951954
23,0.2,recommended_solve,1e-10,248,0.35285589396596717
23,0.2,recommended_solve,1e-10,249,0.35280530630213797
23,0.2,recommended_solve,1e-10,250,0.35274684126698613
23,0.2,recommended_solve,1e-10,251,0.3526820859321416
23,0.2,recommended_solve,1e-10,252,0.3525938349412617
23,0.2,recommended_solve,1e-10,253,0.3525114793535364
23,0.2,recommended_solve,1e-10,254,0.3524508815807898
23,0.2,recommended_solve,1e-10,255,0.35240816237294165
23,0.2,recommended_solve,1e-10,256,0.3522873429659379
23,0.2,recommended_solve,1e-10,257,0.3521864866303198
23,0.2,recommended_solve,1e-10,258,0.35210990124758546
23,0.2,recommended_solve,1e-10,259,0.3520349292095472
23,0.2,recommended_solve,1e-10,260,0.3519611495586518
23,0.2,recommended_solve,1e-10,261,0.351905981332658
23,0.2,recommended_solve,1e-10,262,0.3518289312938461
23,0.2,recommended_solve,1e-10,263,0.35173483426268615
23,0.2,recommended_solve,1e-10,264,0.351705452282246
23,0.2,recommended_solve,1e-10,265,0.35164846127456456
23,0.2,recommended_solve,1e-10,266,0.35160190137480224
23,0.2,recommended_solve,1e-10,267,0.3515288707153872
23,0.2,recommended_solve,1e-10,268,0.3514795960979346
23,0.2,recommended_solve,1e-10,269,0.3514175750829738
23,0.2,recommended_solve,1e-10,270,0.35139528472477366
23,0.2,recommended_solve,1e-10,271,0.35134718089631867
23,0.2,recommended_solve,1e-10,272,0.3512861804231986
23,0.2,recommended_solve,1e-10,273,0.35124246158323974
23,0.2,recommended_solve,1e-10,274,0.3512248901971141
23,0.2,recommended_solve,1e-10,275,0.3511740626171922
23,0.2,recommended_solve,1e-10,276,0.3511300776479505
23,0.2,recommended_solve,1e-10,277,0.35107397372180027
23,0.2,recommended_solve,1e-10,278,0.3509783370673704
23,0.2,recommended_solve,1e-10,279,0.35088271892351836
23,0.2,recommended_solve,1e-10,280,0.3508330311092631
23,0.2,recommended_solve,1e-10,281,0.35078537323861114
23,0.2,recommended_solve,1e-10,282,0.35070929072846385
23,0.2,recommended_solve,1e-10,283,0.3506316508969248
23,0.2,recommended_solve,1e-10,284,0.35055095416561655
23,0.2,recommended_solve,1e-10,285,0.3504733668982672
23,0.2,recommended_solve,1e-10,286,0.35041910376654223
23,0.2,recommended_solve,1e-10,287,0.3503544756367812
23,0.2,recommended_solve,1e-10,288,0.35027489407380236
23,0.2,recommended_solve,1e-10,289,0.3501863775178351
23,0.2,recommended_solve,1e-10,290,0.3501273177692272
23,0.2,recommended_solve,1e-10,291,0.35007208816814755
23,0.2,recommended_solve,1e-10,292,0.34995681820784347
23,0.2,recommended_solve,1e-10,293,0.3498267516669367
23,0.2,recommended_solve,1e-10,294,0.34968933911795247
23,0.2,recommended_solve,1e-10,295,0.3495733297132152
23,0.2,recommended_solve,1e-10,296,0.3494510678412912
23,0.2,recommended_solve,1e-10,297,0.3492988839411858
23,0.2,recommended_solve,1e-10,298,0.3490322095276722
23,0.2,recommended_solve,1e-10,299,0.3488366109641517
23,0.2,recommended_solve,1e-10,300,0.34866661319231174
23,0.2,recommended_solve,1e-08,0,1.0
23,0.2,recommended_solve,1e-08,1,0.5344801429156062
23,0.2,recommended_solve,1e-08,2,0.5004473972329827
23,0.2,recommended_solve,1e-08,3,0.45476191334983673
23,0.2,recommended_solve,1e-08,4,0.43158117593571793
23,0.2,recommended_solve,1e-08,5,0.4123711704604736
23,0.2,recommended_solve,1e-08,6,0.39716005883108196
23,0.2,recommended_solve,1e-08,7,0.3842950224244005
23,0.2,recommended_solve,1e-08,8,0.37945861989093654
23,0.2,recommended_solve,1e-08,9,0.3736805284477107
23,0.2,recommended_solve,1e-08,10,0.36964312290165324
23,0.2,recommended_solve,1e-08,11,0.366556957071944
23,0.2,recommended_solve,1e-08,12,0.36565407162679964
23,0.2,recommended_solve,1e-08,13,0.36365261457759906
23,0.2,recommended_solve,1e-08,14,0.3618013200747575
23,0.2,recommended_solve,1e-08,15,0.36080562511856396
23,0.2,recommended_solve,1e-08,16,0.3603357409624539
23,0.2,recommended_solve,1e-08,17,0.35912265848285113
23,0.2,recommended_solve,1e-08,18,0.35824247655270325
23,0.2,recommended_solve,1e-08,19,0.3578970713910265
23,0.2,recommended_solve,1e-08,20,0.3576411156291515
23,0.2,recommended_solve,1e-08,21,0.35707969420289315
23,0.2,recommended_solve,1e-08,22,0.3566531195857601
23,0.2,recommended_solve,1e-08,23,0.3565037401661851
23,0.2,recommended_solve,1e-08,24,0.35636311406149723
23,0.2,recommended_solve,1e-08,25,0.356077358935192
23,0.2,recommended_solve,1e-08,26,0.35579132010063663
23,0.2,recommended_solve,1e-08,27,0.3557083122665219
23,0.2,recommended_solve,1e-08,28,0.355666184965505
23,0.2,recommended_solve,1e-08,29,0.3554445583059483
23,0.2,recommended_solve,1e-08,30,0.3554099165516196
23,0.2,recommended_solve,1e-08,31,0.3552582404491457
23,0.2,recommended_solve,1e-08,32,0.3551459110170471
23,0.2,recommended_solve,1e-08,33,0.3550762485215133
23,0.2,recommended_solve,1e-08,34,0.3550382386849082
23,0.2,recommended_solve,1e-08,35,0.3550047724517849
23,0.2,recommended_solve,1e-08,36,0.35493432390694474
23,0.2,recommended_solve,1e-08,37,0.3548614678951286
23,0.2,recommended_solve,1e-08,38,0.35479750405291016
23,0.2,recommended_solve,1e-08,39,0.35474578524276523
23,0.2,recommended_solve,1e-08,40,0.35471833670137265
23,0.2,recommended_solve,1e-08,41,0.354645097508627
23,0.2,recommended_solve,1e-08,42,0.3546046903087865
23,0.2,recommended_solve,1e-08,43,0.35455184270994894
23,0.2,recommended_solve,1e-08,44,0.3545057338568365
23,0.2,recommended_solve,1e-08,45,0.35445329794391073
23,0.2,recommended_solve,1e-08,46,0.35439588039126274
23,0.2,recommended_solve,1e-08,47,0.35435700362565303
23,0.2,recommended_solve,1e-08,48,0.3543355688006232
23,0.2,recommended_solve,1e-08,49,0.3542882973244304
23,0.2,recommended_solve,1e-08,50,0.3542475519677729
23,0.2,recommended_solve,1e-08,51,0.35419566819498993
23,0.2,recommended_solve,1e-08,52,0.3541938761742692
23,0.2,recommended_solve,1e-08,53,0.3541233583073349
23,0.2,recommended_solve,1e-08,54,0.3540606381784951
23,0.2,recommended_solve,1e-08,55,0.35405277522225787
23,0.2,recommended_solve,1e-08,56,0.35403076016695806
23,0.2,recommended_solve,1e-08,57,0.35400793485443893
23,0.2,recommended_solve,1e-08,58,0.35398567715589085
23,0.2,recommended_solve,1e-08,59,0.35393610394982017
23,0.2,recommended_solve,1e-08,60,0.35385622544206624
23,0.2,recommended_solve,1e-08,61,0.3538040891814735
23,0.2,recommended_solve,1e-08,62,0.35378642599459265
23,0.2,recommended_solve,1e-08,63,0.3537459586724939
23,0.2,recommended_solve,1e-08,64,0.35359055939699346
23,0.2,recommended_solve,1e-08,65,0.35352803963597607
23,0.2,recommended_solve,1e-08,66,0.35346471055636974
23,0.2,recommended_solve,1e-08,67,0.35338580101733935
23,0.2,recommended_solve,1e-08,68,0.3533197503717802
23,0.2,recommended_solve,1e-08,69,0.3531383346156957
23,0.2,recommended_solve,1e-08,70,0.3529724690853178
23,0.2,recommended_solve,1e-08,71,0.3527360786493417
23,0.2,recommended_solve,1e-08,72,0.3525210216019597
23,0.2,recommended_solve,1e-08,73,0.35216748839473005
23,0.2,recommended_solve,1e-08,74,0.3518639447806542
23,0.2,recommended_solve,1e-08,75,0.3513568525269083
23,0.2,recommended_solve,1e-08,76,0.3510516537660934
23,0.2,recommended_solve,1e-08,77,0.35075559567676334
23,0.2,recommended_solve,1e-08,78,0.35043793094671655
23,0.2,recommended_solve,1e-08,79,0.35006274381531755
23,0.2,recommended_solve,1e-08,80,0.3498610963606147
23,0.2,recommended_solve,1e-08,81,0.34946027662043855
23,0.2,recommended_solve,1e-08,82,0.3491587233766873
23,0.2,recommended_solve,1e-08,83,0.34887077351740725
23,0.2,recommended_solve,1e-08,84,0.34859176368681044
23,0.2,recommended_solve,1e-08,85,0.34828865048401153
23,0.2,recommended_solve,1e-08,86,0.34796182406081944
23,0.2,recommended_solve,1e-08,87,0.3475760089394753
23,0.2,recommended_solve,1e-08,88,0.3472968876851904
23,0.2,recommended_solve,1e-08,89,0.34683968887284466
23,0.2,recommended_solve,1e-08,90,0.3465408823089131
23,0.2,recommended_solve,1e-08,91,0.346170841362057
23,0.2,recommended_solve,1e-08,92,0.345805640520336
23,0.2,recommended_solve,1e-08,93,0.34529831603019073
23,0.2,recommended_solve,1e-08,94,0.34500760224675486
23,0.2,recommended_solve,1e-08,95,0.34463491998680984
23,0.2,recommended_solve,1e-08,96,0.34426845209302787
23,0.2,recommended_solve,1e-08,97,0.343767121041791
23,0.2,recommended_solve,1e-08,98,0.3434164667830274
23,0.2,recommended_solve,1e-08,99,0.3429976286493819
23,0.2,recommended_solve,1e-08,100,0.3427102689542551
23,0.2,recommended_solve,1e-08,101,0.3423517376270919
23,0.2,recommended_solve,1e-08,102,0.34193813379026355
23,0.2,recommended_solve,1e-08,103,0.3414827861527783
23,0.2,recommended_solve,1e-08,104,0.3410961017989541
23,0.2,recommended_solve,1e-08,105,0.3407535132833131
23,0.2,recommended_solve,1e-08,106,0.3404209915886416
23,0.2,recommended_solve,1e-08,107,0.33985439602643813
23,0.2,recommended_solve,1e-08,108,0.33932845262145667
23,0.2,recommended_solve,1e-08,109,0.33879291224554076
23,0.2,recommended_solve,1e-08,110,0.33828709934715995
23,0.2,recommended_solve,1e-08,111,0.3374759429027649
23,0.2,recommended_solve,1e-08,112,0.3369026371028191
23,0.2,recommended_solve,1e-08,113,0.3360407628395295
23,0.2,recommended_solve,1e-08,114,0.33528356865669384
23,0.2,recommended_solve,1e-08,115,0.33432928662349404
23,0.2,recommended_solve,1e-08,116,0.33371129472949
23,0.2,recommended_solve,1e-08,117,0.33289840820441624
23,0.2,recommended_solve,1e-08,118,0.3319902150227998
23,0.2,recommended_solve,1e-08,119,0.33092107885289174
23,0.2,recommended_solve,1e-08,120,0.33027134799992186
23,0.2,recommended_solve,1e-08,121,0.32924412545034554
23,0.2,recommended_solve,1e-08,122,0.32841654596505493
23,0.2,recommended_solve,1e-08,123,0.3271643745274254
23,0.2,recommended_solve,1e-08,124,0.326012130268276
23,0.2,recommended_solve,1e-08,125,0.3246965701759172
23,0.2,recommended_solve,1e-08,126,0.32363360142609787
23,0.2,recommended_solve,1e-08,127,0.32213640143527766
23,0.2,recommended_solve,1e-08,128,0.32078686735400996
23,0.2,recommended_solve,1e-08,129,0.31941826338864154
23,0.2,recommended_solve,1e-08,130,0.3183441313178255
23,0.2,recommended_solve,1e-08,131,0.3167606922151908
23,0.2,recommended_solve,1e-08,132,0.3154371543255215
23,0.2,recommended_solve,1e-08,133,0.3137182705394271
23,0.2,recommended_solve,1e-08,134,0.31225431629295614
23,0.2,recommended_solve,1e-08,135,0.3108194438215039
23,0.2,recommended_solve,1e-08,136,0.30962982082629387
23,0.2,recommended_solve,1e-08,137,0.30823960461060435
23,0.2,recommended_solve,1e-08,138,0.3072670035713548
23,0.2,recommended_solve,1e-08,139,0.3062346019672075
23,0.2,recommended_solve,1e-08,140,0.30530380040153304
23,0.2,recommended_solve,1e-08,141,0.3042658842126207
23,0.2,recommended_solve,1e-08,142,0.3034470273136833
23,0.2,recommended_solve,1e-08,143,0.3023582272151747
23,0.2,recommended_solve,1e-08,144,0.30163030131485075
23,0.2,recommended_solve,1e-08,145,0.3006216543085952
23,0.2,recommended_solve,1e-08,146,0.2999637679704863
23,0.2,recommended_solve,1e-08,147,0.29927539846950685
23,0.2,recommended_solve,1e-08,148,0.2987369033708001
23,0.2,recommended_solve,1e-08,149,0.29790906136586753
23,0.2,recommended_solve,1e-08,150,0.29722316435743684
23,0.2,recommended_solve,1e-08,151,0.2964351308668508
23,0.2,recommended_solve,1e-08,152,0.29576211951147613
23,0.2,recommended_solve,1e-08,153,0.29488433725751567
23,0.2,recommended_solve,1e-08,154,0.29414637280981215
23,0.2,recommended_solve,1e-08,155,0.2931360713172565
23,0.2,recommended_solve,1e-08,156,0.29248087965655906
23,0.2,recommended_solve,1e-08,157,0.29160907589249585
23,0.2,recommended_solve,1e-08,158,0.2908477466077749
23,0.2,recommended_solve,1e-08,159,0.28973627200117436
23,0.2,recommended_solve,1e-08,160,0.2889731057714575
23,0.2,recommended_solve,1e-08,161,0.2881413820977084
23,0.2,recommended_solve,1e-08,162,0.28759445872711437
23,0.2,recommended_solve,1e-08,163,0.2868806642436966
23,0.2,recommended_solve,1e-08,164,0.2860874374764389
23,0.2,recommended_solve,1e-08,165,0.28529625460404817
23,0.2,recommended_solve,1e-08,166,0.2848180419911889
23,0.2,recommended_solve,1e-08,167,0.28392056646934555
23,0.2,recommended_solve,1e-08,168,0.2832621874392724
23,0.2,recommended_solve,1e-08,169,0.28241651977841564
23,0.2,recommended_solve,1e-08,170,0.2818018765973668
23,0.2,recommended_solve,1e-08,171,0.28098814663412286
23,0.2,recommended_solve,1e-08,172,0.28037683542783315
23,0.2,recommended_solve,1e-08,173,0.2795476314893516
23,0.2,recommended_solve,1e-08,174,0.27876742094380724
23,0.2,recommended_solve,1e-08,175,0.2780109328103681
23,0.2,recommended_solve,1e-08,176,0.2773958946558605
23,0.2,recommended_solve,1e-08,177,0.27663112811934254
23,0.2,recommended_solve,1e-08,178,0.27586680197426156
23,0.2,recommended_solve,1e-08,179,0.2748604591118142
23,0.2,recommended_solve,1e-08,180,0.27413383008911973
23,0.2,recommended_solve,1e-08,181,0.27334029359479783
23,0.2,recommended_solve,1e-08,182,0.27257354933480427
23,0.2,recommended_solve,1e-08,183,0.2715681711006753
23,0.2,recommended_solve,1e-08,184,0.27075637648429596
23,0.2,recommended_solve,1e-08,185,0.2698202516967737
23,0.2,recommended_solve,1e-08,186,0.2691760228838347
23,0.2,recommended_solve,1e-08,187,0.26831271487805486
23,0.2,recommended_solve,1e-08,188,0.26776059143903047
23,0.2,recommended_solve,1e-08,189,0.26706771218836317
23,0.2,recommended_solve,1e-08,190,0.2665186648898942
23,0.2,recommended_solve,1e-08,191,0.26591479254031264
23,0.2,recommended_solve,1e-08,192,0.26546051564346856
23,0.2,recommended_solve,1e-08,193,0.2649799944577925
23,0.2,recommended_solve,1e-08,194,0.26465446241766544
23,0.2,recommended_solve,1e-08,195,0.2642022096478631
23,0.2,recommended_solve,1e-08,196,0.26383388183990814
23,0.2,recommended_solve,1e-08,197,0.2634215587940464
23,0.2,recommended_solve,1e-08,198,0.26319331508937555
23,0.2,recommended_solve,1e-08,199,0.26283305413684566
23,0.2,recommended_solve,1e-08,200,0.2625800503013667
23,0.2,recommended_solve,1e-08,201,0.26237337540211103
23,0.2,recommended_solve,1e-08,202,0.262258386373938
23,0.2,recommended_solve,1e-08,203,0.262083366029136
23,0.2,recommended_solve,1e-08,204,0.2619874776315884
23,0.2,recommended_solve,1e-08,205,0.26179418577036795
23,0.2,recommended_solve,1e-08,206,0.2616355466972167
23,0.2,recommended_solve,1e-08,207,0.26150889129458793
23,0.2,recommended_solve,1e-08,208,0.26146276710838606
23,0.2,recommended_solve,1e-08,209,0.26134646901881775
23,0.2,recommended_solve,1e-08,210,0.2612373334788542
23,0.2,recommended_solve,1e-08,211,0.26113684670975895
23,0.2,recommended_solve,1e-08,212,0.26109672674625156
23,0.2,recommended_solve,1e-08,213,0.2610313515621614
23,0.2,recommended_solve,1e-08,214,0.26094172029156937
23,0.2,recommended_solve,1e-08,215,0.2608938816717952
23,0.2,recommended_solve,1e-08,216,0.2608576712632837
23,0.2,recommended_solve,1e-08,217,0.26081369791712383
23,0.2,recommended_solve,1e-08,218,0.26078729993028316
23,0.2,recommended_solve,1e-08,219,0.2607490759694061
23,0.2,recommended_solve,1e-08,220,0.2607116385525781
23,0.2,recommended_solve,1e-08,221,0.26063583019759884
23,0.2,recommended_solve,1e-08,222,0.26061493755448084
23,0.2,recommended_solve,1e-08,223,0.260573619971094
23,0.2,recommended_solve,1e-08,224,0.2605153818356553
23,0.2,recommended_solve,1e-08,225,0.2604770776037017
23,0.2,recommended_solve,1e-08,226,0.26042616458821
23,0.2,recommended_solve,1e-08,227,0.2603939262438132
23,0.2,recommended_solve,1e-08,228,0.26036507667700703
23,0.2,recommended_solve,1e-08,229,0.2603113876229739
23,0.2,recommended_solve,1e-08,230,0.26025178543361616
23,0.2,recommended_solve,1e-08,231,0.2601856135501943
23,0.2,recommended_solve,1e-08,232,0.2601462771792194
23,0.2,recommended_solve,1e-08,233,0.26007157049791024
23,0.2,recommended_solve,1e-08,234,0.26001707984877975
23,0.2,recommended_solve,1e-08,235,0.25992443182636144
23,0.2,recommended_solve,1e-08,236,0.25985206169328945
23,0.2,recommended_solve,1e-08,237,0.2597683060673488
23,0.2,recommended_solve,1e-08,238,0.2597111778634819
23,0.2,recommended_solve,1e-08,239,0.25965902107825795
23,0.2,recommended_solve,1e-08,240,0.2596299383500219
23,0.2,recommended_solve,1e-08,241,0.2595707111855647
23,0.2,recommended_solve,1e-08,242,0.25952960514288076
23,0.2,recommended_solve,1e-08,243,0.2594845771924276
23,0.2,recommended_solve,1e-08,244,0.259442801482487
23,0.2,recommended_solve,1e-08,245,0.2593697058418341
23,0.2,recommended_solve,1e-08,246,0.2593262726469323
23,0.2,recommended_solve,1e-08,247,0.259293993166201
23,0.2,recommended_solve,1e-08,248,0.2592698887926897
23,0.2,recommended_solve,1e-08,249,0.2592204285547247
23,0.2,recommended_solve,1e-08,250,0.2591638234298289
23,0.2,recommended_solve,1e-08,251,0.2591234420602305
23,0.2,recommended_solve,1e-08,252,0.25908518546290094
23,0.2,recommended_solve,1e-08,253,0.2590248228791154
23,0.2,recommended_solve,1e-08,254,0.2589819659863818
23,0.2,recommended_solve,1e-08,255,0.2589433148531908
23,0.2,recommended_solve,1e-08,256,0.2589003952237094
23,0.2,recommended_solve,1e-08,257,0.25887012330052894
23,0.2,recommended_solve,1e-08,258,0.25879885495613153
23,0.2,recommended_solve,1e-08,259,0.2587650372651076
23,0.2,recommended_solve,1e-08,260,0.25873405385062054
23,0.2,recommended_solve,1e-08,261,0.25870031228672846
23,0.2,recommended_solve,1e-08,262,0.2586833813269204
23,0.2,recommended_solve,1e-08,263,0.2586622167294669
23,0.2,recommended_solve,1e-08,264,0.25862790486114384
23,0.2,recommended_solve,1e-08,265,0.25861116922423977
23,0.2,recommended_solve,1e-08,266,0.25859654352576383
23,0.2,recommended_solve,1e-08,267,0.2585796814499023
23,0.2,recommended_solve,1e-08,268,0.25856680284826766
23,0.2,recommended_solve,1e-08,269,0.2585487675141708
23,0.2,recommended_solve,1e-08,270,0.25852949657159896
23,0.2,recommended_solve,1e-08,271,0.25851706137363045
23,0.2,recommended_solve,1e-08,272,0.2585103874398667
23,0.2,recommended_solve,1e-08,273,0.25849772343999694
23,0.2,recommended_solve,1e-08,274,0.2584810971996304
23,0.2,recommended_solve,1e-08,275,0.25846309571730525
23,0.2,recommended_solve,1e-08,276,0.25844809776490046
23,0.2,recommended_solve,1e-08,277,0.2584308978675808
23,0.2,recommended_solve,1e-08,278,0.258380547120628
23,0.2,recommended_solve,1e-08,279,0.25835312068158456
23,0.2,recommended_solve,1e-08,280,0.25832122538004143
23,0.2,recommended_solve,1e-08,281,0.2582951621224034
23,0.2,recommended_solve,1e-08,282,0.2582874090034404
23,0.2,recommended_solve,1e-08,283,0.2582633063129488
23,0.2,recommended_solve,1e-08,284,0.2582193105295188
23,0.2,recommended_solve,1e-08,285,0.2581890041590736
23,0.2,recommended_solve,1e-08,286,0.2581680928167159
23,0.2,recommended_solve,1e-08,287,0.2581581897222084
23,0.2,recommended_solve,1e-08,288,0.2581367059851304
23,0.2,recommended_solve,1e-08,289,0.25812282465072584
23,0.2,recommended_solve,1e-08,290,0.25810464728134036
23,0.2,recommended_solve,1e-08,291,0.2580859450857579
23,0.2,recommended_solve,1e-08,292,0.2580570841396319
23,0.2,recommended_solve,1e-08,293,0.2580272023774514
23,0.2,recommended_solve,1e-08,294,0.2579874693888973
23,0.2,recommended_solve,1e-08,295,0.25795103949234294
23,0.2,recommended_solve,1e-08,296,0.2579223639407921
23,0.2,recommended_solve,1e-08,297,0.2578939229920154
23,0.2,recommended_solve,1e-08,298,0.25785505403471143
23,0.2,recommended_solve,1e-08,299,0.2577969204531142
23,0.2,recommended_solve,1e-08,300,0.2577486010497241
23,0.2,recommended_solve,1e-06,0,1.0
23,0.2,recommended_solve,1e-06,1,0.5344125016656724
23,0.2,recommended_solve,1e-06,2,0.5003202735757536
23,0.2,recommended_solve,1e-06,3,0.45445053465207286
23,0.2,recommended_solve,1e-06,4,0.43110842121680043
23,0.2,recommended_solve,1e-06,5,0.4115485484877776
23,0.2,recommended_solve,1e-06,6,0.3958407975560313
23,0.2,recommended_solve,1e-06,7,0.3825342436824594
23,0.2,recommended_solve,1e-06,8,0.37734578101279204
23,0.2,recommended_solve,1e-06,9,0.37097570401115454
23,0.2,recommended_solve,1e-06,10,0.3664270199528745
23,0.2,recommended_solve,1e-06,11,0.3627359613028368
23,0.2,recommended_solve,1e-06,12,0.3614677144820664
23,0.2,recommended_solve,1e-06,13,0.3586580032983021
23,0.2,recommended_solve,1e-06,14,0.35588559302226896
23,0.2,recommended_solve,1e-06,15,0.3540679456360103
23,0.2,recommended_solve,1e-06,16,0.3529850587562477
23,0.2,recommended_solve,1e-06,17,0.350395345108637
23,0.2,recommended_solve,1e-06,18,0.3484442128868467
23,0.2,recommended_solve,1e-06,19,0.34705495288761373
23,0.2,recommended_solve,1e-06,20,0.3458206860062705
23,0.2,recommended_solve,1e-06,21,0.343615674409847
23,0.2,recommended_solve,1e-06,22,0.3416530994364644
23,0.2,recommended_solve,1e-06,23,0.33989069513718345
23,0.2,recommended_solve,1e-06,24,0.33807009831006946
23,0.2,recommended_solve,1e-06,25,0.3351751359417781
23,0.2,recommended_solve,1e-06,26,0.33265506956371554
23,0.2,recommended_solve,1e-06,27,0.3301608619112995
23,0.2,recommended_solve,1e-06,28,0.32818049778096436
23,0.2,recommended_solve,1e-06,29,0.324352982436967
23,0.2,recommended_solve,1e-06,30,0.32151201377624317
23,0.2,recommended_solve,1e-06,31,0.3172232272492666
23,0.2,recommended_solve,1e-06,32,0.31358832323116365
23,0.2,recommended_solve,1e-06,33,0.309318807999491
23,0.2,recommended_solve,1e-06,34,0.3055577375232038
23,0.2,recommended_solve,1e-06,35,0.3015642959911323
23,0.2,recommended_solve,1e-06,36,0.2977307589486052
23,0.2,recommended_solve,1e-06,37,0.29319665810248996
23,0.2,recommended_solve,1e-06,38,0.28971064086994275
23,0.2,recommended_solve,1e-06,39,0.2867054067901521
23,0.2,recommended_solve,1e-06,40,0.28385629616026914
23,0.2,recommended_solve,1e-06,41,0.280858187763442
23,0.2,recommended_solve,1e-06,42,0.27792135238306004
23,0.2,recommended_solve,1e-06,43,0.2756493916134402
23,0.2,recommended_solve,1e-06,44,0.27330765355546016
23,0.2,recommended_solve,1e-06,45,0.2711754752460068
23,0.2,recommended_solve,1e-06,46,0.26934329884884844
23,0.2,recommended_solve,1e-06,47,0.26787703020519305
23,0.2,recommended_solve,1e-06,48,0.26641572308969985
23,0.2,recommended_solve,1e-06,49,0.26513683621548495
23,0.2,recommended_solve,1e-06,50,0.2639511882729748
23,0.2,recommended_solve,1e-06,51,0.26295453230512417
23,0.2,recommended_solve,1e-06,52,0.2619555625748432
23,0.2,recommended_solve,1e-06,53,0.2611931587036141
23,0.2,recommended_solve,1e-06,54,0.26034036807458977
23,0.2,recommended_solve,1e-06,55,0.2597519511810653
23,0.2,recommended_solve,1e-06,56,0.2589524913213317
23,0.2,recommended_solve,1e-06,57,0.2584060999642361
23,0.2,recommended_solve,1e-06,58,0.2575604665119844
23,0.2,recommended_solve,1e-06,59,0.2569784681333452
23,0.2,recommended_solve,1e-06,60,0.25610078726767904
23,0.2,recommended_solve,1e-06,61,0.2554560127846161
23,0.2,recommended_solve,1e-06,62,0.2546862359833507
23,0.2,recommended_solve,1e-06,63,0.25414545423158635
23,0.2,recommended_solve,1e-06,64,0.25339843708794535
23,0.2,recommended_solve,1e-06,65,0.2528821277215463
23,0.2,recommended_solve,1e-06,66,0.2522703932410682
23,0.2,recommended_solve,1e-06,67,0.2518762136320624
23,0.2,recommended_solve,1e-06,68,0.25127111423914056
23,0.2,recommended_solve,1e-06,69,0.25083596714793777
23,0.2,recommended_solve,1e-06,70,0.25029065615074536
23,0.2,recommended_solve,1e-06,71,0.24988772083715083
23,0.2,recommended_solve,1e-06,72,0.2493252673234767
23,0.2,recommended_solve,1e-06,73,0.24893285959983905
23,0.2,recommended_solve,1e-06,74,0.2485306333514737
23,0.2,recommended_solve,1e-06,75,0.24822722952018336
23,0.2,recommended_solve,1e-06,76,0.24790010214295563
23,0.2,recommended_solve,1e-06,77,0.24772382042043453
23,0.2,recommended_solve,1e-06,78,0.24751628890391736
23,0.2,recommended_solve,1e-06,79,0.24732636952573597
23,0.2,recommended_solve,1e-06,80,0.247049786242805
23,0.2,recommended_solve,1e-06,81,0.2468396193053506
23,0.2,recommended_solve,1e-06,82,0.2465465013684515
23,0.2,recommended_solve,1e-06,83,0.2463217022882171
23,0.2,recommended_solve,1e-06,84,0.24598576915785975
23,0.2,recommended_solve,1e-06,85,0.24571155509688952
23,0.2,recommended_solve,1e-06,86,0.24521599930963925
23,0.2,recommended_solve,1e-06,87,0.2447798194885908
23,0.2,recommended_solve,1e-06,88,0.24420206570124467
23,0.2,recommended_solve,1e-06,89,0.24372174191334672
23,0.2,recommended_solve,1e-06,90,0.24309641089635378
23,0.2,recommended_solve,1e-06,91,0.2425371533829124
23,0.2,recommended_solve,1e-06,92,0.24191952056135851
23,0.2,recommended_solve,1e-06,93,0.24143327546516213
23,0.2,recommended_solve,1e-06,94,0.24078626441458215
23,0.2,recommended_solve,1e-06,95,0.2404125968482887
23,0.2,recommended_solve,1e-06,96,0.23986278156429927
23,0.2,recommended_solve,1e-06,97,0.2394182728057787
23,0.2,recommended_solve,1e-06,98,0.23897975154484416
23,0.2,recommended_solve,1e-06,99,0.23862808162527624
23,0.2,recommended_solve,1e-06,100,0.23827270970160744
23,0.2,recommended_solve,1e-06,101,0.2380645011013334
23,0.2,recommended_solve,1e-06,102,0.2377453578633303
23,0.2,recommended_solve,1e-06,103,0.2374368549827381
23,0.2,recommended_solve,1e-06,104,0.23719840332874936
23,0.2,recommended_solve,1e-06,105,0.2370100354636092
23,0.2,recommended_solve,1e-06,106,0.2367658996675657
23,0.2,recommended_solve,1e-06,107,0.23652078849831432
23,0.2,recommended_solve,1e-06,108,0.23629912963030095
23,0.2,recommended_solve,1e-06,109,0.2361311934619216
23,0.2,recommended_solve,1e-06,110,0.23591061065462315
23,0.2,recommended_solve,1e-06,111,0.2357030913986372
23,0.2,recommended_solve,1e-06,112,0.23547585890825853
23,0.2,recommended_solve,1e-06,113,0.2353485392408173
23,0.2,recommended_solve,1e-06,114,0.23516869351429584
23,0.2,recommended_solve,1e-06,115,0.23503363843483768
23,0.2,recommended_solve,1e-06,116,0.23487308299198714
23,0.2,recommended_solve,1e-06,117,0.23476105094656888
23,0.2,recommended_solve,1e-06,118,0.2346417566426532
23,0.2,recommended_solve,1e-06,119,0.23455337875734278
23,0.2,recommended_solve,1e-06,120,0.23444513682663573
23,0.2,recommended_solve,1e-06,121,0.23431592078752475
23,0.2,recommended_solve,1e-06,122,0.23419902392652148
23,0.2,recommended_solve,1e-06,123,0.23409882051751346
23,0.2,recommended_solve,1e-06,124,0.23394849577642185
23,0.2,recommended_solve,1e-06,125,0.23383640455594562
23,0.2,recommended_solve,1e-06,126,0.23364524881843032
23,0.2,recommended_solve,1e-06,127,0.2334804505492567
23,0.2,recommended_solve,1e-06,128,0.23331941181597154
23,0.2,recommended_solve,1e-06,129,0.23324005122042366
23,0.2,recommended_solve,1e-06,130,0.23309191804189755
23,0.2,recommended_solve,1e-06,131,0.23298372855610905
23,0.2,recommended_solve,1e-06,132,0.23283423409568682
23,0.2,recommended_solve,1e-06,133,0.23273103826920497
23,0.2,recommended_solve,1e-06,134,0.23257701240871823
23,0.2,recommended_solve,1e-06,135,0.23245603687723734
23,0.2,recommended_solve,1e-06,136,0.23232499406279042
23,0.2,recommended_solve,1e-06,137,0.2322158415996964
23,0.2,recommended_solve,1e-06,138,0.23207776212567868
23,0.2,recommended_solve,1e-06,139,0.2319612370274177
23,0.2,recommended_solve,1e-06,140,0.23184245134500223
23,0.2,recommended_solve,1e-06,141,0.23176785147917311
23,0.2,recommended_solve,1e-06,142,0.23162784874147838
23,0.2,recommended_solve,1e-06,143,0.23150018183039733
23,0.2,recommended_solve,1e-06,144,0.23139238582512253
23,0.2,recommended_solve,1e-06,145,0.2313099119494168
23,0.2,recommended_solve,1e-06,146,0.2312069959158798
23,0.2,recommended_solve,1e-06,147,0.231095103172831
23,0.2,recommended_solve,1e-06,148,0.23100246190231472
23,0.2,recommended_solve,1e-06,149,0.23093654771798217
23,0.2,recommended_solve,1e-06,150,0.2308267941159113
23,0.2,recommended_solve,1e-06,151,0.23073258813542066
23,0.2,recommended_solve,1e-06,152,0.23061618082804877
23,0.2,recommended_solve,1e-06,153,0.23054305974105008
23,0.2,recommended_solve,1e-06,154,0.2304355124640026
23,0.2,recommended_solve,1e-06,155,0.23037253505900288
23,0.2,recommended_solve,1e-06,156,0.2303139676880752
23,0.2,recommended_solve,1e-06,157,0.2302579840910983
23,0.2,recommended_solve,1e-06,158,0.2301978371885518
23,0.2,recommended_solve,1e-06,159,0.2301752817959905
23,0.2,recommended_solve,1e-06,160,0.2301090690910571
23,0.2,recommended_solve,1e-06,161,0.23005237024698824
23,0.2,recommended_solve,1e-06,162,0.22997396884528296
23,0.2,recommended_solve,1e-06,163,0.22996115737067127
23,0.2,recommended_solve,1e-06,164,0.22993300279860288
23,0.2,recommended_solve,1e-06,165,0.22991496653481008
23,0.2,recommended_solve,1e-06,166,0.22987615222080196
23,0.2,recommended_solve,1e-06,167,0.2298332973947639
23,0.2,recommended_solve,1e-06,168,0.22981120549929757
23,0.2,recommended_solve,1e-06,169,0.22980021962569885
23,0.2,recommended_solve,1e-06,170,0.22977972811376154
23,0.2,recommended_solve,1e-06,171,0.229743151597674
23,0.2,recommended_solve,1e-06,172,0.22971239663869586
23,0.2,recommended_solve,1e-06,173,0.2296947774896458
23,0.2,recommended_solve,1e-06,174,0.22966651740344687
23,0.2,recommended_solve,1e-06,175,0.22964927057995893
23,0.2,recommended_solve,1e-06,176,0.22960909142363076
23,0.2,recommended_solve,1e-06,177,0.22957881483399473
23,0.2,recommended_solve,1e-06,178,0.2295571450418394
23,0.2,recommended_solve,1e-06,179,0.2295337190531012
23,0.2,recommended_solve,1e-06,180,0.22948850579636793
23,0.2,recommended_solve,1e-06,181,0.22944041671996143
23,0.2,recommended_solve,1e-06,182,0.2294081287248613
23,0.2,recommended_solve,1e-06,183,0.229392138708314
23,0.2,recommended_solve,1e-06,184,0.22935907027960145
23,0.2,recommended_solve,1e-06,185,0.22933706286111996
23,0.2,recommended_solve,1e-06,186,0.22929149742642058
23,0.2,recommended_solve,1e-06,187,0.2292611496718668
23,0.2,recommended_solve,1e-06,188,0.22924377857084008
23,0.2,recommended_solve,1e-06,189,0.22922737796588444
23,0.2,recommended_solve,1e-06,190,0.22919305703061726
23,0.2,recommended_solve,1e-06,191,0.2291724168559481
23,0.2,recommended_solve,1e-06,192,0.22915305349300188
23,0.2,recommended_solve,1e-06,193,0.22914409049634837
23,0.2,recommended_solve,1e-06,194,0.2291234612237918
23,0.2,recommended_solve,1e-06,195,0.22911566984567353
23,0.2,recommended_solve,1e-06,196,0.22909852278872958
23,0.2,recommended_solve,1e-06,197,0.22908527225340966
23,0.2,recommended_solve,1e-06,198,0.2290504746622872
23,0.2,recommended_solve,1e-06,199,0.2290359239419486
23,0.2,recommended_solve,1e-06,200,0.22899605431089998
23,0.2,recommended_solve,1e-06,201,0.22897790396093645
23,0.2,recommended_solve,1e-06,202,0.2289570605344943
23,0.2,recommended_solve,1e-06,203,0.2289514106750767
23,0.2,recommended_solve,1e-06,204,0.2289455405622921
23,0.2,recommended_solve,1e-06,205,0.2289299225179101
23,0.2,recommended_solve,1e-06,206,0.22892518889696847
23,0.2,recommended_solve,1e-06,207,0.2289099034136796
23,0.2,recommended_solve,1e-06,208,0.2289014607891005
23,0.2,recommended_solve,1e-06,209,0.22888100848403797
23,0.2,recommended_solve,1e-06,210,0.22887950754783298
23,0.2,recommended_solve,1e-06,211,0.2288786350769535
23,0.2,recommended_solve,1e-06,212,0.22887017405608226
23,0.2,recommended_solve,1e-06,213,0.22885573802228037
23,0.2,recommended_solve,1e-06,214,0.22884357549690776
23,0.2,recommended_solve,1e-06,215,0.22884259654300962
23,0.2,recommended_solve,1e-06,216,0.22883881891218155
23,0.2,recommended_solve,1e-06,217,0.22883289971510293
23,0.2,recommended_solve,1e-06,218,0.22882569881568227
23,0.2,recommended_solve,1e-06,219,0.228820784225074
23,0.2,recommended_solve,1e-06,220,0.22881844040348262
23,0.2,recommended_solve,1e-06,221,0.22880952648222588
23,0.2,recommended_solve,1e-06,222,0.2287992068189334
23,0.2,recommended_solve,1e-06,223,0.2287725069004263
23,0.2,recommended_solve,1e-06,224,0.22876873992400976
23,0.2,recommended_solve,1e-06,225,0.22876526408226816
23,0.2,recommended_solve,1e-06,226,0.22875421101243745
23,0.2,recommended_solve,1e-06,227,0.2287436964978436
23,0.2,recommended_solve,1e-06,228,0.22873941053500105
23,0.2,recommended_solve,1e-06,229,0.22873696438757124
23,0.2,recommended_solve,1e-06,230,0.22873177337586217
23,0.2,recommended_solve,1e-06,231,0.22872631719964376
23,0.2,recommended_solve,1e-06,232,0.22872174015699348
23,0.2,recommended_solve,1e-06,233,0.22870480664551343
23,0.2,recommended_solve,1e-06,234,0.22868696166898858
23,0.2,recommended_solve,1e-06,235,0.228685722538704
23,0.2,recommended_solve,1e-06,236,0.22868157674618333
23,0.2,recommended_solve,1e-06,237,0.22866389352110925
23,0.2,recommended_solve,1e-06,238,0.22864668322519086
23,0.2,recommended_solve,1e-06,239,0.22864274351747063
23,0.2,recommended_solve,1e-06,240,0.2286408009157783
23,0.2,recommended_solve,1e-06,241,0.22863765310973566
23,0.2,recommended_solve,1e-06,242,0.22863403367781027
23,0.2,recommended_solve,1e-06,243,0.22862715446574125
23,0.2,recommended_solve,1e-06,244,0.2286220596394226
23,0.2,recommended_solve,1e-06,245,0.2286175879503307
23,0.2,recommended_solve,1e-06,246,0.2286056296843115
23,0.2,recommended_solve,1e-06,247,0.22859305587177553
23,0.2,recommended_solve,1e-06,248,0.22858982143727702
23,0.2,recommended_solve,1e-06,249,0.22858718664468636
23,0.2,recommended_solve,1e-06,250,0.22858352560360373
23,0.2,recommended_solve,1e-06,251,0.2285738803877171
23,0.2,recommended_solve,1e-06,252,0.22857014360614492
23,0.2,recommended_solve,1e-06,253,0.2285629462018459
23,0.2,recommended_solve,1e-06,254,0.2285544309483141
23,0.2,recommended_solve,1e-06,255,0.22854260150830785
23,0.2,recommended_solve,1e-06,256,0.2285389860971354
23,0.2,recommended_solve,1e-06,257,0.22853261073693593
23,0.2,recommended_solve,1e-06,258,0.22852883706482957
23,0.2,recommended_solve,1e-06,259,0.22852730390743137
23,0.2,recommended_solve,1e-06,260,0.22851379029199018
23,0.2,recommended_solve,1e-06,261,0.2285085241444639
23,0.2,recommended_solve,1e-06,262,0.2285027824273471
23,0.2,recommended_solve,1e-06,263,0.22850278202121765
23,0.2,recommended_solve,1e-06,264,0.22849994840896878
23,0.2,recommended_solve,1e-06,265,0.2284984554746358
23,0.2,recommended_solve,1e-06,266,0.2284971088773826
23,0.2,recommended_solve,1e-06,267,0.22849655310273895
23,0.2,recommended_solve,1e-06,268,0.22849533205700584
23,0.2,recommended_solve,1e-06,269,0.22849054264707955
23,0.2,recommended_solve,1e-06,270,0.2284905361782304
23,0.2,recommended_solve,1e-06,271,0.2284899452196735
23,0.2,recommended_solve,1e-06,272,0.2284861811743462
23,0.2,recommended_solve,1e-06,273,0.22848618116162417
23,0.2,recommended_solve,1e-06,274,0.22848495860948928
23,0.2,recommended_solve,1e-06,275,0.22848328211697314
23,0.2,recommended_solve,1e-06,276,0.22848031780916966
23,0.2,recommended_solve,1e-06,277,0.22847945092864233
23,0.2,recommended_solve,1e-06,278,0.22847408384435985
23,0.2,recommended_solve,1e-06,279,0.22847307155349914
23,0.2,recommended_solve,1e-06,280,0.228458310925127
23,0.2,recommended_solve,1e-06,281,0.22845225234102953
23,0.2,recommended_solve,1e-06,282,0.22845097140939355
23,0.2,recommended_solve,1e-06,283,0.22845023352261462
23,0.2,recommended_solve,1e-06,284,0.22845017989596328
23,0.2,recommended_solve,1e-06,285,0.22844806864340222
23,0.2,recommended_solve,1e-06,286,0.22844441926375586
23,0.2,recommended_solve,1e-06,287,0.22844298461393323
23,0.2,recommended_solve,1e-06,288,0.22844133593545424
23,0.2,recommended_solve,1e-06,289,0.22844117876157952
23,0.2,recommended_solve,1e-06,290,0.22844092074903502
23,0.2,recommended_solve,1e-06,291,0.228440892534636
23,0.2,recommended_solve,1e-06,292,0.22843919494434772
23,0.2,recommended_solve,1e-06,293,0.22843806402282538
23,0.2,recommended_solve,1e-06,294,0.22843461417349717
23,0.2,recommended_solve,1e-06,295,0.22843184441461226
23,0.2,recommended_solve,1e-06,296,0.22842263159204249
23,0.2,recommended_solve,1e-06,297,0.22842127168621124
23,0.2,recommended_solve,1e-06,298,0.22841893090486187
23,0.2,recommended_solve,1e-06,299,0.22841791762317917
23,0.2,recommended_solve,1e-06,300,0.22841304250769262
23,0.2,recommended_solve,1e-05,0,1.0
23,0.2,recommended_solve,1e-05,1,0.5341875626053675
23,0.2,recommended_solve,1e-05,2,0.49907765333858245
23,0.2,recommended_solve,1e-05,3,0.4504860987279967
23,0.2,recommended_solve,1e-05,4,0.42552847706899427
23,0.2,recommended_solve,1e-05,5,0.4029821734859706
23,0.2,recommended_solve,1e-05,6,0.38328748982838506
23,0.2,recommended_solve,1e-05,7,0.36577443399894266
23,0.2,recommended_solve,1e-05,8,0.3574412021831027
23,0.2,recommended_solve,1e-05,9,0.3464719320942962
23,0.2,recommended_solve,1e-05,10,0.33855322035530866
23,0.2,recommended_solve,1e-05,11,0.32997382514512474
23,0.2,recommended_solve,1e-05,12,0.3245094910406427
23,0.2,recommended_solve,1e-05,13,0.31527816849486373
23,0.2,recommended_solve,1e-05,14,0.30746526334718893
23,0.2,recommended_solve,1e-05,15,0.2991488434338833
23,0.2,recommended_solve,1e-05,16,0.2932040062410822
23,0.2,recommended_solve,1e-05,17,0.2844852019744868
23,0.2,recommended_solve,1e-05,18,0.2786944453690669
23,0.2,recommended_solve,1e-05,19,0.2735322817458386
23,0.2,recommended_solve,1e-05,20,0.270313146561557
23,0.2,recommended_solve,1e-05,21,0.2653571181473507
23,0.2,recommended_solve,1e-05,22,0.2615394214734971
23,0.2,recommended_solve,1e-05,23,0.2584722072760614
23,0.2,recommended_solve,1e-05,24,0.25647140567140414
23,0.2,recommended_solve,1e-05,25,0.25368563155076007
23,0.2,recommended_solve,1e-05,26,0.25195179481305785
23,0.2,recommended_solve,1e-05,27,0.2502722737454976
23,0.2,recommended_solve,1e-05,28,0.24904640586648125
23,0.2,recommended_solve,1e-05,29,0.24723234692451074
23,0.2,recommended_solve,1e-05,30,0.24614472422191996
23,0.2,recommended_solve,1e-05,31,0.2449383022786514
23,0.2,recommended_solve,1e-05,32,0.2440465125644437
23,0.2,recommended_solve,1e-05,33,0.24299892441974189
23,0.2,recommended_solve,1e-05,34,0.24200197085872027
23,0.2,recommended_solve,1e-05,35,0.24113260706067774
23,0.2,recommended_solve,1e-05,36,0.24015834530091637
23,0.2,recommended_solve,1e-05,37,0.2392763263816578
23,0.2,recommended_solve,1e-05,38,0.23848321718400678
23,0.2,recommended_solve,1e-05,39,0.23779139679336006
23,0.2,recommended_solve,1e-05,40,0.23687430100335194
23,0.2,recommended_solve,1e-05,41,0.23611556089921165
23,0.2,recommended_solve,1e-05,42,0.235475148671743
23,0.2,recommended_solve,1e-05,43,0.23476607906160013
23,0.2,recommended_solve,1e-05,44,0.23414823746480856
23,0.2,recommended_solve,1e-05,45,0.23364211464813073
23,0.2,recommended_solve,1e-05,46,0.2332043274802851
23,0.2,recommended_solve,1e-05,47,0.23276538167301725
23,0.2,recommended_solve,1e-05,48,0.23245233644473343
23,0.2,recommended_solve,1e-05,49,0.23211471687062174
23,0.2,recommended_solve,1e-05,50,0.2318079094541515
23,0.2,recommended_solve,1e-05,51,0.23149854880949516
23,0.2,recommended_solve,1e-05,52,0.23129525726141856
23,0.2,recommended_solve,1e-05,53,0.23105514153221066
23,0.2,recommended_solve,1e-05,54,0.23085851960721132
23,0.2,recommended_solve,1e-05,55,0.23068367452908736
23,0.2,recommended_solve,1e-05,56,0.23049886382851448
23,0.2,recommended_solve,1e-05,57,0.23032527576962927
23,0.2,recommended_solve,1e-05,58,0.23018394107135245
23,0.2,recommended_solve,1e-05,59,0.23002745158286733
23,0.2,recommended_solve,1e-05,60,0.2298793475311416
23,0.2,recommended_solve,1e-05,61,0.2297473173154507
23,0.2,recommended_solve,1e-05,62,0.2296347431708144
23,0.2,recommended_solve,1e-05,63,0.22956431957193427
23,0.2,recommended_solve,1e-05,64,0.22947704152204293
23,0.2,recommended_solve,1e-05,65,0.22939676924817562
23,0.2,recommended_solve,1e-05,66,0.22932546580625085
23,0.2,recommended_solve,1e-05,67,0.2292865838368462
23,0.2,recommended_solve,1e-05,68,0.22922984739394645
23,0.2,recommended_solve,1e-05,69,0.22916196688108517
23,0.2,recommended_solve,1e-05,70,0.22912098023903504
23,0.2,recommended_solve,1e-05,71,0.22905438032326372
23,0.2,recommended_solve,1e-05,72,0.22901475407841018
23,0.2,recommended_solve,1e-05,73,0.22897760505989312
23,0.2,recommended_solve,1e-05,74,0.22895622668837498
23,0.2,recommended_solve,1e-05,75,0.22888940274691702
23,0.2,recommended_solve,1e-05,76,0.2288692615868816
23,0.2,recommended_solve,1e-05,77,0.22885367131604073
23,0.2,recommended_solve,1e-05,78,0.22884544525507203
23,0.2,recommended_solve,1e-05,79,0.22882339513552136
23,0.2,recommended_solve,1e-05,80,0.22880684633007306
23,0.2,recommended_solve,1e-05,81,0.2287844779216784
23,0.2,recommended_solve,1e-05,82,0.22878131712462796
23,0.2,recommended_solve,1e-05,83,0.22877170944578937
23,0.2,recommended_solve,1e-05,84,0.2287524503150012
23,0.2,recommended_solve,1e-05,85,0.2287326343038714
23,0.2,recommended_solve,1e-05,86,0.2287082557498896
23,0.2,recommended_solve,1e-05,87,0.22868310477403733
23,0.2,recommended_solve,1e-05,88,0.22867594214290907
23,0.2,recommended_solve,1e-05,89,0.2286679038383959
23,0.2,recommended_solve,1e-05,90,0.22865464154919188
23,0.2,recommended_solve,1e-05,91,0.22863753580231033
23,0.2,recommended_solve,1e-05,92,0.2286362583478148
23,0.2,recommended_solve,1e-05,93,0.22863512630377517
23,0.2,recommended_solve,1e-05,94,0.22861967239329356
23,0.2,recommended_solve,1e-05,95,0.22861859436572618
23,0.2,recommended_solve,1e-05,96,0.22860486958032872
23,0.2,recommended_solve,1e-05,97,0.2286013662378583
23,0.2,recommended_solve,1e-05,98,0.2285912430704727
23,0.2,recommended_solve,1e-05,99,0.22858299046152225
23,0.2,recommended_solve,1e-05,100,0.22857744298160712
23,0.2,recommended_solve,1e-05,101,0.2285723753869712
23,0.2,recommended_solve,1e-05,102,0.22857193579016233
23,0.2,recommended_solve,1e-05,103,0.2285651890101882
23,0.2,recommended_solve,1e-05,104,0.22855550364808494
23,0.2,recommended_solve,1e-05,105,0.22854439661490633
23,0.2,recommended_solve,1e-05,106,0.22854014638185297
23,0.2,recommended_solve,1e-05,107,0.22853868385995807
23,0.2,recommended_solve,1e-05,108,0.22853319965410943
23,0.2,recommended_solve,1e-05,109,0.22852601230186606
23,0.2,recommended_solve,1e-05,110,0.22852268218072536
23,0.2,recommended_solve,1e-05,111,0.22851981709717856
23,0.2,recommended_solve,1e-05,112,0.2285180961382604
23,0.2,recommended_solve,1e-05,113,0.22851332308881597
23,0.2,recommended_solve,1e-05,114,0.22851124260237413
23,0.2,recommended_solve,1e-05,115,0.22851123246177826
23,0.2,recommended_solve,1e-05,116,0.2285104423746603
23,0.2,recommended_solve,1e-05,117,0.2285081672503623
23,0.2,recommended_solve,1e-05,118,0.22850702216385047
23,0.2,recommended_solve,1e-05,119,0.22850544660248664
23,0.2,recommended_solve,1e-05,120,0.2285052446220231
23,0.2,recommended_solve,1e-05,121,0.22850191044713322
23,0.2,recommended_solve,1e-05,122,0.22850154600890288
23,0.2,recommended_solve,1e-05,123,0.2284994740931267
23,0.2,recommended_solve,1e-05,124,0.22849626891092753
23,0.2,recommended_solve,1e-05,125,0.22849355364165222
23,0.2,recommended_solve,1e-05,126,0.22848506849755137
23,0.2,recommended_solve,1e-05,127,0.22848359316980518
23,0.2,recommended_solve,1e-05,128,0.22848290383394232
23,0.2,recommended_solve,1e-05,129,0.22848245004672704
23,0.2,recommended_solve,1e-05,130,0.22847782725749868
23,0.2,recommended_solve,1e-05,131,0.22847759659746325
23,0.2,recommended_solve,1e-05,132,0.2284724376517294
23,0.2,recommended_solve,1e-05,133,0.22847011425497268
23,0.2,recommended_solve,1e-05,134,0.22845979934677332
23,0.2,recommended_solve,1e-05,135,0.22845602048158933
23,0.2,recommended_solve,1e-05,136,0.22845085375275048
23,0.2,recommended_solve,1e-05,137,0.2284452979657187
23,0.2,recommended_solve,1e-05,138,0.22844363267338502
23,0.2,recommended_solve,1e-05,139,0.22843705732704767
23,0.2,recommended_solve,1e-05,140,0.22842806921793768
23,0.2,recommended_solve,1e-05,141,0.22842792008910293
23,0.2,recommended_solve,1e-05,142,0.22842706057996798
23,0.2,recommended_solve,1e-05,143,0.2284252303458233
23,0.2,recommended_solve,1e-05,144,0.22841403660097245
23,0.2,recommended_solve,1e-05,145,0.22840996957266593
23,0.2,recommended_solve,1e-05,146,0.2284089133880394
23,0.2,recommended_solve,1e-05,147,0.22840203751585428
23,0.2,recommended_solve,1e-05,148,0.22838795348625388
23,0.2,recommended_solve,1e-05,149,0.22836484953650396
23,0.2,recommended_solve,1e-05,150,0.22835438081837509
23,0.2,recommended_solve,1e-05,151,0.2283506534249867
23,0.2,recommended_solve,1e-05,152,0.2283315322513075
23,0.2,recommended_solve,1e-05,153,0.22831577233977968
23,0.2,recommended_solve,1e-05,154,0.2283049602262972
23,0.2,recommended_solve,1e-05,155,0.2283036615793602
23,0.2,recommended_solve,1e-05,156,0.2282970620796545
23,0.2,recommended_solve,1e-05,157,0.2282878939442726
23,0.2,recommended_solve,1e-05,158,0.22827348055907842
23,0.2,recommended_solve,1e-05,159,0.22826107768600765
23,0.2,recommended_solve,1e-05,160,0.22822115349104524
23,0.2,recommended_solve,1e-05,161,0.22819822248083732
23,0.2,recommended_solve,1e-05,162,0.22816986979634002
23,0.2,recommended_solve,1e-05,163,0.22815132685354958
23,0.2,recommended_solve,1e-05,164,0.2281270284065797
23,0.2,recommended_solve,1e-05,165,0.22811431574330374
23,0.2,recommended_solve,1e-05,166,0.22806501833513168
23,0.2,recommended_solve,1e-05,167,0.22803740561653377
23,0.2,recommended_solve,1e-05,168,0.22799774329070657
23,0.2,recommended_solve,1e-05,169,0.22798028383403
23,0.2,recommended_solve,1e-05,170,0.2279363468590888
23,0.2,recommended_solve,1e-05,171,0.22789284706779156
23,0.2,recommended_solve,1e-05,172,0.22782753541973944
23,0.2,recommended_solve,1e-05,173,0.22778741848698544
23,0.2,recommended_solve,1e-05,174,0.2277370987488058
23,0.2,recommended_solve,1e-05,175,0.22768834189307188
23,0.2,recommended_solve,1e-05,176,0.22763090214311438
23,0.2,recommended_solve,1e-05,177,0.22758264354419525
23,0.2,recommended_solve,1e-05,178,0.22750527614710098
23,0.2,recommended_solve,1e-05,179,0.22741038634786448
23,0.2,recommended_solve,1e-05,180,0.22733704195680213
23,0.2,recommended_solve,1e-05,181,0.22725895808715815
23,0.2,recommended_solve,1e-05,182,0.22715484914409645
23,0.2,recommended_solve,1e-05,183,0.22703436078790898
23,0.2,recommended_solve,1e-05,184,0.2269356496739552
23,0.2,recommended_solve,1e-05,185,0.22684844843727828
23,0.2,recommended_solve,1e-05,186,0.22671218621074743
23,0.2,recommended_solve,1e-05,187,0.22654603521018277
23,0.2,recommended_solve,1e-05,188,0.22637859621816978
23,0.2,recommended_solve,1e-05,189,0.22621135620447974
23,0.2,recommended_solve,1e-05,190,0.22598375421916717
23,0.2,recommended_solve,1e-05,191,0.22575490603653595
23,0.2,recommended_solve,1e-05,192,0.22547290658623861
23,0.2,recommended_solve,1e-05,193,0.22521674641927356
23,0.2,recommended_solve,1e-05,194,0.22488847059891637
23,0.2,recommended_solve,1e-05,195,0.22464916175725633
23,0.2,recommended_solve,1e-05,196,0.22423561535595016
23,0.2,recommended_solve,1e-05,197,0.22383457462229642
23,0.2,recommended_solve,1e-05,198,0.22333541012796043
23,0.2,recommended_solve,1e-05,199,0.22297549547547224
23,0.2,recommended_solve,1e-05,200,0.2224531579898065
23,0.2,recommended_solve,1e-05,201,0.22192477825364226
23,0.2,recommended_solve,1e-05,202,0.22144190465657876
23,0.2,recommended_solve,1e-05,203,0.22111712691149982
23,0.2,recommended_solve,1e-05,204,0.22054736824651114
23,0.2,recommended_solve,1e-05,205,0.22002458366294458
23,0.2,recommended_solve,1e-05,206,0.2193741736245532
23,0.2,recommended_solve,1e-05,207,0.21886473832265854
23,0.2,recommended_solve,1e-05,208,0.21815220125506093
23,0.2,recommended_solve,1e-05,209,0.21759933433897086
23,0.2,recommended_solve,1e-05,210,0.21690081288244192
23,0.2,recommended_solve,1e-05,211,0.21628266837894014
23,0.2,recommended_solve,1e-05,212,0.21539903244769706
23,0.2,recommended_solve,1e-05,213,0.21463831848373116
23,0.2,recommended_solve,1e-05,214,0.21353568666032025
23,0.2,recommended_solve,1e-05,215,0.2127534653684087
23,0.2,recommended_solve,1e-05,216,0.21165115933137507
23,0.2,recommended_solve,1e-05,217,0.21085363355463768
23,0.2,recommended_solve,1e-05,218,0.20976931416270764
23,0.2,recommended_solve,1e-05,219,0.20894415284000709
23,0.2,recommended_solve,1e-05,220,0.20787916849290952
23,0.2,recommended_solve,1e-05,221,0.20701640139216332
23,0.2,recommended_solve,1e-05,222,0.20592545220379127
23,0.2,recommended_solve,1e-05,223,0.20515131784903712
23,0.2,recommended_solve,1e-05,224,0.20409260305106167
23,0.2,recommended_solve,1e-05,225,0.20306339591483988
23,0.2,recommended_solve,1e-05,226,0.2018021924134812
23,0.2,recommended_solve,1e-05,227,0.20066238858293595
23,0.2,recommended_solve,1e-05,228,0.1991417388496343
23,0.2,recommended_solve,1e-05,229,0.1977785537619112
23,0.2,recommended_solve,1e-05,230,0.19608251830174614
23,0.2,recommended_solve,1e-05,231,0.19466222043842304
23,0.2,recommended_solve,1e-05,232,0.19296727097017385
23,0.2,recommended_solve,1e-05,233,0.19129653363068666
23,0.2,recommended_solve,1e-05,234,0.18924377853287375
23,0.2,recommended_solve,1e-05,235,0.18752362944924272
23,0.2,recommended_solve,1e-05,236,0.18567739418201384
23,0.2,recommended_solve,1e-05,237,0.18392533298866492
23,0.2,recommended_solve,1e-05,238,0.18174227112068828
23,0.2,recommended_solve,1e-05,239,0.17961063062939972
23,0.2,recommended_solve,1e-05,240,0.17694299005480432
23,0.2,recommended_solve,1e-05,241,0.17482827497621115
23,0.2,recommended_solve,1e-05,242,0.17207217367309485
23,0.2,recommended_solve,1e-05,243,0.16990124492200204
23,0.2,recommended_solve,1e-05,244,0.16735274742140274
23,0.2,recommended_solve,1e-05,245,0.1653608735233228
23,0.2,recommended_solve,1e-05,246,0.16284462982299205
23,0.2,recommended_solve,1e-05,247,0.16084961090694597
23,0.2,recommended_solve,1e-05,248,0.1582122841989876
23,0.2,recommended_solve,1e-05,249,0.1560904226557813
23,0.2,recommended_solve,1e-05,250,0.15306841505114838
23,0.2,recommended_solve,1e-05,251,0.15087991612463694
23,0.2,recommended_solve,1e-05,252,0.14785053719906271
23,0.2,recommended_solve,1e-05,253,0.1452126254591052
23,0.2,recommended_solve,1e-05,254,0.14186664884859226
23,0.2,recommended_solve,1e-05,255,0.13939354927497916
23,0.2,recommended_solve,1e-05,256,0.13635437578617518
23,0.2,recommended_solve,1e-05,257,0.13410935230036453
23,0.2,recommended_solve,1e-05,258,0.13128355607728087
23,0.2,recommended_solve,1e-05,259,0.12908314073580446
23,0.2,recommended_solve,1e-05,260,0.1262654149371765
23,0.2,recommended_solve,1e-05,261,0.12390195331166641
23,0.2,recommended_solve,1e-05,262,0.1208785413209496
23,0.2,recommended_solve,1e-05,263,0.11827446312552051
23,0.2,recommended_solve,1e-05,264,0.1150269750465831
23,0.2,recommended_solve,1e-05,265,0.11239405198199352
23,0.2,recommended_solve,1e-05,266,0.10934006952544982
23,0.2,recommended_solve,1e-05,267,0.10683539567615206
23,0.2,recommended_solve,1e-05,268,0.10426202272293128
23,0.2,recommended_solve,1e-05,269,0.10195145125264639
23,0.2,recommended_solve,1e-05,270,0.09944141883253595
23,0.2,recommended_solve,1e-05,271,0.09702487412875348
23,0.2,recommended_solve,1e-05,272,0.09464633320824004
23,0.2,recommended_solve,1e-05,273,0.09228686913104424
23,0.2,recommended_solve,1e-05,274,0.08985757932819954
23,0.2,recommended_solve,1e-05,275,0.08754429406021956
23,0.2,recommended_solve,1e-05,276,0.08509504983592124
23,0.2,recommended_solve,1e-05,277,0.08280090396104164
23,0.2,recommended_solve,1e-05,278,0.08044922069827008
23,0.2,recommended_solve,1e-05,279,0.07851263625655736
23,0.2,recommended_solve,1e-05,280,0.07629948367298878
23,0.2,recommended_solve,1e-05,281,0.07464458760079162
23,0.2,recommended_solve,1e-05,282,0.07271900981287197
23,0.2,recommended_solve,1e-05,283,0.07133729405699715
23,0.2,recommended_solve,1e-05,284,0.06971105155876799
23,0.2,recommended_solve,1e-05,285,0.06854861865418997
23,0.2,recommended_solve,1e-05,286,0.06709615772046079
23,0.2,recommended_solve,1e-05,287,0.06621698717536738
23,0.2,recommended_solve,1e-05,288,0.06498465652945459
23,0.2,recommended_solve,1e-05,289,0.06415977101141619
23,0.2,recommended_solve,1e-05,290,0.06315324640473781
23,0.2,recommended_solve,1e-05,291,0.0623319773293374
23,0.2,recommended_solve,1e-05,292,0.061378104531178035
23,0.2,recommended_solve,1e-05,293,0.06056332093192157
23,0.2,recommended_solve,1e-05,294,0.059630381179544625
23,0.2,recommended_solve,1e-05,295,0.05884868039897015
23,0.2,recommended_solve,1e-05,296,0.05798444559133637
23,0.2,recommended_solve,1e-05,297,0.057338391661885674
23,0.2,recommended_solve,1e-05,298,0.0565796103739459
23,0.2,recommended_solve,1e-05,299,0.05603484139369499
23,0.2,recommended_solve,1e-05,300,0.055352487354281665
23,0.2,recommended_solve,0.0001,0,1.0
23,0.2,recommended_solve,0.0001,1,0.530613841920339
23,0.2,recommended_solve,0.0001,2,0.48810680328701234
23,0.2,recommended_solve,0.0001,3,0.4245379684051731
23,0.2,recommended_solve,0.0001,4,0.3856248317857981
23,0.2,recommended_solve,0.0001,5,0.3467313275887732
23,0.2,recommended_solve,0.0001,6,0.3147126151317925
23,0.2,recommended_solve,0.0001,7,0.2900484024743429
23,0.2,recommended_solve,0.0001,8,0.2806629630425915
23,0.2,recommended_solve,0.0001,9,0.26872526481679243
23,0.2,recommended_solve,0.0001,10,0.2610102158637108
23,0.2,recommended_solve,0.0001,11,0.2542302508856061
23,0.2,recommended_solve,0.0001,12,0.2508534836369663
23,0.2,recommended_solve,0.0001,13,0.24525980822369584
23,0.2,recommended_solve,0.0001,14,0.24143962241954398
23,0.2,recommended_solve,0.0001,15,0.23835883569432764
23,0.2,recommended_solve,0.0001,16,0.23669318470703427
23,0.2,recommended_solve,0.0001,17,0.23440660002196917
23,0.2,recommended_solve,0.0001,18,0.2330472972232274
23,0.2,recommended_solve,0.0001,19,0.23221577775692556
23,0.2,recommended_solve,0.0001,20,0.23154572288866057
23,0.2,recommended_solve,0.0001,21,0.230664252255673
23,0.2,recommended_solve,0.0001,22,0.23012994687374233
23,0.2,recommended_solve,0.0001,23,0.22985401595196403
23,0.2,recommended_solve,0.0001,24,0.22968341159988076
23,0.2,recommended_solve,0.0001,25,0.22940029717823365
23,0.2,recommended_solve,0.0001,26,0.22926382238282414
23,0.2,recommended_solve,0.0001,27,0.2291719150799016
23,0.2,recommended_solve,0.0001,28,0.229054596928281
23,0.2,recommended_solve,0.0001,29,0.22888958212140872
23,0.2,recommended_solve,0.0001,30,0.22883817700315406
23,0.2,recommended_solve,0.0001,31,0.2287931048982985
23,0.2,recommended_solve,0.0001,32,0.22876227295757035
23,0.2,recommended_solve,0.0001,33,0.22871888336955187
23,0.2,recommended_solve,0.0001,34,0.2286773306660642
23,0.2,recommended_solve,0.0001,35,0.2286601231851547
23,0.2,recommended_solve,0.0001,36,0.22861271655658688
23,0.2,recommended_solve,0.0001,37,0.2285960963914418
23,0.2,recommended_solve,0.0001,38,0.2285873479703088
23,0.2,recommended_solve,0.0001,39,0.22858293642653352
23,0.2,recommended_solve,0.0001,40,0.2285444203941077
23,0.2,recommended_solve,0.0001,41,0.2285338740187796
23,0.2,recommended_solve,0.0001,42,0.22852507088804172
23,0.2,recommended_solve,0.0001,43,0.22851597572045207
23,0.2,recommended_solve,0.0001,44,0.22849894182666122
23,0.2,recommended_solve,0.0001,45,0.22848128579920882
23,0.2,recommended_solve,0.0001,46,0.2284706364288379
23,0.2,recommended_solve,0.0001,47,0.22846430074111365
23,0.2,recommended_solve,0.0001,48,0.22845005794098194
23,0.2,recommended_solve,0.0001,49,0.22844147925363453
23,0.2,recommended_solve,0.0001,50,0.2284250891254622
23,0.2,recommended_solve,0.0001,51,0.22842153284448652
23,0.2,recommended_solve,0.0001,52,0.22841546763758647
23,0.2,recommended_solve,0.0001,53,0.228394129306568
23,0.2,recommended_solve,0.0001,54,0.22839146964086662
23,0.2,recommended_solve,0.0001,55,0.22838399636331966
23,0.2,recommended_solve,0.0001,56,0.2283747695552284
23,0.2,recommended_solve,0.0001,57,0.22834730414107623
23,0.2,recommended_solve,0.0001,58,0.22832746185531066
23,0.2,recommended_solve,0.0001,59,0.22832390064653152
23,0.2,recommended_solve,0.0001,60,0.22831006186508954
23,0.2,recommended_solve,0.0001,61,0.22828999549412096
23,0.2,recommended_solve,0.0001,62,0.22826416560386162
23,0.2,recommended_solve,0.0001,63,0.22823076863905795
23,0.2,recommended_solve,0.0001,64,0.22819544423235985
23,0.2,recommended_solve,0.0001,65,0.22815078638195882
23,0.2,recommended_solve,0.0001,66,0.2281045250853634
23,0.2,recommended_solve,0.0001,67,0.22805585370858353
23,0.2,recommended_solve,0.0001,68,0.22799441231692194
23,0.2,recommended_solve,0.0001,69,0.22792155069474904
23,0.2,recommended_solve,0.0001,70,0.22783706828584235
23,0.2,recommended_solve,0.0001,71,0.22776445403825432
23,0.2,recommended_solve,0.0001,72,0.22763079010610834
23,0.2,recommended_solve,0.0001,73,0.22753443250012623
23,0.2,recommended_solve,0.0001,74,0.22740914727988112
23,0.2,recommended_solve,0.0001,75,0.2273201093435281
23,0.2,recommended_solve,0.0001,76,0.22719022212482975
23,0.2,recommended_solve,0.0001,77,0.22708879550396602
23,0.2,recommended_solve,0.0001,78,0.22691862478191502
23,0.2,recommended_solve,0.0001,79,0.2268261733855931
23,0.2,recommended_solve,0.0001,80,0.22673543089710804
23,0.2,recommended_solve,0.0001,81,0.22662635557670852
23,0.2,recommended_solve,0.0001,82,0.226485712376067
23,0.2,recommended_solve,0.0001,83,0.2264180004146209
23,0.2,recommended_solve,0.0001,84,0.2263106686455226
23,0.2,recommended_solve,0.0001,85,0.2262514126716673
23,0.2,recommended_solve,0.0001,86,0.22615898844947782
23,0.2,recommended_solve,0.0001,87,0.22609741839777342
23,0.2,recommended_solve,0.0001,88,0.22597679708449844
23,0.2,recommended_solve,0.0001,89,0.2258938729044708
23,0.2,recommended_solve,0.0001,90,0.22577386020628423
23,0.2,recommended_solve,0.0001,91,0.22568243100237936
23,0.2,recommended_solve,0.0001,92,0.22555989135150278
23,0.2,recommended_solve,0.0001,93,0.22544107759402313
23,0.2,recommended_solve,0.0001,94,0.22529141229247754
23,0.2,recommended_solve,0.0001,95,0.22513221559290716
23,0.2,recommended_solve,0.0001,96,0.2248805391109012
23,0.2,recommended_solve,0.0001,97,0.2246886741658364
23,0.2,recommended_solve,0.0001,98,0.22431988930212468
23,0.2,recommended_solve,0.0001,99,0.2239695581319444
23,0.2,recommended_solve,0.0001,100,0.22345832466950402
23,0.2,recommended_solve,0.0001,101,0.22291279900583666
23,0.2,recommended_solve,0.0001,102,0.22216471051122433
23,0.2,recommended_solve,0.0001,103,0.2213278475274681
23,0.2,recommended_solve,0.0001,104,0.22035856897596787
23,0.2,recommended_solve,0.0001,105,0.21931901125472197
23,0.2,recommended_solve,0.0001,106,0.21786526258939137
23,0.2,recommended_solve,0.0001,107,0.21629437352606892
23,0.2,recommended_solve,0.0001,108,0.2143686249984122
23,0.2,recommended_solve,0.0001,109,0.21251228073190193
23,0.2,recommended_solve,0.0001,110,0.2103168278684874
23,0.2,recommended_solve,0.0001,111,0.2081276399027768
23,0.2,recommended_solve,0.0001,112,0.20573791516125223
23,0.2,recommended_solve,0.0001,113,0.20340132776904696
23,0.2,recommended_solve,0.0001,114,0.20096152815676632
23,0.2,recommended_solve,0.0001,115,0.19829576449520173
23,0.2,recommended_solve,0.0001,116,0.1956661239555628
23,0.2,recommended_solve,0.0001,117,0.1925894790116127
23,0.2,recommended_solve,0.0001,118,0.18937524333232397
23,0.2,recommended_solve,0.0001,119,0.18592625711192248
23,0.2,recommended_solve,0.0001,120,0.1820776765714008
23,0.2,recommended_solve,0.0001,121,0.17816361922480697
23,0.2,recommended_solve,0.0001,122,0.17380179876491803
23,0.2,recommended_solve,0.0001,123,0.16920673668317235
23,0.2,recommended_solve,0.0001,124,0.16428343666638287
23,0.2,recommended_solve,0.0001,125,0.15975380989299046
23,0.2,recommended_solve,0.0001,126,0.15450125709079582
23,0.2,recommended_solve,0.0001,127,0.15036001852894726
23,0.2,recommended_solve,0.0001,128,0.14568173145821764
23,0.2,recommended_solve,0.0001,129,0.14222544026319764
23,0.2,recommended_solve,0.0001,130,0.13785299250041702
23,0.2,recommended_solve,0.0001,131,0.13458516790523958
23,0.2,recommended_solve,0.0001,132,0.1306909814499485
23,0.2,recommended_solve,0.0001,133,0.12764375955757815
23,0.2,recommended_solve,0.0001,134,0.12387314017095317
23,0.2,recommended_solve,0.0001,135,0.12121430354671793
23,0.2,recommended_solve,0.0001,136,0.11832206677922001
23,0.2,recommended_solve,0.0001,137,0.1161310264181108
23,0.2,recommended_solve,0.0001,138,0.11343555506959131
23,0.2,recommended_solve,0.0001,139,0.11144145782655245
23,0.2,recommended_solve,0.0001,140,0.1088738851445715
23,0.2,recommended_solve,0.0001,141,0.10662034787101565
23,0.2,recommended_solve,0.0001,142,0.10386576871260544
23,0.2,recommended_solve,0.0001,143,0.10153260199240303
23,0.2,recommended_solve,0.0001,144,0.09849404800308678
23,0.2,recommended_solve,0.0001,145,0.09561884907858818
23,0.2,recommended_solve,0.0001,146,0.09245800127502851
23,0.2,recommended_solve,0.0001,147,0.08962801645098842
23,0.2,recommended_solve,0.0001,148,0.0863067875390355
23,0.2,recommended_solve,0.0001,149,0.08328904569699477
23,0.2,recommended_solve,0.0001,150,0.07977367637247551
23,0.2,recommended_solve,0.0001,151,0.07669075081223367
23,0.2,recommended_solve,0.0001,152,0.07361961972612993
23,0.2,recommended_solve,0.0001,153,0.07112390526092671
23,0.2,recommended_solve,0.0001,154,0.0684291785168669
23,0.2,recommended_solve,0.0001,155,0.06623321978601057
23,0.2,recommended_solve,0.0001,156,0.06432040488334627
23,0.2,recommended_solve,0.0001,157,0.06279353261052434
23,0.2,recommended_solve,0.0001,158,0.061452317253879604
23,0.2,recommended_solve,0.0001,159,0.060357907158935784
23,0.2,recommended_solve,0.0001,160,0.05946476924114495
23,0.2,recommended_solve,0.0001,161,0.05869452017003996
23,0.2,recommended_solve,0.0001,162,0.05811157046603334
23,0.2,recommended_solve,0.0001,163,0.05764282321595034
23,0.2,recommended_solve,0.0001,164,0.057221626192889945
23,0.2,recommended_solve,0.0001,165,0.056782726031207764
23,0.2,recommended_solve,0.0001,166,0.05649523561217354
23,0.2,recommended_solve,0.0001,167,0.05620448166302851
23,0.2,recommended_solve,0.0001,168,0.055990051698192954
23,0.2,recommended_solve,0.0001,169,0.05568473873309861
23,0.2,recommended_solve,0.0001,170,0.05546167306783916
23,0.2,recommended_solve,0.0001,171,0.05516007499525306
23,0.2,recommended_solve,0.0001,172,0.05496335742724216
23,0.2,recommended_solve,0.0001,173,0.054703129147546554
23,0.2,recommended_solve,0.0001,174,0.054514733234040394
23,0.2,recommended_solve,0.0001,175,0.054261914152235566
23,0.2,recommended_solve,0.0001,176,0.05406428056225669
23,0.2,recommended_solve,0.0001,177,0.053813236925781084
23,0.2,recommended_solve,0.0001,178,0.053588437975482024
23,0.2,recommended_solve,0.0001,179,0.05327153328200788
23,0.2,recommended_solve,0.0001,180,0.05294908560351705
23,0.2,recommended_solve,0.0001,181,0.052598713151791876
23,0.2,recommended_solve,0.0001,182,0.05223195220876547
23,0.2,recommended_solve,0.0001,183,0.05183547344743759
23,0.2,recommended_solve,0.0001,184,0.05142241521696792
23,0.2,recommended_solve,0.0001,185,0.051047058093728
23,0.2,recommended_solve,0.0001,186,0.05065676125740954
23,0.2,recommended_solve,0.0001,187,0.05035701171448194
23,0.2,recommended_solve,0.0001,188,0.049988258637019445
23,0.2,recommended_solve,0.0001,189,0.04974207508293438
23,0.2,recommended_solve,0.0001,190,0.049460972156592314
23,0.2,recommended_solve,0.0001,191,0.049281222692084785
23,0.2,recommended_solve,0.0001,192,0.049033131952038435
23,0.2,recommended_solve,0.0001,193,0.04890561785962983
23,0.2,recommended_solve,0.0001,194,0.0487445258520531
23,0.2,recommended_solve,0.0001,195,0.0486596107141874
23,0.2,recommended_solve,0.0001,196,0.04854502422098649
23,0.2,recommended_solve,0.0001,197,0.048485383302748465
23,0.2,recommended_solve,0.0001,198,0.04841894468188294
23,0.2,recommended_solve,0.0001,199,0.04837465724642846
23,0.2,recommended_solve,0.0001,200,0.04832582996848809
23,0.2,recommended_solve,0.0001,201,0.04829444587302546
23,0.2,recommended_solve,0.0001,202,0.048256686607441285
23,0.2,recommended_solve,0.0001,203,0.04823238055407781
23,0.2,recommended_solve,0.0001,204,0.04820375692707498
23,0.2,recommended_solve,0.0001,205,0.04818589796971043
23,0.2,recommended_solve,0.0001,206,0.048167000077278976
23,0.2,recommended_solve,0.0001,207,0.04815652810880603
23,0.2,recommended_solve,0.0001,208,0.04814756155616263
23,0.2,recommended_solve,0.0001,209,0.04814168042102521
23,0.2,recommended_solve,0.0001,210,0.04813461053730349
23,0.2,recommended_solve,0.0001,211,0.04812899480824745
23,0.2,recommended_solve,0.0001,212,0.04811966289020598
23,0.2,recommended_solve,0.0001,213,0.048115447132635665
23,0.2,recommended_solve,0.0001,214,0.048107814461186435
23,0.2,recommended_solve,0.0001,215,0.04810290701670336
23,0.2,recommended_solve,0.0001,216,0.048097726930829365
23,0.2,recommended_solve,0.0001,217,0.04809510810615558
23,0.2,recommended_solve,0.0001,218,0.048091199924884274
23,0.2,recommended_solve,0.0001,219,0.04808607826195407
23,0.2,recommended_solve,0.0001,220,0.04808406213336316
23,0.2,recommended_solve,0.0001,221,0.048080610402558975
23,0.2,recommended_solve,0.0001,222,0.04807571782879222
23,0.2,recommended_solve,0.0001,223,0.0480721357685905
23,0.2,recommended_solve,0.0001,224,0.04806728424424821
23,0.2,recommended_solve,0.0001,225,0.048064500414065195
23,0.2,recommended_solve,0.0001,226,0.04806255969816044
23,0.2,recommended_solve,0.0001,227,0.04806052809603288
23,0.2,recommended_solve,0.0001,228,0.04805859742833537
23,0.2,recommended_solve,0.0001,229,0.048057439743867184
23,0.2,recommended_solve,0.0001,230,0.0480560252934733
23,0.2,recommended_solve,0.0001,231,0.04805393969352443
23,0.2,recommended_solve,0.0001,232,0.04805219753629374
23,0.2,recommended_solve,0.0001,233,0.04805078884598059
23,0.2,recommended_solve,0.0001,234,0.048048860707365915
23,0.2,recommended_solve,0.0001,235,0.048047915386380785
23,0.2,recommended_solve,0.0001,236,0.048045182987105334
23,0.2,recommended_solve,0.0001,237,0.048042972763535946
23,0.2,recommended_solve,0.0001,238,0.048039249600710265
23,0.2,recommended_solve,0.0001,239,0.04803609890524349
23,0.2,recommended_solve,0.0001,240,0.04803326206101925
23,0.2,recommended_solve,0.0001,241,0.04803042951767176
23,0.2,recommended_solve,0.0001,242,0.04802536460336223
23,0.2,recommended_solve,0.0001,243,0.04802177231220444
23,0.2,recommended_solve,0.0001,244,0.048018527196328334
23,0.2,recommended_solve,0.0001,245,0.04801699006221326
23,0.2,recommended_solve,0.0001,246,0.04801364033961773
23,0.2,recommended_solve,0.0001,247,0.048012168949303886
23,0.2,recommended_solve,0.0001,248,0.048004010610352935
23,0.2,recommended_solve,0.0001,249,0.04800108931208712
23,0.2,recommended_solve,0.0001,250,0.04799306257441521
23,0.2,recommended_solve,0.0001,251,0.047984983713480464
23,0.2,recommended_solve,0.0001,252,0.04797547327556275
23,0.2,recommended_solve,0.0001,253,0.04796818494679452
23,0.2,recommended_solve,0.0001,254,0.04795778015187417
23,0.2,recommended_solve,0.0001,255,0.04794646503246221
23,0.2,recommended_solve,0.0001,256,0.047929483127529544
23,0.2,recommended_solve,0.0001,257,0.04791382010786253
23,0.2,recommended_solve,0.0001,258,0.04789979730182072
23,0.2,recommended_solve,0.0001,259,0.047883616165358966
23,0.2,recommended_solve,0.0001,260,0.04785941524493963
23,0.2,recommended_solve,0.0001,261,0.04783458955506866
23,0.2,recommended_solve,0.0001,262,0.047808933545501246
23,0.2,recommended_solve,0.0001,263,0.04778432253295853
23,0.2,recommended_solve,0.0001,264,0.047759736603535455
23,0.2,recommended_solve,0.0001,265,0.04773585002247243
23,0.2,recommended_solve,0.0001,266,0.047696402366602865
23,0.2,recommended_solve,0.0001,267,0.047663366824103645
23,0.2,recommended_solve,0.0001,268,0.04763483650559152
23,0.2,recommended_solve,0.0001,269,0.04761149147088784
23,0.2,recommended_solve,0.0001,270,0.047583539282264956
23,0.2,recommended_solve,0.0001,271,0.04756232957696859
23,0.2,recommended_solve,0.0001,272,0.04753657371114147
23,0.2,recommended_solve,0.0001,273,0.04751694392851507
23,0.2,recommended_solve,0.0001,274,0.047497093862941625
23,0.2,recommended_solve,0.0001,275,0.04748305663578887
23,0.2,recommended_solve,0.0001,276,0.0474695949072008
23,0.2,recommended_solve,0.0001,277,0.04745864070447655
23,0.2,recommended_solve,0.0001,278,0.047448963118471715
23,0.2,recommended_solve,0.0001,279,0.047440272617827184
23,0.2,recommended_solve,0.0001,280,0.047424993628697995
23,0.2,recommended_solve,0.0001,281,0.047416766562263034
23,0.2,recommended_solve,0.0001,282,0.04740268004140465
23,0.2,recommended_solve,0.0001,283,0.0473951183332159
23,0.2,recommended_solve,0.0001,284,0.047387555222398084
23,0.2,recommended_solve,0.0001,285,0.047383243803480045
23,0.2,recommended_solve,0.0001,286,0.04737806677789253
23,0.2,recommended_solve,0.0001,287,0.04737228914420546
23,0.2,recommended_solve,0.0001,288,0.04736272571782003
23,0.2,recommended_solve,0.0001,289,0.04735228170386033
23,0.2,recommended_solve,0.0001,290,0.04734096776915333
23,0.2,recommended_solve,0.0001,291,0.047330350214315656
23,0.2,recommended_solve,0.0001,292,0.0473144501651814
23,0.2,recommended_solve,0.0001,293,0.047299213416492736
23,0.2,recommended_solve,0.0001,294,0.04728026280199002
23,0.2,recommended_solve,0.0001,295,0.04725217285798978
23,0.2,recommended_solve,0.0001,296,0.047213074761424646
23,0.2,recommended_solve,0.0001,297,0.047182344799165596
23,0.2,recommended_solve,0.0001,298,0.04712689135667436
23,0.2,recommended_solve,0.0001,299,0.04707696578766136
23,0.2,recommended_solve,0.0001,300,0.046978148228448445
23,0.2,recommended_solve,0.001,0,1.0
23,0.2,recommended_solve,0.001,1,0.4990773331833372
23,0.2,recommended_solve,0.001,2,0.42410368318517244
23,0.2,recommended_solve,0.001,3,0.34905862171406843
23,0.2,recommended_solve,0.001,4,0.31130046094735103
23,0.2,recommended_solve,0.001,5,0.2736791540638247
23,0.2,recommended_solve,0.001,6,0.2558071526693609
23,0.2,recommended_solve,0.001,7,0.24261969300103528
23,0.2,recommended_solve,0.001,8,0.2386315194122397
23,0.2,recommended_solve,0.001,9,0.23413156543800867
23,0.2,recommended_solve,0.001,10,0.23208463517067382
23,0.2,recommended_solve,0.001,11,0.23091101549561477
23,0.2,recommended_solve,0.001,12,0.2306380705262073
23,0.2,recommended_solve,0.001,13,0.22974104097074494
23,0.2,recommended_solve,0.001,14,0.22916663327441394
23,0.2,recommended_solve,0.001,15,0.22899152622450794
23,0.2,recommended_solve,0.001,16,0.22894315374827953
23,0.2,recommended_solve,0.001,17,0.22875391298476713
23,0.2,recommended_solve,0.001,18,0.22864578916224518
23,0.2,recommended_solve,0.001,19,0.22861717639014298
23,0.2,recommended_solve,0.001,20,0.2285661273336943
23,0.2,recommended_solve,0.001,21,0.22841265285707466
23,0.2,recommended_solve,0.001,22,0.2282835964046009
23,0.2,recommended_solve,0.001,23,0.22822568308449495
23,0.2,recommended_solve,0.001,24,0.22809723593720124
23,0.2,recommended_solve,0.001,25,0.22787554867540885
23,0.2,recommended_solve,0.001,26,0.22769370714807663
23,0.2,recommended_solve,0.001,27,0.22765449428361942
23,0.2,recommended_solve,0.001,28,0.22758926309314154
23,0.2,recommended_solve,0.001,29,0.2274990663915483
23,0.2,recommended_solve,0.001,30,0.2274557054607401
23,0.2,recommended_solve,0.001,31,0.22739789367440993
23,0.2,recommended_solve,0.001,32,0.22735424196075413
23,0.2,recommended_solve,0.001,33,0.2272551771513949
23,0.2,recommended_solve,0.001,34,0.2271665420471133
23,0.2,recommended_solve,0.001,35,0.2269692596230617
23,0.2,recommended_solve,0.001,36,0.2267077490590182
23,0.2,recommended_solve,0.001,37,0.22636443940281648
23,0.2,recommended_solve,0.001,38,0.2258927100544395
23,0.2,recommended_solve,0.001,39,0.22530250104328262
23,0.2,recommended_solve,0.001,40,0.22457653990870144
23,0.2,recommended_solve,0.001,41,0.2237096418175146
23,0.2,recommended_solve,0.001,42,0.2229776471964006
23,0.2,recommended_solve,0.001,43,0.22199239527325018
23,0.2,recommended_solve,0.001,44,0.22116007170740487
23,0.2,recommended_solve,0.001,45,0.2199536671749513
23,0.2,recommended_solve,0.001,46,0.21897489749840485
23,0.2,recommended_solve,0.001,47,0.21788787667731366
23,0.2,recommended_solve,0.001,48,0.21715770030952325
23,0.2,recommended_solve,0.001,49,0.21617792964857702
23,0.2,recommended_solve,0.001,50,0.21565113462391966
23,0.2,recommended_solve,0.001,51,0.21511498917417057
23,0.2,recommended_solve,0.001,52,0.21467954554630556
23,0.2,recommended_solve,0.001,53,0.21394192400617404
23,0.2,recommended_solve,0.001,54,0.21334041320748942
23,0.2,recommended_solve,0.001,55,0.21265451286812367
23,0.2,recommended_solve,0.001,56,0.21196638509964938
23,0.2,recommended_solve,0.001,57,0.21091355124512917
23,0.2,recommended_solve,0.001,58,0.20979609264922972
23,0.2,recommended_solve,0.001,59,0.2081631076131867
23,0.2,recommended_solve,0.001,60,0.20618605588544334
23,0.2,recommended_solve,0.001,61,0.2021175247699696
23,0.2,recommended_solve,0.001,62,0.19706795242518924
23,0.2,recommended_solve,0.001,63,0.1883099509461794
23,0.2,recommended_solve,0.001,64,0.18023217514516435
23,0.2,recommended_solve,0.001,65,0.16848625662372993
23,0.2,recommended_solve,0.001,66,0.1582011988834098
23,0.2,recommended_solve,0.001,67,0.1461586277615543
23,0.2,recommended_solve,0.001,68,0.13687282029424364
23,0.2,recommended_solve,0.001,69,0.12675436155028041
23,0.2,recommended_solve,0.001,70,0.11945734926479674
23,0.2,recommended_solve,0.001,71,0.11168476470050798
23,0.2,recommended_solve,0.001,72,0.10617553906039899
23,0.2,recommended_solve,0.001,73,0.09946531237871847
23,0.2,recommended_solve,0.001,74,0.09448031691516519
23,0.2,recommended_solve,0.001,75,0.08865543064370246
23,0.2,recommended_solve,0.001,76,0.08441676336586194
23,0.2,recommended_solve,0.001,77,0.07941664929600738
23,0.2,recommended_solve,0.001,78,0.0755363541928468
23,0.2,recommended_solve,0.001,79,0.07095321063667218
23,0.2,recommended_solve,0.001,80,0.06735936287419281
23,0.2,recommended_solve,0.001,81,0.06331925594230092
23,0.2,recommended_solve,0.001,82,0.06069692707063625
23,0.2,recommended_solve,0.001,83,0.05830900176543265
23,0.2,recommended_solve,0.001,84,0.05701693930227982
23,0.2,recommended_solve,0.001,85,0.05583717291730165
23,0.2,recommended_solve,0.001,86,0.055260788235205784
23,0.2,recommended_solve,0.001,87,0.05469771919913994
23,0.2,recommended_solve,0.001,88,0.05439979826021604
23,0.2,recommended_solve,0.001,89,0.05398104914005598
23,0.2,recommended_solve,0.001,90,0.053683134068048706
23,0.2,recommended_solve,0.001,91,0.05321253822484037
23,0.2,recommended_solve,0.001,92,0.05288047575829524
23,0.2,recommended_solve,0.001,93,0.05244678823662123
23,0.2,recommended_solve,0.001,94,0.052144151343753255
23,0.2,recommended_solve,0.001,95,0.05180062150687828
23,0.2,recommended_solve,0.001,96,0.05156567970526722
23,0.2,recommended_solve,0.001,97,0.05129816232272986
23,0.2,recommended_solve,0.001,98,0.051109769221081555
23,0.2,recommended_solve,0.001,99,0.05084765503203207
23,0.2,recommended_solve,0.001,100,0.050669612785926826
23,0.2,recommended_solve,0.001,101,0.05045232434718272
23,0.2,recommended_solve,0.001,102,0.0503194753099753
23,0.2,recommended_solve,0.001,103,0.05016689103529775
23,0.2,recommended_solve,0.001,104,0.05010616438341736
23,0.2,recommended_solve,0.001,105,0.05004029031470379
23,0.2,recommended_solve,0.001,106,0.04999447684120263
23,0.2,recommended_solve,0.001,107,0.049929800700425346
23,0.2,recommended_solve,0.001,108,0.04989081167760422
23,0.2,recommended_solve,0.001,109,0.0498481821293739
23,0.2,recommended_solve,0.001,110,0.04982149112750425
23,0.2,recommended_solve,0.001,111,0.04977258040087496
23,0.2,recommended_solve,0.001,112,0.049740165020673015
23,0.2,recommended_solve,0.001,113,0.049692136941948156
23,0.2,recommended_solve,0.001,114,0.04966476327956686
23,0.2,recommended_solve,0.001,115,0.049632306348669095
23,0.2,recommended_solve,0.001,116,0.04960456366442751
23,0.2,recommended_solve,0.001,117,0.04957781699572477
23,0.2,recommended_solve,0.001,118,0.04955939450660125
23,0.2,recommended_solve,0.001,119,0.049542541650842604
23,0.2,recommended_solve,0.001,120,0.049529532842863155
23,0.2,recommended_solve,0.001,121,0.04950518050675182
23,0.2,recommended_solve,0.001,122,0.04948794622915176
23,0.2,recommended_solve,0.001,123,0.049466633356172705
23,0.2,recommended_solve,0.001,124,0.04943810995734915
23,0.2,recommended_solve,0.001,125,0.04938771751261848
23,0.2,recommended_solve,0.001,126,0.049352616695942306
23,0.2,recommended_solve,0.001,127,0.04930491110260523
23,0.2,recommended_solve,0.001,128,0.04926467228107625
23,0.2,recommended_solve,0.001,129,0.04920623130870057
23,0.2,recommended_solve,0.001,130,0.049166834495297344
23,0.2,recommended_solve,0.001,131,0.04910581304472137
23,0.2,recommended_solve,0.001,132,0.04907067255347818
23,0.2,recommended_solve,0.001,133,0.049023085243739446
23,0.2,recommended_solve,0.001,134,0.04900043270599443
23,0.2,recommended_solve,0.001,135,0.04897050444762132
23,0.2,recommended_solve,0.001,136,0.048952142622864694
23,0.2,recommended_solve,0.001,137,0.04892721473706991
23,0.2,recommended_solve,0.001,138,0.04891223298755401
23,0.2,recommended_solve,0.001,139,0.04887960274522161
23,0.2,recommended_solve,0.001,140,0.048850999332057415
23,0.2,recommended_solve,0.001,141,0.04881332085001478
23,0.2,recommended_solve,0.001,142,0.04878221951141391
23,0.2,recommended_solve,0.001,143,0.0487393977618485
23,0.2,recommended_solve,0.001,144,0.048701835873155915
23,0.2,recommended_solve,0.001,145,0.04864137581640879
23,0.2,recommended_solve,0.001,146,0.04859474451304905
23,0.2,recommended_solve,0.001,147,0.0485386741074584
23,0.2,recommended_solve,0.001,148,0.04849454954513948
23,0.2,recommended_solve,0.001,149,0.0484387935216207
23,0.2,recommended_solve,0.001,150,0.04839226465015322
23,0.2,recommended_solve,0.001,151,0.04834017004090221
23,0.2,recommended_solve,0.001,152,0.048300285383651234
23,0.2,recommended_solve,0.001,153,0.04824982169929543
23,0.2,recommended_solve,0.001,154,0.04820910305447878
23,0.2,recommended_solve,0.001,155,0.04816553122694028
23,0.2,recommended_solve,0.001,156,0.04811653291469024
23,0.2,recommended_solve,0.001,157,0.048018878764559104
23,0.2,recommended_solve,0.001,158,0.04792804065824138
23,0.2,recommended_solve,0.001,159,0.04778837533473553
23,0.2,recommended_solve,0.001,160,0.04765844424709737
23,0.2,recommended_solve,0.001,161,0.04745588364606007
23,0.2,recommended_solve,0.001,162,0.04724755832376915
23,0.2,recommended_solve,0.001,163,0.04693278859916835
23,0.2,recommended_solve,0.001,164,0.046641751720203885
23,0.2,recommended_solve,0.001,165,0.04624667348921453
23,0.2,recommended_solve,0.001,166,0.04590733180999559
23,0.2,recommended_solve,0.001,167,0.04546491358598558
23,0.2,recommended_solve,0.001,168,0.045153667439643996
23,0.2,recommended_solve,0.001,169,0.04480760468447154
23,0.2,recommended_solve,0.001,170,0.044567095471335715
23,0.2,recommended_solve,0.001,171,0.044298829403297484
23,0.2,recommended_solve,0.001,172,0.04410696902827276
23,0.2,recommended_solve,0.001,173,0.04388965116409653
23,0.2,recommended_solve,0.001,174,0.04371991193385985
23,0.2,recommended_solve,0.001,175,0.04352166908514586
23,0.2,recommended_solve,0.001,176,0.04338146099920683
23,0.2,recommended_solve,0.001,177,0.0432032822510653
23,0.2,recommended_solve,0.001,178,0.04306166449174962
23,0.2,recommended_solve,0.001,179,0.042860428597893276
23,0.2,recommended_solve,0.001,180,0.0427145942940725
23,0.2,recommended_solve,0.001,181,0.04254469139669118
23,0.2,recommended_solve,0.001,182,0.042428284540077923
23,0.2,recommended_solve,0.001,183,0.04229106390633027
23,0.2,recommended_solve,0.001,184,0.042199076953726856
23,0.2,recommended_solve,0.001,185,0.042090134354529844
23,0.2,recommended_solve,0.001,186,0.04200125404640028
23,0.2,recommended_solve,0.001,187,0.041886725036215815
23,0.2,recommended_solve,0.001,188,0.041771083551496946
23,0.2,recommended_solve,0.001,189,0.041588189117770215
23,0.2,recommended_solve,0.001,190,0.041393786312019044
23,0.2,recommended_solve,0.001,191,0.04102443529528226
23,0.2,recommended_solve,0.001,192,0.04059592117718713
23,0.2,recommended_solve,0.001,193,0.03996484635097361
23,0.2,recommended_solve,0.001,194,0.03932941471553781
23,0.2,recommended_solve,0.001,195,0.038449239205454934
23,0.2,recommended_solve,0.001,196,0.037636402218850874
23,0.2,recommended_solve,0.001,197,0.036443644463800405
23,0.2,recommended_solve,0.001,198,0.03537690897867562
23,0.2,recommended_solve,0.001,199,0.034055788693516734
23,0.2,recommended_solve,0.001,200,0.033102242354825194
23,0.2,recommended_solve,0.001,201,0.03211982841636064
23,0.2,recommended_solve,0.001,202,0.03160298032966951
23,0.2,recommended_solve,0.001,203,0.03111806806937574
23,0.2,recommended_solve,0.001,204,0.030861416842714706
23,0.2,recommended_solve,0.001,205,0.03058423686414827
23,0.2,recommended_solve,0.001,206,0.030428071829298704
23,0.2,recommended_solve,0.001,207,0.030290620585205263
23,0.2,recommended_solve,0.001,208,0.0302222771582621
23,0.2,recommended_solve,0.001,209,0.030169412117390538
23,0.2,recommended_solve,0.001,210,0.030135940135677615
23,0.2,recommended_solve,0.001,211,0.030105604033422533
23,0.2,recommended_solve,0.001,212,0.030093877944287636
23,0.2,recommended_solve,0.001,213,0.03008139673462227
23,0.2,recommended_solve,0.001,214,0.030076471188468845
23,0.2,recommended_solve,0.001,215,0.030070185430527516
23,0.2,recommended_solve,0.001,216,0.030062764391862038
23,0.2,recommended_solve,0.001,217,0.030051608921349886
23,0.2,recommended_solve,0.001,218,0.030041097514101393
23,0.2,recommended_solve,0.001,219,0.030023685341826496
23,0.2,recommended_solve,0.001,220,0.030006652497329696
23,0.2,recommended_solve,0.001,221,0.029975317939849287
23,0.2,recommended_solve,0.001,222,0.029940388725800824
23,0.2,recommended_solve,0.001,223,0.02986933228038729
23,0.2,recommended_solve,0.001,224,0.02976577970603248
23,0.2,recommended_solve,0.001,225,0.02951579696078541
23,0.2,recommended_solve,0.001,226,0.029175273893306652
23,0.2,recommended_solve,0.001,227,0.028574822036459273
23,0.2,recommended_solve,0.001,228,0.027834929770905955
23,0.2,recommended_solve,0.001,229,0.026454216169776383
23,0.2,recommended_solve,0.001,230,0.025045139498295423
23,0.2,recommended_solve,0.001,231,0.022956333142903552
23,0.2,recommended_solve,0.001,232,0.020831005357797975
23,0.2,recommended_solve,0.001,233,0.018156342300558202
23,0.2,recommended_solve,0.001,234,0.01574760853001866
23,0.2,recommended_solve,0.001,235,0.013095988088199256
23,0.2,recommended_solve,0.001,236,0.0112088496325527
23,0.2,recommended_solve,0.001,237,0.00943144374318063
23,0.2,recommended_solve,0.001,238,0.008343334740396379
23,0.2,recommended_solve,0.001,239,0.007419835312969393
23,0.2,recommended_solve,0.001,240,0.006924074782161978
23,0.2,recommended_solve,0.001,241,0.006456963941189792
23,0.2,recommended_solve,0.001,242,0.006174851923354452
23,0.2,recommended_solve,0.001,243,0.0058918962833105284
23,0.2,recommended_solve,0.001,244,0.005734292914744449
23,0.2,recommended_solve,0.001,245,0.005572095732222843
23,0.2,recommended_solve,0.001,246,0.005478778485758273
23,0.2,recommended_solve,0.001,247,0.005378400054502623
23,0.2,recommended_solve,0.001,248,0.0053253559456096
23,0.2,recommended_solve,0.001,249,0.005277123579486607
23,0.2,recommended_solve,0.001,250,0.005253681912672485
23,0.2,recommended_solve,0.001,251,0.005233835725743637
23,0.2,recommended_solve,0.001,252,0.005227779313706657
23,0.2,recommended_solve,0.001,253,0.0052209210560740064
23,0.2,recommended_solve,0.001,254,0.005218406036623392
23,0.2,recommended_solve,0.001,255,0.005215988806885004
23,0.2,recommended_solve,0.001,256,0.005214865334128921
23,0.2,recommended_solve,0.001,257,0.005214034292156926
23,0.2,recommended_solve,0.001,258,0.0052125273251384194
23,0.2,recommended_solve,0.001,259,0.005210888208239776
23,0.2,recommended_solve,0.001,260,0.005208099332226926
23,0.2,recommended_solve,0.001,261,0.0052032262793319135
23,0.2,recommended_solve,0.001,262,0.005194398938038565
23,0.2,recommended_solve,0.001,263,0.005177295003134633
23,0.2,recommended_solve,0.001,264,0.005153503676973654
23,0.2,recommended_solve,0.001,265,0.005110568355135981
23,0.2,recommended_solve,0.001,266,0.005053400650208523
23,0.2,recommended_solve,0.001,267,0.004957740005856883
23,0.2,recommended_solve,0.001,268,0.004835573184806093
23,0.2,recommended_solve,0.001,269,0.004618613947807549
23,0.2,recommended_solve,0.001,270,0.004332450712407144
23,0.2,recommended_solve,0.001,271,0.0038648107636587983
23,0.2,recommended_solve,0.001,272,0.003381389971962738
23,0.2,recommended_solve,0.001,273,0.002839344007507155
23,0.2,recommended_solve,0.001,274,0.0024389442678819984
23,0.2,recommended_solve,0.001,275,0.0021145505205648605
23,0.2,recommended_solve,0.001,276,0.0019526299426371849
23,0.2,recommended_solve,0.001,277,0.0018377096977366964
23,0.2,recommended_solve,0.001,278,0.0017898497335840364
23,0.2,recommended_solve,0.001,279,0.0017568579072847832
23,0.2,recommended_solve,0.001,280,0.0017441491846939621
23,0.2,recommended_solve,0.001,281,0.0017353214479368675
23,0.2,recommended_solve,0.001,282,0.001731820424000505
23,0.2,recommended_solve,0.001,283,0.0017288567826034085
23,0.2,recommended_solve,0.001,284,0.0017274428767360545
23,0.2,recommended_solve,0.001,285,0.0017261613117614146
23,0.2,recommended_solve,0.001,286,0.0017257167652971808
23,0.2,recommended_solve,0.001,287,0.0017252804085060099
23,0.2,recommended_solve,0.001,288,0.001724828266020654
23,0.2,recommended_solve,0.001,289,0.001724560075812687
23,0.2,recommended_solve,0.001,290,0.0017244106782024107
23,0.2,recommended_solve,0.001,291,0.0017242428271700908
23,0.2,recommended_solve,0.001,292,0.0017241371899780202
23,0.2,recommended_solve,0.001,293,0.0017239985629875806
23,0.2,recommended_solve,0.001,294,0.0017239242526665593
23,0.2,recommended_solve,0.001,295,0.001723846202232515
23,0.2,recommended_solve,0.001,296,0.001723824418714566
23,0.2,recommended_solve,0.001,297,0.0017237852906053027
23,0.2,recommended_solve,0.001,298,0.0017237674873348252
23,0.2,recommended_solve,0.001,299,0.0017237172974027752
23,0.2,recommended_solve,0.001,300,0.0017236351483529049
23,0.2,recommended_solve,0.01,0,1.0
23,0.2,recommended_solve,0.01,1,0.39018247886211416
23,0.2,recommended_solve,0.01,2,0.293563720307139
23,0.2,recommended_solve,0.01,3,0.24411850530571028
23,0.2,recommended_solve,0.01,4,0.22614706640910281
23,0.2,recommended_solve,0.01,5,0.22298027870699855
23,0.2,recommended_solve,0.01,6,0.22249237863200208
23,0.2,recommended_solve,0.01,7,0.22196852187797694
23,0.2,recommended_solve,0.01,8,0.2215669524878915
23,0.2,recommended_solve,0.01,9,0.2213555197149563
23,0.2,recommended_solve,0.01,10,0.22063210368641875
23,0.2,recommended_solve,0.01,11,0.21973938690230066
23,0.2,recommended_solve,0.01,12,0.2191538419643642
23,0.2,recommended_solve,0.01,13,0.21866737359171634
23,0.2,recommended_solve,0.01,14,0.2179968502846323
23,0.2,recommended_solve,0.01,15,0.21702148607154434
23,0.2,recommended_solve,0.01,16,0.2154473254708981
23,0.2,recommended_solve,0.01,17,0.21353449155529697
23,0.2,recommended_solve,0.01,18,0.21089919683688804
23,0.2,recommended_solve,0.01,19,0.20711021232467214
23,0.2,recommended_solve,0.01,20,0.20113687345631023
23,0.2,recommended_solve,0.01,21,0.1963932329107478
23,0.2,recommended_solve,0.01,22,0.19118369527404303
23,0.2,recommended_solve,0.01,23,0.18802850069865162
23,0.2,recommended_solve,0.01,24,0.1855898255849718
23,0.2,recommended_solve,0.01,25,0.18368572425945223
23,0.2,recommended_solve,0.01,26,0.17969161887736257
23,0.2,recommended_solve,0.01,27,0.17274573216646147
23,0.2,recommended_solve,0.01,28,0.1570833472866665
23,0.2,recommended_solve,0.01,29,0.13837431339276907
23,0.2,recommended_solve,0.01,30,0.11296073110094118
23,0.2,recommended_solve,0.01,31,0.09500420541653432
23,0.2,recommended_solve,0.01,32,0.07722838940310028
23,0.2,recommended_solve,0.01,33,0.06784808891366889
23,0.2,recommended_solve,0.01,34,0.06156713632885097
23,0.2,recommended_solve,0.01,35,0.0579406695317955
23,0.2,recommended_solve,0.01,36,0.054409862462783946
23,0.2,recommended_solve,0.01,37,0.05264851112124394
23,0.2,recommended_solve,0.01,38,0.051378230163267744
23,0.2,recommended_solve,0.01,39,0.05086252889619802
23,0.2,recommended_solve,0.01,40,0.050437681309765316
23,0.2,recommended_solve,0.01,41,0.050255133656317716
23,0.2,recommended_solve,0.01,42,0.0501219902520938
23,0.2,recommended_solve,0.01,43,0.05006820031508977
23,0.2,recommended_solve,0.01,44,0.04998909691538755
23,0.2,recommended_solve,0.01,45,0.04988996618538579
23,0.2,recommended_solve,0.01,46,0.049735727950052176
23,0.2,recommended_solve,0.01,47,0.04961871748013605
23,0.2,recommended_solve,0.01,48,0.04948816063615498
23,0.2,recommended_solve,0.01,49,0.04939742566943808
23,0.2,recommended_solve,0.01,50,0.049288591035403215
23,0.2,recommended_solve,0.01,51,0.04921755330404952
23,0.2,recommended_solve,0.01,52,0.04912734310840738
23,0.2,recommended_solve,0.01,53,0.04905901487641224
23,0.2,recommended_solve,0.01,54,0.04890114771144757
23,0.2,recommended_solve,0.01,55,0.048580841814265883
23,0.2,recommended_solve,0.01,56,0.04802425465263337
23,0.2,recommended_solve,0.01,57,0.04744389752787013
23,0.2,recommended_solve,0.01,58,0.04675232652217586
23,0.2,recommended_solve,0.01,59,0.046132406489648295
23,0.2,recommended_solve,0.01,60,0.045241400702910994
23,0.2,recommended_solve,0.01,61,0.044490163980735756
23,0.2,recommended_solve,0.01,62,0.04349762299812393
23,0.2,recommended_solve,0.01,63,0.04238899898506289
23,0.2,recommended_solve,0.01,64,0.040554224580816395
23,0.2,recommended_solve,0.01,65,0.039261428570729805
23,0.2,recommended_solve,0.01,66,0.03822117540029748
23,0.2,recommended_solve,0.01,67,0.03775323147062425
23,0.2,recommended_solve,0.01,68,0.03726551635472395
23,0.2,recommended_solve,0.01,69,0.03689340524708664
23,0.2,recommended_solve,0.01,70,0.03639963429582399
23,0.2,recommended_solve,0.01,71,0.035747924185915235
23,0.2,recommended_solve,0.01,72,0.034543965748654384
23,0.2,recommended_solve,0.01,73,0.033415216577940526
23,0.2,recommended_solve,0.01,74,0.031914203566400706
23,0.2,recommended_solve,0.01,75,0.031158781178175967
23,0.2,recommended_solve,0.01,76,0.030512620104953626
23,0.2,recommended_solve,0.01,77,0.030140319629294813
23,0.2,recommended_solve,0.01,78,0.02973926085173874
23,0.2,recommended_solve,0.01,79,0.02941964890928943
23,0.2,recommended_solve,0.01,80,0.02914734017461332
23,0.2,recommended_solve,0.01,81,0.02893901900285348
23,0.2,recommended_solve,0.01,82,0.028656757440423588
23,0.2,recommended_solve,0.01,83,0.02849412982463313
23,0.2,recommended_solve,0.01,84,0.028376978154000233
23,0.2,recommended_solve,0.01,85,0.02831145824960999
23,0.2,recommended_solve,0.01,86,0.028213231557581132
23,0.2,recommended_solve,0.01,87,0.02809479116547833
23,0.2,recommended_solve,0.01,88,0.027864773844625417
23,0.2,recommended_solve,0.01,89,0.027675772976927745
23,0.2,recommended_solve,0.01,90,0.02749263536928098
23,0.2,recommended_solve,0.01,91,0.027351663156270176
23,0.2,recommended_solve,0.01,92,0.027103109220865482
23,0.2,recommended_solve,0.01,93,0.026768034141450972
23,0.2,recommended_solve,0.01,94,0.026224589404041532
23,0.2,recommended_solve,0.01,95,0.02548333167716077
23,0.2,recommended_solve,0.01,96,0.02406652023763956
23,0.2,recommended_solve,0.01,97,0.022756383526180986
23,0.2,recommended_solve,0.01,98,0.021404187517678662
23,0.2,recommended_solve,0.01,99,0.02069614913886201
23,0.2,recommended_solve,0.01,100,0.0202581808818018
23,0.2,recommended_solve,0.01,101,0.020041856150939997
23,0.2,recommended_solve,0.01,102,0.019856767092670594
23,0.2,recommended_solve,0.01,103,0.019706009761213943
23,0.2,recommended_solve,0.01,104,0.01944745949246862
23,0.2,recommended_solve,0.01,105,0.019085439818329008
23,0.2,recommended_solve,0.01,106,0.018223058561106512
23,0.2,recommended_solve,0.01,107,0.016927696442456838
23,0.2,recommended_solve,0.01,108,0.014082109509978681
23,0.2,recommended_solve,0.01,109,0.010742261643951508
23,0.2,recommended_solve,0.01,110,0.007423600826721396
23,0.2,recommended_solve,0.01,111,0.005193560825373325
23,0.2,recommended_solve,0.01,112,0.0036074490564225545
23,0.2,recommended_solve,0.01,113,0.0028236446393369954
23,0.2,recommended_solve,0.01,114,0.0023663602594849275
23,0.2,recommended_solve,0.01,115,0.0021766290864981596
23,0.2,recommended_solve,0.01,116,0.002066183828346775
23,0.2,recommended_solve,0.01,117,0.00203523025109874
23,0.2,recommended_solve,0.01,118,0.002020778950888645
23,0.2,recommended_solve,0.01,119,0.002016153681772045
23,0.2,recommended_solve,0.01,120,0.0020125978271390973
23,0.2,recommended_solve,0.01,121,0.002012070432413585
23,0.2,recommended_solve,0.01,122,0.0020116521142197353
23,0.2,recommended_solve,0.01,123,0.002011028353321496
23,0.2,recommended_solve,0.01,124,0.0020090408015727367
23,0.2,recommended_solve,0.01,125,0.002004910551729065
23,0.2,recommended_solve,0.01,126,0.001987423632015822
23,0.2,recommended_solve,0.01,127,0.0019528738310761065
23,0.2,recommended_solve,0.01,128,0.0018975227221562146
23,0.2,recommended_solve,0.01,129,0.0018616471228353087
23,0.2,recommended_solve,0.01,130,0.0018262132985184135
23,0.2,recommended_solve,0.01,131,0.001804430033474867
23,0.2,recommended_solve,0.01,132,0.0017930390488855772
23,0.2,recommended_solve,0.01,133,0.0017899404705026781
23,0.2,recommended_solve,0.01,134,0.0017887841755488535
23,0.2,recommended_solve,0.01,135,0.0017884123191998238
23,0.2,recommended_solve,0.01,136,0.0017883067684365326
23,0.2,recommended_solve,0.01,137,0.0017881822659661926
23,0.2,recommended_solve,0.01,138,0.0017877846434665478
23,0.2,recommended_solve,0.01,139,0.0017874283063174649
23,0.2,recommended_solve,0.01,140,0.0017861882924844153
23,0.2,recommended_solve,0.01,141,0.001782198936663183
23,0.2,recommended_solve,0.01,142,0.0017611847570159372
23,0.2,recommended_solve,0.01,143,0.0016879083813532729
23,0.2,recommended_solve,0.01,144,0.0014217399201673087
23,0.2,recommended_solve,0.01,145,0.0010319230598582877
23,0.2,recommended_solve,0.01,146,0.0006224531396764503
23,0.2,recommended_solve,0.01,147,0.00039542668232687555
23,0.2,recommended_solve,0.01,148,0.0002558757372059156
23,0.2,recommended_solve,0.01,149,0.00018976456861795153
23,0.2,recommended_solve,0.01,150,0.00015300175125066684
23,0.2,recommended_solve,0.01,151,0.00014210692526105224
23,0.2,recommended_solve,0.01,152,0.00013832662508063165
23,0.2,recommended_solve,0.01,153,0.00013767643631543172
23,0.2,recommended_solve,0.01,154,0.00013743539931772487
23,0.2,recommended_solve,0.01,155,0.00013721482438099086
23,0.2,recommended_solve,0.01,156,0.00013661050411678866
23,0.2,recommended_solve,0.01,157,0.00013420507764457703
23,0.2,recommended_solve,0.01,158,0.00012029069659398351
23,0.2,recommended_solve,0.01,159,9.27037259146154e-05
23,0.2,recommended_solve,0.01,160,5.672021795230209e-05
23,0.2,recommended_solve,0.01,161,3.0290855882251786e-05
23,0.2,recommended_solve,0.01,162,1.2506041898718746e-05
23,0.2,recommended_solve,0.01,163,5.20715084427571e-06
23,0.2,recommended_solve,0.01,164,1.9341492724764266e-06
23,0.2,recommended_solve,0.01,165,7.779761249075024e-07
23,0.35,probe,1e-12,0,1.0
23,0.35,probe,1e-12,1,0.35454430059537123
23,0.35,probe,1e-12,2,0.2729784150941497
23,0.35,probe,1e-12,3,0.2350793594821609
23,0.35,probe,1e-12,4,0.22738130984294813
23,0.35,probe,1e-12,5,0.22391830653717873
23,0.35,probe,1e-12,6,0.22146987757968215
23,0.35,probe,1e-12,7,0.21970044923886567
23,0.35,probe,1e-12,8,0.218334499338131
23,0.35,probe,1e-12,9,0.21702663046739964
23,0.35,probe,1e-12,10,0.21521750345792431
23,0.35,probe,1e-12,11,0.21193890572263155
23,0.35,probe,1e-12,12,0.20808775524073345
23,0.35,probe,1e-12,13,0.20411247703617982
23,0.35,probe,1e-12,14,0.20045689297517727
23,0.35,probe,1e-12,15,0.19572535713991374
23,0.35,probe,1e-12,16,0.18945086336546269
23,0.35,probe,1e-12,17,0.1829018956944713
23,0.35,probe,1e-12,18,0.17660200977353613
23,0.35,probe,1e-12,19,0.171321872100875
23,0.35,probe,1e-12,20,0.16697650736910885
23,0.35,probe,1e-12,21,0.16342327016813676
23,0.35,probe,1e-12,22,0.15956716517125707
23,0.35,probe,1e-12,23,0.15579914991797333
23,0.35,probe,1e-12,24,0.15073356230479218
23,0.35,probe,1e-12,25,0.14502749015671218
23,0.35,probe,1e-12,26,0.1372947264419497
23,0.35,probe,1e-12,27,0.13247717207337276
23,0.35,probe,1e-12,28,0.12864385067617093
23,0.35,probe,1e-12,29,0.1271441893234589
23,0.35,probe,1e-12,30,0.12511563780114
23,0.35,probe,1e-12,31,0.12394721171084375
23,0.35,probe,1e-12,32,0.12264175453236194
23,0.35,probe,1e-12,33,0.12192051677113588
23,0.35,probe,1e-12,34,0.12110246318337785
23,0.35,probe,1e-12,35,0.12074998227502166
23,0.35,probe,1e-12,36,0.12035883894219492
23,0.35,probe,1e-12,37,0.12003512279176135
23,0.35,probe,1e-12,38,0.119562501885611
23,0.35,probe,1e-12,39,0.1188878292612543
23,0.35,probe,1e-12,40,0.11760433537835702
23,0.35,probe,1e-12,41,0.11667312286623199
23,0.35,probe,1e-12,42,0.1154910078929892
23,0.35,probe,1e-12,43,0.11461124951759466
23,0.35,probe,1e-12,44,0.11358237638528607
23,0.35,probe,1e-12,45,0.1127895577412307
23,0.35,probe,1e-12,46,0.1118385465556997
23,0.35,probe,1e-12,47,0.11105676267673358
23,0.35,probe,1e-12,48,0.1100327410802127
23,0.35,probe,1e-12,49,0.10937088771581882
23,0.35,probe,1e-12,50,0.1085568628939378
23,0.35,probe,1e-12,51,0.10799029615285588
23,0.35,probe,1e-12,52,0.10716489712213699
23,0.35,probe,1e-12,53,0.10667520000191981
23,0.35,probe,1e-12,54,0.10618745164851809
23,0.35,probe,1e-12,55,0.10597179223796008
23,0.35,probe,1e-12,56,0.10558325216153193
23,0.35,probe,1e-12,57,0.10526337890616662
23,0.35,probe,1e-12,58,0.10492581013271358
23,0.35,probe,1e-12,59,0.10457225496416152
23,0.35,probe,1e-12,60,0.10402825233528076
23,0.35,probe,1e-12,61,0.1035911697080221
23,0.35,probe,1e-12,62,0.1030414080569458
23,0.35,probe,1e-12,63,0.10274455674984265
23,0.35,probe,1e-12,64,0.10243166328447044
23,0.35,probe,1e-12,65,0.10223361304558971
23,0.35,probe,1e-12,66,0.10184075442362327
23,0.35,probe,1e-12,67,0.10138138519104611
23,0.35,probe,1e-12,68,0.10083813017322917
23,0.35,probe,1e-12,69,0.1005026388518993
23,0.35,probe,1e-12,70,0.0999320752065015
23,0.35,probe,1e-12,71,0.0994077243795763
23,0.35,probe,1e-12,72,0.0987171571639797
23,0.35,probe,1e-12,73,0.09792440567874351
23,0.35,probe,1e-12,74,0.0964094370265657
23,0.35,probe,1e-12,75,0.09511069569972004
23,0.35,probe,1e-12,76,0.09401950710468719
23,0.35,probe,1e-12,77,0.09347331319746295
23,0.35,probe,1e-12,78,0.09299488614305286
23,0.35,probe,1e-12,79,0.09269800081071612
23,0.35,probe,1e-12,80,0.09234744244384054
23,0.35,probe,1e-12,81,0.09212147577493328
23,0.35,probe,1e-12,82,0.09192000269820479
23,0.35,probe,1e-12,83,0.09181219604780781
23,0.35,probe,1e-12,84,0.0917096347427145
23,0.35,probe,1e-12,85,0.09164679892619094
23,0.35,probe,1e-12,86,0.09149305617260618
23,0.35,probe,1e-12,87,0.0913583149084769
23,0.35,probe,1e-12,88,0.09109116997848644
23,0.35,probe,1e-12,89,0.09088269871402074
23,0.35,probe,1e-12,90,0.0907266131552741
23,0.35,probe,1e-12,91,0.09061520736300313
23,0.35,probe,1e-12,92,0.09050806703977254
23,0.35,probe,1e-12,93,0.09045242123154242
23,0.35,probe,1e-12,94,0.0903830691789528
23,0.35,probe,1e-12,95,0.09033646767193809
23,0.35,probe,1e-12,96,0.09030628682040263
23,0.35,probe,1e-12,97,0.09027251165671815
23,0.35,probe,1e-12,98,0.09024376199487186
23,0.35,probe,1e-12,99,0.0902215494845043
23,0.35,probe,1e-12,100,0.0901911847645166
23,0.35,recommended_solve,1e-10,0,1.0
23,0.35,recommended_solve,1e-10,1,0.35442725015005383
23,0.35,recommended_solve,1e-10,2,0.2729946967451021
23,0.35,recommended_solve,1e-10,3,0.23507819651972037
23,0.35,recommended_solve,1e-10,4,0.22738608777915761
23,0.35,recommended_solve,1e-10,5,0.22393428518372077
23,0.35,recommended_solve,1e-10,6,0.2214831440315135
23,0.35,recommended_solve,1e-10,7,0.2197186135176132
23,0.35,recommended_solve,1e-10,8,0.2183521005225585
23,0.35,recommended_solve,1e-10,9,0.21703162522412234
23,0.35,recommended_solve,1e-10,10,0.2152571540543506
23,0.35,recommended_solve,1e-10,11,0.21201340403265415
23,0.35,recommended_solve,1e-10,12,0.20812082899268747
23,0.35,recommended_solve,1e-10,13,0.20413171422179713
23,0.35,recommended_solve,1e-10,14,0.2005298160547964
23,0.35,recommended_solve,1e-10,15,0.19575516366895
23,0.35,recommended_solve,1e-10,16,0.1894896714770595
23,0.35,recommended_solve,1e-10,17,0.18286873805152268
23,0.35,recommended_solve,1e-10,18,0.1767392898944356
23,0.35,recommended_solve,1e-10,19,0.1712462054159084
23,0.35,recommended_solve,1e-10,20,0.16727071195051363
23,0.35,recommended_solve,1e-10,21,0.16331314384046788
23,0.35,recommended_solve,1e-10,22,0.16014452384933725
23,0.35,recommended_solve,1e-10,23,0.1558994016821316
23,0.35,recommended_solve,1e-10,24,0.15174579251060982
23,0.35,recommended_solve,1e-10,25,0.14459936510546567
23,0.35,recommended_solve,1e-10,26,0.13882993069815883
23,0.35,recommended_solve,1e-10,27,0.13209941174247022
23,0.35,recommended_solve,1e-10,28,0.12922611982823023
23,0.35,recommended_solve,1e-10,29,0.12693593512370427
23,0.35,recommended_solve,1e-10,30,0.125310964700304
23,0.35,recommended_solve,1e-10,31,0.12380724234549431
23,0.35,recommended_solve,1e-10,32,0.12289666239061169
23,0.35,recommended_solve,1e-10,33,0.12180281636320152
23,0.35,recommended_solve,1e-10,34,0.12122961919908291
23,0.35,recommended_solve,1e-10,35,0.12070122149207631
23,0.35,recommended_solve,1e-10,36,0.1203929940176022
23,0.35,recommended_solve,1e-10,37,0.11999677770010345
23,0.35,recommended_solve,1e-10,38,0.1196834748469658
23,0.35,recommended_solve,1e-10,39,0.1187986463705999
23,0.35,recommended_solve,1e-10,40,0.11777418547185169
23,0.35,recommended_solve,1e-10,41,0.11658901236292205
23,0.35,recommended_solve,1e-10,42,0.11564389060323461
23,0.35,recommended_solve,1e-10,43,0.114525366892399
23,0.35,recommended_solve,1e-10,44,0.11374548489164225
23,0.35,recommended_solve,1e-10,45,0.11273547874865342
23,0.35,recommended_solve,1e-10,46,0.11202054711979861
23,0.35,recommended_solve,1e-10,47,0.11097570264211565
23,0.35,recommended_solve,1e-10,48,0.11016693128995393
23,0.35,recommended_solve,1e-10,49,0.10929553320356326
23,0.35,recommended_solve,1e-10,50,0.10869689758804978
23,0.35,recommended_solve,1e-10,51,0.10791539964053394
23,0.35,recommended_solve,1e-10,52,0.1072264813320795
23,0.35,recommended_solve,1e-10,53,0.10664472082941472
23,0.35,recommended_solve,1e-10,54,0.1063110608675837
23,0.35,recommended_solve,1e-10,55,0.10589423123885419
23,0.35,recommended_solve,1e-10,56,0.105636522029508
23,0.35,recommended_solve,1e-10,57,0.10527775300602009
23,0.35,recommended_solve,1e-10,58,0.10499278154452332
23,0.35,recommended_solve,1e-10,59,0.10450487976045716
23,0.35,recommended_solve,1e-10,60,0.10411514756305439
23,0.35,recommended_solve,1e-10,61,0.10351402596731475
23,0.35,recommended_solve,1e-10,62,0.10306012880655357
23,0.35,recommended_solve,1e-10,63,0.1026720880777967
23,0.35,recommended_solve,1e-10,64,0.10244684662039674
23,0.35,recommended_solve,1e-10,65,0.10217387699250839
23,0.35,recommended_solve,1e-10,66,0.10182856114642498
23,0.35,recommended_solve,1e-10,67,0.10130027406663626
23,0.35,recommended_solve,1e-10,68,0.10085968691094932
23,0.35,recommended_solve,1e-10,69,0.10039460861221323
23,0.35,recommended_solve,1e-10,70,0.09993082614908413
23,0.35,recommended_solve,1e-10,71,0.09930757946058144
23,0.35,recommended_solve,1e-10,72,0.09872234051618556
23,0.35,recommended_solve,1e-10,73,0.09767968853375154
23,0.35,recommended_solve,1e-10,74,0.09639018962746151
23,0.35,recommended_solve,1e-10,75,0.09485670702582329
23,0.35,recommended_solve,1e-10,76,0.0940823220595035
23,0.35,recommended_solve,1e-10,77,0.09339969906430534
23,0.35,recommended_solve,1e-10,78,0.09304640029431577
23,0.35,recommended_solve,1e-10,79,0.09263668536475447
23,0.35,recommended_solve,1e-10,80,0.09239285049613986
23,0.35,recommended_solve,1e-10,81,0.09209814367304225
23,0.35,recommended_solve,1e-10,82,0.09193092127439784
23,0.35,recommended_solve,1e-10,83,0.09179824727944794
23,0.35,recommended_solve,1e-10,84,0.09170066859796024
23,0.35,recommended_solve,1e-10,85,0.09160846384119344
23,0.35,recommended_solve,1e-10,86,0.09150606187904503
23,0.35,recommended_solve,1e-10,87,0.09134167080077851
23,0.35,recommended_solve,1e-10,88,0.09108459729976572
23,0.35,recommended_solve,1e-10,89,0.09085974538256344
23,0.35,recommended_solve,1e-10,90,0.09072018753908004
23,0.35,recommended_solve,1e-10,91,0.0906028098141906
23,0.35,recommended_solve,1e-10,92,0.09050230905359403
23,0.35,recommended_solve,1e-10,93,0.09042913814248331
23,0.35,recommended_solve,1e-10,94,0.09037569297284703
23,0.35,recommended_solve,1e-10,95,0.0903328685964241
23,0.35,recommended_solve,1e-10,96,0.09029151294965093
23,0.35,recommended_solve,1e-10,97,0.0902601906266645
23,0.35,recommended_solve,1e-10,98,0.09023239742321436
23,0.35,recommended_solve,1e-10,99,0.0902123105120227
23,0.35,recommended_solve,1e-10,100,0.09018883179904247
23,0.35,recommended_solve,1e-10,101,0.0901133917442568
23,0.35,recommended_solve,1e-10,102,0.0899160594161014
23,0.35,recommended_solve,1e-10,103,0.08968968432325546
23,0.35,recommended_solve,1e-10,104,0.08932683012306013
23,0.35,recommended_solve,1e-10,105,0.08912420166651547
23,0.35,recommended_solve,1e-10,106,0.08896903031005843
23,0.35,recommended_solve,1e-10,107,0.08890612323587035
23,0.35,recommended_solve,1e-10,108,0.08886957304540057
23,0.35,recommended_solve,1e-10,109,0.08886031900769058
23,0.35,recommended_solve,1e-10,110,0.08885368350740058
23,0.35,recommended_solve,1e-10,111,0.08885201786221807
23,0.35,recommended_solve,1e-10,112,0.08884805295080785
23,0.35,recommended_solve,1e-10,113,0.08884734470107826
23,0.35,recommended_solve,1e-10,114,0.08884686193567738
23,0.35,recommended_solve,1e-10,115,0.08884667577412743
23,0.35,recommended_solve,1e-10,116,0.08884579598512823
23,0.35,recommended_solve,1e-10,117,0.08884300687525361
23,0.35,recommended_solve,1e-10,118,0.08884013637146061
23,0.35,recommended_solve,1e-10,119,0.08883441469918886
23,0.35,recommended_solve,1e-10,120,0.0888254029431132
23,0.35,recommended_solve,1e-10,121,0.08882205189225423
23,0.35,recommended_solve,1e-10,122,0.08881903128422476
23,0.35,recommended_solve,1e-10,123,0.08881606774768665
23,0.35,recommended_solve,1e-10,124,0.08881588234216939
23,0.35,recommended_solve,1e-10,125,0.08881528267466703
23,0.35,recommended_solve,1e-10,126,0.08881497744690073
23,0.35,recommended_solve,1e-10,127,0.0888144146043927
23,0.35,recommended_solve,1e-10,128,0.088814013572191
23,0.35,recommended_solve,1e-10,129,0.08881227597852963
23,0.35,recommended_solve,1e-10,130,0.08881200083544616
23,0.35,recommended_solve,1e-10,131,0.08881200082574399
23,0.35,recommended_solve,1e-10,132,0.08881109696220298
23,0.35,recommended_solve,1e-10,133,0.0888108420475639
23,0.35,recommended_solve,1e-10,134,0.08880715817449998
23,0.35,recommended_solve,1e-10,135,0.08879936877906425
23,0.35,recommended_solve,1e-10,136,0.08877212080162258
23,0.35,recommended_solve,1e-10,137,0.08870391134694015
23,0.35,recommended_solve,1e-10,138,0.08845248256002773
23,0.35,recommended_solve,1e-10,139,0.08808266412314723
23,0.35,recommended_solve,1e-10,140,0.08742843621897192
23,0.35,recommended_solve,1e-10,141,0.08639935025355558
23,0.35,recommended_solve,1e-10,142,0.0855377378493004
23,0.35,recommended_solve,1e-10,143,0.08514121744069768
23,0.35,recommended_solve,1e-10,144,0.08502285058188441
23,0.35,recommended_solve,1e-10,145,0.08498363490082865
23,0.35,recommended_solve,1e-10,146,0.08497355413930047
23,0.35,recommended_solve,1e-10,147,0.08497028139158448
23,0.35,recommended_solve,1e-10,148,0.08496850971743439
23,0.35,recommended_solve,1e-10,149,0.08496672141380189
23,0.35,recommended_solve,1e-10,150,0.0849666812713643
23,0.35,recommended_solve,1e-10,151,0.084966214661308
23,0.35,recommended_solve,1e-10,152,0.08496394852348925
23,0.35,recommended_solve,1e-10,153,0.08495829893563987
23,0.35,recommended_solve,1e-10,154,0.08494082909954456
23,0.35,recommended_solve,1e-10,155,0.08480494097859226
23,0.35,recommended_solve,1e-10,156,0.08437192814408703
23,0.35,recommended_solve,1e-10,157,0.08232463832894868
23,0.35,recommended_solve,1e-10,158,0.07506670352376252
23,0.35,recommended_solve,1e-10,159,0.05725249054493435
23,0.35,recommended_solve,1e-10,160,0.044215732629983316
23,0.35,recommended_solve,1e-10,161,0.038230530287194836
23,0.35,recommended_solve,1e-10,162,0.03702548884623941
23,0.35,recommended_solve,1e-10,163,0.03660328021955373
23,0.35,recommended_solve,1e-10,164,0.036510475897829034
23,0.35,recommended_solve,1e-10,165,0.036491600778871536
23,0.35,recommended_solve,1e-10,166,0.03648579168114874
23,0.35,recommended_solve,1e-10,167,0.03648550369374618
23,0.35,recommended_solve,1e-10,168,0.036485489411902064
23,0.35,recommended_solve,1e-10,169,0.036484537913578086
23,0.35,recommended_solve,1e-10,170,0.03648431039437206
23,0.35,recommended_solve,1e-10,171,0.036484192543025804
23,0.35,recommended_solve,1e-10,172,0.03648416662317255
23,0.35,recommended_solve,1e-10,173,0.036484060002951214
23,0.35,recommended_solve,1e-10,174,0.036484026082125164
23,0.35,recommended_solve,1e-10,175,0.0364836526627227
23,0.35,recommended_solve,1e-10,176,0.03648153782726194
23,0.35,recommended_solve,1e-10,177,0.036471693572024025
23,0.35,recommended_solve,1e-10,178,0.03642866211988554
23,0.35,recommended_solve,1e-10,179,0.03610106142957937
23,0.35,recommended_solve,1e-10,180,0.0349686984362319
23,0.35,recommended_solve,1e-10,181,0.031267771507768626
23,0.35,recommended_solve,1e-10,182,0.026295730296305105
23,0.35,recommended_solve,1e-10,183,0.020978467905327616
23,0.35,recommended_solve,1e-10,184,0.019323836446624686
23,0.35,recommended_solve,1e-10,185,0.018763777197105962
23,0.35,recommended_solve,1e-10,186,0.018645410947520685
23,0.35,recommended_solve,1e-10,187,0.01861789704023551
23,0.35,recommended_solve,1e-10,188,0.018613381419512468
23,0.35,recommended_solve,1e-10,189,0.018612578428565996
23,0.35,recommended_solve,1e-10,190,0.018612551537076902
23,0.35,recommended_solve,1e-10,191,0.018612527116296164
23,0.35,recommended_solve,1e-10,192,0.018612353963948055
23,0.35,recommended_solve,1e-10,193,0.01861225775432787
23,0.35,recommended_solve,1e-10,194,0.018612252332761665
23,0.35,recommended_solve,1e-10,195,0.018612240572197535
23,0.35,recommended_solve,1e-10,196,0.018612054903445377
23,0.35,recommended_solve,1e-10,197,0.018610822974846116
23,0.35,recommended_solve,1e-10,198,0.01860559344933317
23,0.35,recommended_solve,1e-10,199,0.01857989144154258
23,0.35,recommended_solve,1e-10,200,0.018459717122012265
23,0.35,recommended_solve,1e-10,201,0.01784388799078185
23,0.35,recommended_solve,1e-10,202,0.015518356387467512
23,0.35,recommended_solve,1e-10,203,0.011439484881124925
23,0.35,recommended_solve,1e-10,204,0.009947677035679456
23,0.35,recommended_solve,1e-10,205,0.0095170195241405
23,0.35,recommended_solve,1e-10,206,0.0094682685117494
23,0.35,recommended_solve,1e-10,207,0.00945158226387979
23,0.35,recommended_solve,1e-10,208,0.009448923074148602
23,0.35,recommended_solve,1e-10,209,0.009448629907385491
23,0.35,recommended_solve,1e-10,210,0.00944861905668764
23,0.35,recommended_solve,1e-10,211,0.009448603848910185
23,0.35,recommended_solve,1e-10,212,0.009448583618001813
23,0.35,recommended_solve,1e-10,213,0.009448582062417792
23,0.35,recommended_solve,1e-10,214,0.009448580996402672
23,0.35,recommended_solve,1e-10,215,0.009448500827976084
23,0.35,recommended_solve,1e-10,216,0.009448408402905941
23,0.35,recommended_solve,1e-10,217,0.009447719489226288
23,0.35,recommended_solve,1e-10,218,0.009442332299371812
23,0.35,recommended_solve,1e-10,219,0.00938592681614918
23,0.35,recommended_solve,1e-10,220,0.009028166649644799
23,0.35,recommended_solve,1e-10,221,0.007376763433688027
23,0.35,recommended_solve,1e-10,222,0.005291506083490232
23,0.35,recommended_solve,1e-10,223,0.004625471330575871
23,0.35,recommended_solve,1e-10,224,0.004535088041140971
23,0.35,recommended_solve,1e-10,225,0.004517616991016937
23,0.35,recommended_solve,1e-10,226,0.0045116292310653965
23,0.35,recommended_solve,1e-10,227,0.004510863452923858
23,0.35,recommended_solve,1e-10,228,0.004510772953862944
23,0.35,recommended_solve,1e-10,229,0.004510727898444231
23,0.35,recommended_solve,1e-10,230,0.004510642117533905
23,0.35,recommended_solve,1e-10,231,0.004510630337938152
23,0.35,recommended_solve,1e-10,232,0.004510590037627224
23,0.35,recommended_solve,1e-10,233,0.004510470945616932
23,0.35,recommended_solve,1e-10,234,0.004510339987281534
23,0.35,recommended_solve,1e-10,235,0.004509875912044779
23,0.35,recommended_solve,1e-10,236,0.004505344687491235
23,0.35,recommended_solve,1e-10,237,0.004468841348036522
23,0.35,recommended_solve,1e-10,238,0.004186980635950001
23,0.35,recommended_solve,1e-10,239,0.0030370581654500474
23,0.35,recommended_solve,1e-10,240,0.0020285447833487493
23,0.35,recommended_solve,1e-10,241,0.001794038135964339
23,0.35,recommended_solve,1e-10,242,0.001773060421010812
23,0.35,recommended_solve,1e-10,243,0.0017680045510427454
23,0.35,recommended_solve,1e-10,244,0.0017669836801033226
23,0.35,recommended_solve,1e-10,245,0.0017669235513632462
23,0.35,recommended_solve,1e-10,246,0.0017669218816609145
23,0.35,recommended_solve,1e-10,247,0.0017668816711772998
23,0.35,recommended_solve,1e-10,248,0.0017668813772373513
23,0.35,recommended_solve,1e-10,249,0.0017668543200215674
23,0.35,recommended_solve,1e-10,250,0.0017668507199345269
23,0.35,recommended_solve,1e-10,251,0.001766827594866698
23,0.35,recommended_solve,1e-10,252,0.001766723063290646
23,0.35,recommended_solve,1e-10,253,0.0017659577931577707
23,0.35,recommended_solve,1e-10,254,0.0017566118153194376
23,0.35,recommended_solve,1e-10,255,0.0016780772403405119
23,0.35,recommended_solve,1e-10,256,0.0012717131144720643
23,0.35,recommended_solve,1e-10,257,0.0009692442480627441
23,0.35,recommended_solve,1e-10,258,0.0008997731840461127
23,0.35,recommended_solve,1e-10,259,0.0008957377619176645
23,0.35,recommended_solve,1e-10,260,0.0008940264248096994
23,0.35,recommended_solve,1e-10,261,0.0008937652864967622
23,0.35,recommended_solve,1e-10,262,0.0008937650269804132
23,0.35,recommended_solve,1e-10,263,0.0008937106326131519
23,0.35,recommended_solve,1e-10,264,0.0008936800324011218
23,0.35,recommended_solve,1e-10,265,0.0008936437262254724
23,0.35,recommended_solve,1e-10,266,0.0008936074426342948
23,0.35,recommended_solve,1e-10,267,0.0008935999690924362
23,0.35,recommended_solve,1e-10,268,0.0008934879852508322
23,0.35,recommended_solve,1e-10,269,0.0008933126984211618
23,0.35,recommended_solve,1e-10,270,0.00089134783123352
23,0.35,recommended_solve,1e-10,271,0.0008724034734072266
23,0.35,recommended_solve,1e-10,272,0.0007449186841721118
23,0.35,recommended_solve,1e-10,273,0.0005719207649636272
23,0.35,recommended_solve,1e-10,274,0.0005221628914849029
23,0.35,recommended_solve,1e-10,275,0.0005189280018388638
23,0.35,recommended_solve,1e-10,276,0.0005183472893433141
23,0.35,recommended_solve,1e-10,277,0.0005182216523065222
23,0.35,recommended_solve,1e-10,278,0.0005181901226886843
23,0.35,recommended_solve,1e-10,279,0.0005181828223749021
23,0.35,recommended_solve,1e-10,280,0.00051817688528569
23,0.35,recommended_solve,1e-10,281,0.0005181739261331514
23,0.35,recommended_solve,1e-10,282,0.0005181711682594397
23,0.35,recommended_solve,1e-10,283,0.0005181638809382209
23,0.35,recommended_solve,1e-10,284,0.0005181323174988304
23,0.35,recommended_solve,1e-10,285,0.0005176216876933579
23,0.35,recommended_solve,1e-10,286,0.0005126763242607795
23,0.35,recommended_solve,1e-10,287,0.0004685309800287705
23,0.35,recommended_solve,1e-10,288,0.00032102481141107667
23,0.35,recommended_solve,1e-10,289,0.00020303960207114803
23,0.35,recommended_solve,1e-10,290,0.00017989299412574474
23,0.35,recommended_solve,1e-10,291,0.0001767920374428184
23,0.35,recommended_solve,1e-10,292,0.00017623289822852014
23,0.35,recommended_solve,1e-10,293,0.00017617488361035882
23,0.35,recommended_solve,1e-10,294,0.0001761711952906391
23,0.35,recommended_solve,1e-10,295,0.00017617005697314977
23,0.35,recommended_solve,1e-10,296,0.00017616506046803378
23,0.35,recommended_solve,1e-10,297,0.0001761638776575592
23,0.35,recommended_solve,1e-10,298,0.00017616385961864362
23,0.35,recommended_solve,1e-10,299,0.00017615739616043077
23,0.35,recommended_solve,1e-10,300,0.00017612243611953607
23,0.35,recommended_solve,1e-08,0,1.0
23,0.35,recommended_solve,1e-08,1,0.354427179170448
23,0.35,recommended_solve,1e-08,2,0.2729722590998771
23,0.35,recommended_solve,1e-08,3,0.23507199851057686
23,0.35,recommended_solve,1e-08,4,0.2273810029156611
23,0.35,recommended_solve,1e-08,5,0.22391256997239337
23,0.35,recommended_solve,1e-08,6,0.22144441455476016
23,0.35,recommended_solve,1e-08,7,0.21969446289866124
23,0.35,recommended_solve,1e-08,8,0.2183543592720813
23,0.35,recommended_solve,1e-08,9,0.21703063351959595
23,0.35,recommended_solve,1e-08,10,0.21523714510392397
23,0.35,recommended_solve,1e-08,11,0.21198949627256178
23,0.35,recommended_solve,1e-08,12,0.20812333733755686
23,0.35,recommended_solve,1e-08,13,0.20409577170645168
23,0.35,recommended_solve,1e-08,14,0.2004690684520808
23,0.35,recommended_solve,1e-08,15,0.1957329944152526
23,0.35,recommended_solve,1e-08,16,0.18966568721072208
23,0.35,recommended_solve,1e-08,17,0.18278143766801871
23,0.35,recommended_solve,1e-08,18,0.17748194359486585
23,0.35,recommended_solve,1e-08,19,0.17150677889854815
23,0.35,recommended_solve,1e-08,20,0.16762188115631954
23,0.35,recommended_solve,1e-08,21,0.16343037470824023
23,0.35,recommended_solve,1e-08,22,0.1604781187104105
23,0.35,recommended_solve,1e-08,23,0.15612209718584696
23,0.35,recommended_solve,1e-08,24,0.15200893094830903
23,0.35,recommended_solve,1e-08,25,0.14503610711305226
23,0.35,recommended_solve,1e-08,26,0.1388934875662336
23,0.35,recommended_solve,1e-08,27,0.13200554030754055
23,0.35,recommended_solve,1e-08,28,0.12902769667858816
23,0.35,recommended_solve,1e-08,29,0.1266928171035345
23,0.35,recommended_solve,1e-08,30,0.12508713620681922
23,0.35,recommended_solve,1e-08,31,0.12354186326619498
23,0.35,recommended_solve,1e-08,32,0.1225278959615671
23,0.35,recommended_solve,1e-08,33,0.12149960100797379
23,0.35,recommended_solve,1e-08,34,0.12093108879706538
23,0.35,recommended_solve,1e-08,35,0.12036795347732199
23,0.35,recommended_solve,1e-08,36,0.12006275032845572
23,0.35,recommended_solve,1e-08,37,0.11966412332059617
23,0.35,recommended_solve,1e-08,38,0.11932998238104954
23,0.35,recommended_solve,1e-08,39,0.11851915008443631
23,0.35,recommended_solve,1e-08,40,0.1174467582700996
23,0.35,recommended_solve,1e-08,41,0.11623215544747828
23,0.35,recommended_solve,1e-08,42,0.11535295489923052
23,0.35,recommended_solve,1e-08,43,0.1141388664243774
23,0.35,recommended_solve,1e-08,44,0.1133041564878171
23,0.35,recommended_solve,1e-08,45,0.11232207143571851
23,0.35,recommended_solve,1e-08,46,0.11155722574084813
23,0.35,recommended_solve,1e-08,47,0.11045768095689994
23,0.35,recommended_solve,1e-08,48,0.10967040209819401
23,0.35,recommended_solve,1e-08,49,0.10877503033825223
23,0.35,recommended_solve,1e-08,50,0.10809288991268794
23,0.35,recommended_solve,1e-08,51,0.1073103633188157
23,0.35,recommended_solve,1e-08,52,0.10662943918313825
23,0.35,recommended_solve,1e-08,53,0.1059573619204345
23,0.35,recommended_solve,1e-08,54,0.10555034986763899
23,0.35,recommended_solve,1e-08,55,0.1051747248336204
23,0.35,recommended_solve,1e-08,56,0.10489966758277078
23,0.35,recommended_solve,1e-08,57,0.10450370855417596
23,0.35,recommended_solve,1e-08,58,0.10418741046795302
23,0.35,recommended_solve,1e-08,59,0.10373455865621345
23,0.35,recommended_solve,1e-08,60,0.1033282695939541
23,0.35,recommended_solve,1e-08,61,0.10272071922948425
23,0.35,recommended_solve,1e-08,62,0.10224052977442943
23,0.35,recommended_solve,1e-08,63,0.1017604000211313
23,0.35,recommended_solve,1e-08,64,0.10153703989440879
23,0.35,recommended_solve,1e-08,65,0.1012486107285132
23,0.35,recommended_solve,1e-08,66,0.10095988114032214
23,0.35,recommended_solve,1e-08,67,0.10037428668092445
23,0.35,recommended_solve,1e-08,68,0.0999045129251772
23,0.35,recommended_solve,1e-08,69,0.09940936384654875
23,0.35,recommended_solve,1e-08,70,0.09890266729700274
23,0.35,recommended_solve,1e-08,71,0.09826212163571514
23,0.35,recommended_solve,1e-08,72,0.09767109025336879
23,0.35,recommended_solve,1e-08,73,0.09668819584625606
23,0.35,recommended_solve,1e-08,74,0.09534884956384777
23,0.35,recommended_solve,1e-08,75,0.09358532484727328
23,0.35,recommended_solve,1e-08,76,0.0925635438314971
23,0.35,recommended_solve,1e-08,77,0.09172583067875811
23,0.35,recommended_solve,1e-08,78,0.09127125224537376
23,0.35,recommended_solve,1e-08,79,0.09083202286659325
23,0.35,recommended_solve,1e-08,80,0.0905289293069338
23,0.35,recommended_solve,1e-08,81,0.09018503165745137
23,0.35,recommended_solve,1e-08,82,0.08999963180029523
23,0.35,recommended_solve,1e-08,83,0.08981300918949606
23,0.35,recommended_solve,1e-08,84,0.08971763766987491
23,0.35,recommended_solve,1e-08,85,0.08959833450560298
23,0.35,recommended_solve,1e-08,86,0.0894964027573743
23,0.35,recommended_solve,1e-08,87,0.08930935225907
23,0.35,recommended_solve,1e-08,88,0.08908431784435654
23,0.35,recommended_solve,1e-08,89,0.08877363381791219
23,0.35,recommended_solve,1e-08,90,0.08858167531811866
23,0.35,recommended_solve,1e-08,91,0.0884093214992746
23,0.35,recommended_solve,1e-08,92,0.08830618795185889
23,0.35,recommended_solve,1e-08,93,0.08820168989105705
23,0.35,recommended_solve,1e-08,94,0.08812504739172645
23,0.35,recommended_solve,1e-08,95,0.08804996919523997
23,0.35,recommended_solve,1e-08,96,0.08800986887141005
23,0.35,recommended_solve,1e-08,97,0.08796456297348808
23,0.35,recommended_solve,1e-08,98,0.08792619614406301
23,0.35,recommended_solve,1e-08,99,0.08788921689396917
23,0.35,recommended_solve,1e-08,100,0.08785658884965654
23,0.35,recommended_solve,1e-08,101,0.08777935111481674
23,0.35,recommended_solve,1e-08,102,0.08762569342637888
23,0.35,recommended_solve,1e-08,103,0.08722355021479644
23,0.35,recommended_solve,1e-08,104,0.08674555814608229
23,0.35,recommended_solve,1e-08,105,0.08634966301556085
23,0.35,recommended_solve,1e-08,106,0.08608290904887282
23,0.35,recommended_solve,1e-08,107,0.08591882536468198
23,0.35,recommended_solve,1e-08,108,0.08584398756823311
23,0.35,recommended_solve,1e-08,109,0.08581271495879692
23,0.35,recommended_solve,1e-08,110,0.08580090123671215
23,0.35,recommended_solve,1e-08,111,0.08579312544624193
23,0.35,recommended_solve,1e-08,112,0.08578539398293676
23,0.35,recommended_solve,1e-08,113,0.08578085474592954
23,0.35,recommended_solve,1e-08,114,0.08577714156419657
23,0.35,recommended_solve,1e-08,115,0.08577378640405446
23,0.35,recommended_solve,1e-08,116,0.0857631256511825
23,0.35,recommended_solve,1e-08,117,0.08573707131259133
23,0.35,recommended_solve,1e-08,118,0.08558909824370754
23,0.35,recommended_solve,1e-08,119,0.0853156230961112
23,0.35,recommended_solve,1e-08,120,0.08490594505611172
23,0.35,recommended_solve,1e-08,121,0.08461516412732831
23,0.35,recommended_solve,1e-08,122,0.08435799176851523
23,0.35,recommended_solve,1e-08,123,0.08423961753188912
23,0.35,recommended_solve,1e-08,124,0.08416900497806158
23,0.35,recommended_solve,1e-08,125,0.08413722922378931
23,0.35,recommended_solve,1e-08,126,0.08411363969701786
23,0.35,recommended_solve,1e-08,127,0.08410273084222285
23,0.35,recommended_solve,1e-08,128,0.08407709532902503
23,0.35,recommended_solve,1e-08,129,0.08402142973601445
23,0.35,recommended_solve,1e-08,130,0.08382497640098892
23,0.35,recommended_solve,1e-08,131,0.08331310021744227
23,0.35,recommended_solve,1e-08,132,0.0820748850427818
23,0.35,recommended_solve,1e-08,133,0.07935255305392382
23,0.35,recommended_solve,1e-08,134,0.07149794597991681
23,0.35,recommended_solve,1e-08,135,0.061951485683149225
23,0.35,recommended_solve,1e-08,136,0.04864424110495485
23,0.35,recommended_solve,1e-08,137,0.04080758369864925
23,0.35,recommended_solve,1e-08,138,0.036827790708569064
23,0.35,recommended_solve,1e-08,139,0.036015516087186734
23,0.35,recommended_solve,1e-08,140,0.035593634001703615
23,0.35,recommended_solve,1e-08,141,0.03539079622218693
23,0.35,recommended_solve,1e-08,142,0.035297572138380036
23,0.35,recommended_solve,1e-08,143,0.03527772487432745
23,0.35,recommended_solve,1e-08,144,0.03526907458466215
23,0.35,recommended_solve,1e-08,145,0.03526782844788655
23,0.35,recommended_solve,1e-08,146,0.03526701444098127
23,0.35,recommended_solve,1e-08,147,0.035265540812249405
23,0.35,recommended_solve,1e-08,148,0.035263888779129816
23,0.35,recommended_solve,1e-08,149,0.035262772498612545
23,0.35,recommended_solve,1e-08,150,0.03525705826868501
23,0.35,recommended_solve,1e-08,151,0.035231357035385186
23,0.35,recommended_solve,1e-08,152,0.03516626595527693
23,0.35,recommended_solve,1e-08,153,0.03503974556922143
23,0.35,recommended_solve,1e-08,154,0.034466666676454136
23,0.35,recommended_solve,1e-08,155,0.03269306813081743
23,0.35,recommended_solve,1e-08,156,0.027340762792398336
23,0.35,recommended_solve,1e-08,157,0.022602049728662487
23,0.35,recommended_solve,1e-08,158,0.019308870361700117
23,0.35,recommended_solve,1e-08,159,0.018556891344850522
23,0.35,recommended_solve,1e-08,160,0.018305712770216025
23,0.35,recommended_solve,1e-08,161,0.018251395729247874
23,0.35,recommended_solve,1e-08,162,0.018238816022299223
23,0.35,recommended_solve,1e-08,163,0.018236656470078945
23,0.35,recommended_solve,1e-08,164,0.018236447099220957
23,0.35,recommended_solve,1e-08,165,0.018236441883830334
23,0.35,recommended_solve,1e-08,166,0.018235650355527478
23,0.35,recommended_solve,1e-08,167,0.018234318752615383
23,0.35,recommended_solve,1e-08,168,0.0182307575282104
23,0.35,recommended_solve,1e-08,169,0.018216673211472145
23,0.35,recommended_solve,1e-08,170,0.018156272288343163
23,0.35,recommended_solve,1e-08,171,0.017847702971143124
23,0.35,recommended_solve,1e-08,172,0.016745502299071555
23,0.35,recommended_solve,1e-08,173,0.014119371359749538
23,0.35,recommended_solve,1e-08,174,0.011740952527841082
23,0.35,recommended_solve,1e-08,175,0.010681374251607707
23,0.35,recommended_solve,1e-08,176,0.010420230625991839
23,0.35,recommended_solve,1e-08,177,0.010327053377598483
23,0.35,recommended_solve,1e-08,178,0.010301770314499279
23,0.35,recommended_solve,1e-08,179,0.010297659530239044
23,0.35,recommended_solve,1e-08,180,0.010297287211754035
23,0.35,recommended_solve,1e-08,181,0.010297186599118748
23,0.35,recommended_solve,1e-08,182,0.010297075921427971
23,0.35,recommended_solve,1e-08,183,0.010296187981960133
23,0.35,recommended_solve,1e-08,184,0.01029382894803647
23,0.35,recommended_solve,1e-08,185,0.010288251229304974
23,0.35,recommended_solve,1e-08,186,0.010256745008512688
23,0.35,recommended_solve,1e-08,187,0.010133172792897976
23,0.35,recommended_solve,1e-08,188,0.009600592852884995
23,0.35,recommended_solve,1e-08,189,0.0085533698918409
23,0.35,recommended_solve,1e-08,190,0.007396176729392181
23,0.35,recommended_solve,1e-08,191,0.00711468684659496
23,0.35,recommended_solve,1e-08,192,0.007026222159354683
23,0.35,recommended_solve,1e-08,193,0.007010707052785361
23,0.35,recommended_solve,1e-08,194,0.007008989202209997
23,0.35,recommended_solve,1e-08,195,0.0070083945002213785
23,0.35,recommended_solve,1e-08,196,0.00700819444598299
23,0.35,recommended_solve,1e-08,197,0.00700819195608711
23,0.35,recommended_solve,1e-08,198,0.007007763635407072
23,0.35,recommended_solve,1e-08,199,0.007005006015246144
23,0.35,recommended_solve,1e-08,200,0.006989478805373254
23,0.35,recommended_solve,1e-08,201,0.006926088195867701
23,0.35,recommended_solve,1e-08,202,0.006534599002375728
23,0.35,recommended_solve,1e-08,203,0.005547599568970204
23,0.35,recommended_solve,1e-08,204,0.004157463191116639
23,0.35,recommended_solve,1e-08,205,0.0035780582831999733
23,0.35,recommended_solve,1e-08,206,0.003434237220499793
23,0.35,recommended_solve,1e-08,207,0.0034102172693419937
23,0.35,recommended_solve,1e-08,208,0.003405244385503183
23,0.35,recommended_solve,1e-08,209,0.003404551057808992
23,0.35,recommended_solve,1e-08,210,0.0034044511637071227
23,0.35,recommended_solve,1e-08,211,0.0034044321771878865
23,0.35,recommended_solve,1e-08,212,0.0034044133663935165
23,0.35,recommended_solve,1e-08,213,0.003404021817884213
23,0.35,recommended_solve,1e-08,214,0.003402379672337473
23,0.35,recommended_solve,1e-08,215,0.0033884150199850506
23,0.35,recommended_solve,1e-08,216,0.0032993165297705595
23,0.35,recommended_solve,1e-08,217,0.0028706840657681462
23,0.35,recommended_solve,1e-08,218,0.002111969232630276
23,0.35,recommended_solve,1e-08,219,0.0016166057031141246
23,0.35,recommended_solve,1e-08,220,0.0014757202084547457
23,0.35,recommended_solve,1e-08,221,0.0014434070941238733
23,0.35,recommended_solve,1e-08,222,0.0014377054993648028
23,0.35,recommended_solve,1e-08,223,0.0014367850103262304
23,0.35,recommended_solve,1e-08,224,0.0014367166461396112
23,0.35,recommended_solve,1e-08,225,0.0014367136628600828
23,0.35,recommended_solve,1e-08,226,0.0014366882415147312
23,0.35,recommended_solve,1e-08,227,0.001436581770217167
23,0.35,recommended_solve,1e-08,228,0.0014358278004787625
23,0.35,recommended_solve,1e-08,229,0.0014321938854641723
23,0.35,recommended_solve,1e-08,230,0.0014131613772733625
23,0.35,recommended_solve,1e-08,231,0.0012474685518760464
23,0.35,recommended_solve,1e-08,232,0.0009572810895913257
23,0.35,recommended_solve,1e-08,233,0.0007996217245008706
23,0.35,recommended_solve,1e-08,234,0.0007709767457913726
23,0.35,recommended_solve,1e-08,235,0.0007675344679892779
23,0.35,recommended_solve,1e-08,236,0.0007665422239875428
23,0.35,recommended_solve,1e-08,237,0.0007663552336227054
23,0.35,recommended_solve,1e-08,238,0.0007663166962733732
23,0.35,recommended_solve,1e-08,239,0.0007663063948480787
23,0.35,recommended_solve,1e-08,240,0.0007663059175582076
23,0.35,recommended_solve,1e-08,241,0.0007661598049418318
23,0.35,recommended_solve,1e-08,242,0.0007652090836884229
23,0.35,recommended_solve,1e-08,243,0.0007577899868815993
23,0.35,recommended_solve,1e-08,244,0.0006918786934003075
23,0.35,recommended_solve,1e-08,245,0.0004881636283017957
23,0.35,recommended_solve,1e-08,246,0.00034144704450080944
23,0.35,recommended_solve,1e-08,247,0.0003204512189808939
23,0.35,recommended_solve,1e-08,248,0.00031802133318647156
23,0.35,recommended_solve,1e-08,249,0.00031738478677805003
23,0.35,recommended_solve,1e-08,250,0.00031727960295253974
23,0.35,recommended_solve,1e-08,251,0.00031725484414897576
23,0.35,recommended_solve,1e-08,252,0.00031725481366633726
23,0.35,recommended_solve,1e-08,253,0.00031723929339272014
23,0.35,recommended_solve,1e-08,254,0.00031698476825283236
23,0.35,recommended_solve,1e-08,255,0.0003140660827922112
23,0.35,recommended_solve,1e-08,256,0.0002967452211432191
23,0.35,recommended_solve,1e-08,257,0.00021855065285386494
23,0.35,recommended_solve,1e-08,258,0.00014590561213760424
23,0.35,recommended_solve,1e-08,259,0.00012508704847862838
23,0.35,recommended_solve,1e-08,260,0.0001232434400912714
23,0.35,recommended_solve,1e-08,261,0.0001229340042952117
23,0.35,recommended_solve,1e-08,262,0.0001229008417400971
23,0.35,recommended_solve,1e-08,263,0.0001228920774234523
23,0.35,recommended_solve,1e-08,264,0.0001228781552102238
23,0.35,recommended_solve,1e-08,265,0.0001228776167192077
23,0.35,recommended_solve,1e-08,266,0.00012286236001072704
23,0.35,recommended_solve,1e-08,267,0.00012247632539236585
23,0.35,recommended_solve,1e-08,268,0.00011912421183824598
23,0.35,recommended_solve,1e-08,269,9.464307233791879e-05
23,0.35,recommended_solve,1e-08,270,5.932297951309043e-05
23,0.35,recommended_solve,1e-08,271,5.0288949890586954e-05
23,0.35,recommended_solve,1e-08,272,4.952644038404357e-05
23,0.35,recommended_solve,1e-08,273,4.938503543394534e-05
23,0.35,recommended_solve,1e-08,274,4.9338414648584424e-05
23,0.35,recommended_solve,1e-08,275,4.933385116887978e-05
23,0.35,recommended_solve,1e-08,276,4.9333752224299455e-05
23,0.35,recommended_solve,1e-08,277,4.9333327100470296e-05
23,0.35,recommended_solve,1e-08,278,4.932481897814519e-05
23,0.35,recommended_solve,1e-08,279,4.923136796397597e-05
23,0.35,recommended_solve,1e-08,280,4.832821760977586e-05
23,0.35,recommended_solve,1e-08,281,4.232637547726614e-05
23,0.35,recommended_solve,1e-08,282,2.982051653530276e-05
23,0.35,recommended_solve,1e-08,283,2.6313976454671813e-05
23,0.35,recommended_solve,1e-08,284,2.574443329759416e-05
23,0.35,recommended_solve,1e-08,285,2.5662348624880462e-05
23,0.35,recommended_solve,1e-08,286,2.56461298320244e-05
23,0.35,recommended_solve,1e-08,287,2.5644033937921718e-05
23,0.35,recommended_solve,1e-08,288,2.5644009827423665e-05
23,0.35,recommended_solve,1e-08,289,2.5643939087720115e-05
23,0.35,recommended_solve,1e-08,290,2.564007650505774e-05
23,0.35,recommended_solve,1e-08,291,2.55962560865428e-05
23,0.35,recommended_solve,1e-08,292,2.5098532472656353e-05
23,0.35,recommended_solve,1e-08,293,2.2299546442832936e-05
23,0.35,recommended_solve,1e-08,294,1.7288808487658214e-05
23,0.35,recommended_solve,1e-08,295,1.5937037639687205e-05
23,0.35,recommended_solve,1e-08,296,1.5755120250660094e-05
23,0.35,recommended_solve,1e-08,297,1.5720355736566657e-05
23,0.35,recommended_solve,1e-08,298,1.5715342592832854e-05
23,0.35,recommended_solve,1e-08,299,1.5714507576239698e-05
23,0.35,recommended_solve,1e-08,300,1.5714495153715084e-05
23,0.35,recommended_solve,1e-06,0,1.0
23,0.35,recommended_solve,1e-06,1,0.3544186908383787
23,0.35,recommended_solve,1e-06,2,0.2729485724181011
23,0.35,recommended_solve,1e-06,3,0.23501206396153437
23,0.35,recommended_solve,1e-06,4,0.22728230679414388
23,0.35,recommended_solve,1e-06,5,0.22378603497844096
23,0.35,recommended_solve,1e-06,6,0.22123566975670148
23,0.35,recommended_solve,1e-06,7,0.21937982371368064
23,0.35,recommended_solve,1e-06,8,0.21793924996978467
23,0.35,recommended_solve,1e-06,9,0.2164693528971721
23,0.35,recommended_solve,1e-06,10,0.21443143151019273
23,0.35,recommended_solve,1e-06,11,0.21067707203370306
23,0.35,recommended_solve,1e-06,12,0.2061164791319632
23,0.35,recommended_solve,1e-06,13,0.20138888084365036
23,0.35,recommended_solve,1e-06,14,0.19709311124721948
23,0.35,recommended_solve,1e-06,15,0.19139000463998246
23,0.35,recommended_solve,1e-06,16,0.18377825192318073
23,0.35,recommended_solve,1e-06,17,0.17572769068869798
23,0.35,recommended_solve,1e-06,18,0.16817565859434613
23,0.35,recommended_solve,1e-06,19,0.1614577421053332
23,0.35,recommended_solve,1e-06,20,0.15656965816492135
23,0.35,recommended_solve,1e-06,21,0.15156699634805182
23,0.35,recommended_solve,1e-06,22,0.1475422355448241
23,0.35,recommended_solve,1e-06,23,0.14208410267356011
23,0.35,recommended_solve,1e-06,24,0.1366039678779768
23,0.35,recommended_solve,1e-06,25,0.12734912269716722
23,0.35,recommended_solve,1e-06,26,0.11964428919026557
23,0.35,recommended_solve,1e-06,27,0.11051668103122606
23,0.35,recommended_solve,1e-06,28,0.10646998016421842
23,0.35,recommended_solve,1e-06,29,0.10325883271298462
23,0.35,recommended_solve,1e-06,30,0.10096570375719822
23,0.35,recommended_solve,1e-06,31,0.09869470736127388
23,0.35,recommended_solve,1e-06,32,0.09732420389895889
23,0.35,recommended_solve,1e-06,33,0.09570412715364605
23,0.35,recommended_solve,1e-06,34,0.09481745514837851
23,0.35,recommended_solve,1e-06,35,0.09400715545482277
23,0.35,recommended_solve,1e-06,36,0.09351159592357333
23,0.35,recommended_solve,1e-06,37,0.0928415043325687
23,0.35,recommended_solve,1e-06,38,0.09221613285908838
23,0.35,recommended_solve,1e-06,39,0.09063774841098267
23,0.35,recommended_solve,1e-06,40,0.08874385795015566
23,0.35,recommended_solve,1e-06,41,0.08649868637282207
23,0.35,recommended_solve,1e-06,42,0.08480019542639329
23,0.35,recommended_solve,1e-06,43,0.08266545765431767
23,0.35,recommended_solve,1e-06,44,0.08112698957913167
23,0.35,recommended_solve,1e-06,45,0.07920242647164548
23,0.35,recommended_solve,1e-06,46,0.07767514952069818
23,0.35,recommended_solve,1e-06,47,0.07564045339925375
23,0.35,recommended_solve,1e-06,48,0.07400850506860697
23,0.35,recommended_solve,1e-06,49,0.07224051639912683
23,0.35,recommended_solve,1e-06,50,0.07096202966962285
23,0.35,recommended_solve,1e-06,51,0.06934682668621699
23,0.35,recommended_solve,1e-06,52,0.06795243204256515
23,0.35,recommended_solve,1e-06,53,0.06664842326474223
23,0.35,recommended_solve,1e-06,54,0.06588647110078961
23,0.35,recommended_solve,1e-06,55,0.06504628589264658
23,0.35,recommended_solve,1e-06,56,0.06445396234051187
23,0.35,recommended_solve,1e-06,57,0.06360920343457623
23,0.35,recommended_solve,1e-06,58,0.06294638451226318
23,0.35,recommended_solve,1e-06,59,0.06176349480115443
23,0.35,recommended_solve,1e-06,60,0.060777795532480625
23,0.35,recommended_solve,1e-06,61,0.05941474479051613
23,0.35,recommended_solve,1e-06,62,0.05836459920922193
23,0.35,recommended_solve,1e-06,63,0.05741916973592446
23,0.35,recommended_solve,1e-06,64,0.056856650245220346
23,0.35,recommended_solve,1e-06,65,0.05618685583483118
23,0.35,recommended_solve,1e-06,66,0.055331995651851804
23,0.35,recommended_solve,1e-06,67,0.053901961221985664
23,0.35,recommended_solve,1e-06,68,0.052821867818884684
23,0.35,recommended_solve,1e-06,69,0.051634640346422324
23,0.35,recommended_solve,1e-06,70,0.05043045771953839
23,0.35,recommended_solve,1e-06,71,0.048840320558754945
23,0.35,recommended_solve,1e-06,72,0.04729422224396428
23,0.35,recommended_solve,1e-06,73,0.044473079925705344
23,0.35,recommended_solve,1e-06,74,0.04077433486699466
23,0.35,recommended_solve,1e-06,75,0.03659239688787715
23,0.35,recommended_solve,1e-06,76,0.034371830109658996
23,0.35,recommended_solve,1e-06,77,0.032379999586068416
23,0.35,recommended_solve,1e-06,78,0.03122134850148625
23,0.35,recommended_solve,1e-06,79,0.030000734880444947
23,0.35,recommended_solve,1e-06,80,0.029104727954092243
23,0.35,recommended_solve,1e-06,81,0.028181821461901995
23,0.35,recommended_solve,1e-06,82,0.0276624100758857
23,0.35,recommended_solve,1e-06,83,0.02718632631714824
23,0.35,recommended_solve,1e-06,84,0.026903810897266126
23,0.35,recommended_solve,1e-06,85,0.026542596017449172
23,0.35,recommended_solve,1e-06,86,0.026109635877301186
23,0.35,recommended_solve,1e-06,87,0.025305816692854793
23,0.35,recommended_solve,1e-06,88,0.02442757879355589
23,0.35,recommended_solve,1e-06,89,0.023392559615309876
23,0.35,recommended_solve,1e-06,90,0.022836124134656632
23,0.35,recommended_solve,1e-06,91,0.022224256923976272
23,0.35,recommended_solve,1e-06,92,0.021844785021568572
23,0.35,recommended_solve,1e-06,93,0.021487102586633465
23,0.35,recommended_solve,1e-06,94,0.021229611097937525
23,0.35,recommended_solve,1e-06,95,0.020948531583805777
23,0.35,recommended_solve,1e-06,96,0.020779955608761027
23,0.35,recommended_solve,1e-06,97,0.020561660194249272
23,0.35,recommended_solve,1e-06,98,0.020434668325495495
23,0.35,recommended_solve,1e-06,99,0.020255510119554534
23,0.35,recommended_solve,1e-06,100,0.020086845680549102
23,0.35,recommended_solve,1e-06,101,0.01942472318908968
23,0.35,recommended_solve,1e-06,102,0.017991585291428636
23,0.35,recommended_solve,1e-06,103,0.01544718926300935
23,0.35,recommended_solve,1e-06,104,0.013013170839795477
23,0.35,recommended_solve,1e-06,105,0.010663106659250667
23,0.35,recommended_solve,1e-06,106,0.009378852357163498
23,0.35,recommended_solve,1e-06,107,0.008560755560327139
23,0.35,recommended_solve,1e-06,108,0.008289268923342934
23,0.35,recommended_solve,1e-06,109,0.008134002140170429
23,0.35,recommended_solve,1e-06,110,0.008073168964747605
23,0.35,recommended_solve,1e-06,111,0.008016674983687702
23,0.35,recommended_solve,1e-06,112,0.007990922290580611
23,0.35,recommended_solve,1e-06,113,0.007969895138933822
23,0.35,recommended_solve,1e-06,114,0.007953271432746904
23,0.35,recommended_solve,1e-06,115,0.007922825677716239
23,0.35,recommended_solve,1e-06,116,0.00785986831463433
23,0.35,recommended_solve,1e-06,117,0.0075563539408356525
23,0.35,recommended_solve,1e-06,118,0.007008157421931414
23,0.35,recommended_solve,1e-06,119,0.006232918367919709
23,0.35,recommended_solve,1e-06,120,0.005734279556732885
23,0.35,recommended_solve,1e-06,121,0.005405454300364494
23,0.35,recommended_solve,1e-06,122,0.005244542382493004
23,0.35,recommended_solve,1e-06,123,0.005155093269627611
23,0.35,recommended_solve,1e-06,124,0.005119181093815027
23,0.35,recommended_solve,1e-06,125,0.005099844901735431
23,0.35,recommended_solve,1e-06,126,0.005093052638553073
23,0.35,recommended_solve,1e-06,127,0.00508345262297881
23,0.35,recommended_solve,1e-06,128,0.005068361657716174
23,0.35,recommended_solve,1e-06,129,0.005015839038292955
23,0.35,recommended_solve,1e-06,130,0.004895463813385165
23,0.35,recommended_solve,1e-06,131,0.004653606033384699
23,0.35,recommended_solve,1e-06,132,0.004290926670642365
23,0.35,recommended_solve,1e-06,133,0.0037372202608116933
23,0.35,recommended_solve,1e-06,134,0.0034674253839723354
23,0.35,recommended_solve,1e-06,135,0.0032535026730733992
23,0.35,recommended_solve,1e-06,136,0.0031797085397527202
23,0.35,recommended_solve,1e-06,137,0.0031510969566820057
23,0.35,recommended_solve,1e-06,138,0.0031445041322998232
23,0.35,recommended_solve,1e-06,139,0.003139235372422727
23,0.35,recommended_solve,1e-06,140,0.0031351694684999547
23,0.35,recommended_solve,1e-06,141,0.0031291256717918656
23,0.35,recommended_solve,1e-06,142,0.0031231492542295714
23,0.35,recommended_solve,1e-06,143,0.0031043390350136138
23,0.35,recommended_solve,1e-06,144,0.003064577202413026
23,0.35,recommended_solve,1e-06,145,0.002924482625259794
23,0.35,recommended_solve,1e-06,146,0.00265183648438258
23,0.35,recommended_solve,1e-06,147,0.0022794503826971814
23,0.35,recommended_solve,1e-06,148,0.0021222045277053407
23,0.35,recommended_solve,1e-06,149,0.0020397696638360338
23,0.35,recommended_solve,1e-06,150,0.0020159739981611253
23,0.35,recommended_solve,1e-06,151,0.0020061607315429177
23,0.35,recommended_solve,1e-06,152,0.002003600073944945
23,0.35,recommended_solve,1e-06,153,0.0020016462194662166
23,0.35,recommended_solve,1e-06,154,0.002000957539053416
23,0.35,recommended_solve,1e-06,155,0.001999557490421989
23,0.35,recommended_solve,1e-06,156,0.0019962404514781303
23,0.35,recommended_solve,1e-06,157,0.001982541845529159
23,0.35,recommended_solve,1e-06,158,0.0019455567586682395
23,0.35,recommended_solve,1e-06,159,0.0018407439421655276
23,0.35,recommended_solve,1e-06,160,0.0017414055961780812
23,0.35,recommended_solve,1e-06,161,0.0016889723596450192
23,0.35,recommended_solve,1e-06,162,0.001678975792764664
23,0.35,recommended_solve,1e-06,163,0.0016752544429546952
23,0.35,recommended_solve,1e-06,164,0.001674475114817084
23,0.35,recommended_solve,1e-06,165,0.0016741819487563585
23,0.35,recommended_solve,1e-06,166,0.0016734937917533069
23,0.35,recommended_solve,1e-06,167,0.0016715481235851013
23,0.35,recommended_solve,1e-06,168,0.0016639179332065116
23,0.35,recommended_solve,1e-06,169,0.0016372588495063433
23,0.35,recommended_solve,1e-06,170,0.0015893625038248078
23,0.35,recommended_solve,1e-06,171,0.0015361809604932187
23,0.35,recommended_solve,1e-06,172,0.0015190556290656896
23,0.35,recommended_solve,1e-06,173,0.0015131348412866562
23,0.35,recommended_solve,1e-06,174,0.0015116192064913343
23,0.35,recommended_solve,1e-06,175,0.0015111395402843323
23,0.35,recommended_solve,1e-06,176,0.0015109110495458303
23,0.35,recommended_solve,1e-06,177,0.0015100567575698706
23,0.35,recommended_solve,1e-06,178,0.0015070492602633134
23,0.35,recommended_solve,1e-06,179,0.0014945631167800836
23,0.35,recommended_solve,1e-06,180,0.0014627570324937107
23,0.35,recommended_solve,1e-06,181,0.0013953490617671744
23,0.35,recommended_solve,1e-06,182,0.0013686660893440627
23,0.35,recommended_solve,1e-06,183,0.0013609702210083871
23,0.35,recommended_solve,1e-06,184,0.0013591956015776634
23,0.35,recommended_solve,1e-06,185,0.001358541923117211
23,0.35,recommended_solve,1e-06,186,0.001358017555918448
23,0.35,recommended_solve,1e-06,187,0.0013567129484476088
23,0.35,recommended_solve,1e-06,188,0.001353496978070273
23,0.35,recommended_solve,1e-06,189,0.0013392465587843871
23,0.35,recommended_solve,1e-06,190,0.0012999555007976943
23,0.35,recommended_solve,1e-06,191,0.0012072871416136392
23,0.35,recommended_solve,1e-06,192,0.0011397896909325798
23,0.35,recommended_solve,1e-06,193,0.0011081328816041718
23,0.35,recommended_solve,1e-06,194,0.0011021161755721438
23,0.35,recommended_solve,1e-06,195,0.001100700007573982
23,0.35,recommended_solve,1e-06,196,0.0011001171333285607
23,0.35,recommended_solve,1e-06,197,0.0010991495754639538
23,0.35,recommended_solve,1e-06,198,0.0010947042486732191
23,0.35,recommended_solve,1e-06,199,0.0010700345152891324
23,0.35,recommended_solve,1e-06,200,0.0009888143852089114
23,0.35,recommended_solve,1e-06,201,0.000873870182740816
23,0.35,recommended_solve,1e-06,202,0.0008305341421503916
23,0.35,recommended_solve,1e-06,203,0.0008183460131133787
23,0.35,recommended_solve,1e-06,204,0.000815803157111537
23,0.35,recommended_solve,1e-06,205,0.0008152831991787267
23,0.35,recommended_solve,1e-06,206,0.0008147416842713584
23,0.35,recommended_solve,1e-06,207,0.0008129199633411038
23,0.35,recommended_solve,1e-06,208,0.0008062950411692659
23,0.35,recommended_solve,1e-06,209,0.000768168307632469
23,0.35,recommended_solve,1e-06,210,0.0006678755176495436
23,0.35,recommended_solve,1e-06,211,0.000545527813832892
23,0.35,recommended_solve,1e-06,212,0.0005192517411623052
23,0.35,recommended_solve,1e-06,213,0.0005127013475733705
23,0.35,recommended_solve,1e-06,214,0.00051094847272007
23,0.35,recommended_solve,1e-06,215,0.0005100178626928654
23,0.35,recommended_solve,1e-06,216,0.0005082331416846204
23,0.35,recommended_solve,1e-06,217,0.0005000341736217094
23,0.35,recommended_solve,1e-06,218,0.0004593600996613218
23,0.35,recommended_solve,1e-06,219,0.000307045606831168
23,0.35,recommended_solve,1e-06,220,0.00019630199591389277
23,0.35,recommended_solve,1e-06,221,0.0001639395361666709
23,0.35,recommended_solve,1e-06,222,0.00016023228270725028
23,0.35,recommended_solve,1e-06,223,0.00015932303662555372
23,0.35,recommended_solve,1e-06,224,0.00015894626427781318
23,0.35,recommended_solve,1e-06,225,0.0001586211015828136
23,0.35,recommended_solve,1e-06,226,0.00015764901017831289
23,0.35,recommended_solve,1e-06,227,0.000152652954137566
23,0.35,recommended_solve,1e-06,228,0.00012518669993630025
23,0.35,recommended_solve,1e-06,229,9.33177348227843e-05
23,0.35,recommended_solve,1e-06,230,8.06870395809619e-05
23,0.35,recommended_solve,1e-06,231,7.964157225361913e-05
23,0.35,recommended_solve,1e-06,232,7.934212648768979e-05
23,0.35,recommended_solve,1e-06,233,7.921441526359134e-05
23,0.35,recommended_solve,1e-06,234,7.899013351919847e-05
23,0.35,recommended_solve,1e-06,235,7.787254941858343e-05
23,0.35,recommended_solve,1e-06,236,7.044187721136755e-05
23,0.35,recommended_solve,1e-06,237,5.679910848939288e-05
23,0.35,recommended_solve,1e-06,238,4.9258287223512445e-05
23,0.35,recommended_solve,1e-06,239,4.793692529661412e-05
23,0.35,recommended_solve,1e-06,240,4.770567455003071e-05
23,0.35,recommended_solve,1e-06,241,4.764518787802598e-05
23,0.35,recommended_solve,1e-06,242,4.7586609325795645e-05
23,0.35,recommended_solve,1e-06,243,4.736132981502835e-05
23,0.35,recommended_solve,1e-06,244,4.574054189569293e-05
23,0.35,recommended_solve,1e-06,245,3.834779267709544e-05
23,0.35,recommended_solve,1e-06,246,2.9982162289310437e-05
23,0.35,recommended_solve,1e-06,247,2.7369806631829058e-05
23,0.35,recommended_solve,1e-06,248,2.7094478746096306e-05
23,0.35,recommended_solve,1e-06,249,2.700268113190025e-05
23,0.35,recommended_solve,1e-06,250,2.697086772260945e-05
23,0.35,recommended_solve,1e-06,251,2.690783254803612e-05
23,0.35,recommended_solve,1e-06,252,2.6446944912235412e-05
23,0.35,recommended_solve,1e-06,253,2.2942692451230085e-05
23,0.35,recommended_solve,1e-06,254,1.7057008723952214e-05
23,0.35,recommended_solve,1e-06,255,1.4548678494692844e-05
23,0.35,recommended_solve,1e-06,256,1.4288921570451796e-05
23,0.35,recommended_solve,1e-06,257,1.4245506131331185e-05
23,0.35,recommended_solve,1e-06,258,1.4225697871670681e-05
23,0.35,recommended_solve,1e-06,259,1.4170281329350644e-05
23,0.35,recommended_solve,1e-06,260,1.3722937714496448e-05
23,0.35,recommended_solve,1e-06,261,1.1436303339175542e-05
23,0.35,recommended_solve,1e-06,262,7.630547530041122e-06
23,0.35,recommended_solve,1e-06,263,6.181272725479953e-06
23,0.35,recommended_solve,1e-06,264,5.937572606164563e-06
23,0.35,recommended_solve,1e-06,265,5.903130553845223e-06
23,0.35,recommended_solve,1e-06,266,5.892395514501699e-06
23,0.35,recommended_solve,1e-06,267,5.878907190991875e-06
23,0.35,recommended_solve,1e-06,268,5.797499581094229e-06
23,0.35,recommended_solve,1e-06,269,5.2246265615139135e-06
23,0.35,recommended_solve,1e-06,270,3.525453802859817e-06
23,0.35,recommended_solve,1e-06,271,2.642165550706818e-06
23,0.35,recommended_solve,1e-06,272,2.4959317060742426e-06
23,0.35,recommended_solve,1e-06,273,2.4835670988426878e-06
23,0.35,recommended_solve,1e-06,274,2.4781308484489107e-06
23,0.35,recommended_solve,1e-06,275,2.474350406414417e-06
23,0.35,recommended_solve,1e-06,276,2.4483794766626913e-06
23,0.35,recommended_solve,1e-06,277,2.212067783585142e-06
23,0.35,recommended_solve,1e-06,278,1.3514964856216556e-06
23,0.35,recommended_solve,1e-06,279,8.64627353090687e-07
41,0.1,probe,1e-12,0,1.0
41,0.1,probe,1e-12,1,0.6264292061148251
41,0.1,probe,1e-12,2,0.6263799728291748
41,0.1,probe,1e-12,3,0.625250048680427
41,0.1,probe,1e-12,4,0.6245853938657848
41,0.1,probe,1e-12,5,0.6244942547176726
41,0.1,probe,1e-12,6,0.6242305416698078
41,0.1,probe,1e-12,7,0.6241390973866847
41,0.1,probe,1e-12,8,0.6241390585195504
41,0.1,probe,1e-12,9,0.6238479371799004
41,0.1,probe,1e-12,10,0.6238423993635411
41,0.1,probe,1e-12,11,0.623826909785526
41,0.1,probe,1e-12,12,0.6237963412425278
41,0.1,probe,1e-12,13,0.6237912499928848
41,0.1,probe,1e-12,14,0.6237908219100192
41,0.1,probe,1e-12,15,0.6237895087858395
41,0.1,probe,1e-12,16,0.6237623878306017
41,0.1,probe,1e-12,17,0.6237537453949568
41,0.1,probe,1e-12,18,0.6237537274442431
41,0.1,probe,1e-12,19,0.6237098483182331
41,0.1,probe,1e-12,20,0.6237037266495491
41,0.1,probe,1e-12,21,0.6237006167419725
41,0.1,probe,1e-12,22,0.6236620132865962
41,0.1,probe,1e-12,23,0.6236451667436606
41,0.1,probe,1e-12,24,0.6236297909093814
41,0.1,probe,1e-12,25,0.6236296510300933
41,0.1,probe,1e-12,26,0.6236295989509899
41,0.1,probe,1e-12,27,0.6235689840603197
41,0.1,probe,1e-12,28,0.6235515497335516
41,0.1,probe,1e-12,29,0.6235420823480767
41,0.1,probe,1e-12,30,0.6234948997166966
41,0.1,probe,1e-12,31,0.6234852708755886
41,0.1,probe,1e-12,32,0.6234767045309666
41,0.1,probe,1e-12,33,0.6234558208344355
41,0.1,probe,1e-12,34,0.6234420960436625
41,0.1,probe,1e-12,35,0.6234387237631545
41,0.1,probe,1e-12,36,0.6234194079061637
41,0.1,probe,1e-12,37,0.6234169506232397
41,0.1,probe,1e-12,38,0.6234163024192677
41,0.1,probe,1e-12,39,0.6234162876391574
41,0.1,probe,1e-12,40,0.6233921870563683
41,0.1,probe,1e-12,41,0.6233756454567848
41,0.1,probe,1e-12,42,0.6233742211889077
41,0.1,probe,1e-12,43,0.6233432102170517
41,0.1,probe,1e-12,44,0.6233422761235471
41,0.1,probe,1e-12,45,0.6233422593567414
41,0.1,probe,1e-12,46,0.6233402851512875
41,0.1,probe,1e-12,47,0.6233398970069957
41,0.1,probe,1e-12,48,0.6233381456656297
41,0.1,probe,1e-12,49,0.6233378466885244
41,0.1,probe,1e-12,50,0.6233377848202032
41,0.1,probe,1e-12,51,0.6233217073927437
41,0.1,probe,1e-12,52,0.623320342290731
41,0.1,probe,1e-12,53,0.6233171564007617
41,0.1,probe,1e-12,54,0.6233086611927757
41,0.1,probe,1e-12,55,0.6233015150883559
41,0.1,probe,1e-12,56,0.6232580370218869
41,0.1,probe,1e-12,57,0.6232462764066768
41,0.1,probe,1e-12,58,0.6231872779787632
41,0.1,probe,1e-12,59,0.6231863195301217
41,0.1,probe,1e-12,60,0.623185953838924
41,0.1,probe,1e-12,61,0.6231655494600032
41,0.1,probe,1e-12,62,0.6231411601458234
41,0.1,probe,1e-12,63,0.6231403660837063
41,0.1,probe,1e-12,64,0.6231285959995995
41,0.1,probe,1e-12,65,0.6231283975697159
41,0.1,probe,1e-12,66,0.6231168594921463
41,0.1,probe,1e-12,67,0.6231160406541397
41,0.1,probe,1e-12,68,0.6231084117199459
41,0.1,probe,1e-12,69,0.6231013766238781
41,0.1,probe,1e-12,70,0.6231006608873607
41,0.1,probe,1e-12,71,0.6230876651907243
41,0.1,probe,1e-12,72,0.6229729875410728
41,0.1,probe,1e-12,73,0.6227781420625034
41,0.1,probe,1e-12,74,0.6227487116958161
41,0.1,probe,1e-12,75,0.6226084979271732
41,0.1,probe,1e-12,76,0.6225622564922498
41,0.1,probe,1e-12,77,0.622475200298441
41,0.1,probe,1e-12,78,0.6224397080480093
41,0.1,probe,1e-12,79,0.6222775524404295
41,0.1,probe,1e-12,80,0.6220964139014273
41,0.1,probe,1e-12,81,0.6219241436811656
41,0.1,probe,1e-12,82,0.6217884128194112
41,0.1,probe,1e-12,83,0.621358133016164
41,0.1,probe,1e-12,84,0.6210033556783946
41,0.1,probe,1e-12,85,0.6206902271604934
41,0.1,probe,1e-12,86,0.6203376273253447
41,0.1,probe,1e-12,87,0.6198490730173407
41,0.1,probe,1e-12,88,0.6192002730695688
41,0.1,probe,1e-12,89,0.6180399462956155
41,0.1,probe,1e-12,90,0.6159834551055282
41,0.1,probe,1e-12,91,0.6144510062002962
41,0.1,probe,1e-12,92,0.6097687252892098
41,0.1,probe,1e-12,93,0.60447848049104
41,0.1,probe,1e-12,94,0.5968889212171771
41,0.1,probe,1e-12,95,0.5918480088701084
41,0.1,probe,1e-12,96,0.5843703813563961
41,0.1,probe,1e-12,97,0.5800173923828517
41,0.1,probe,1e-12,98,0.5721987655198515
41,0.1,probe,1e-12,99,0.5625785764789334
41,0.1,probe,1e-12,100,0.556664145286065
41,0.1,recommended_solve,1e-10,0,1.0
41,0.1,recommended_solve,1e-10,1,0.6264427364725349
41,0.1,recommended_solve,1e-10,2,0.626391451482949
41,0.1,recommended_solve,1e-10,3,0.6252507513485733
41,0.1,recommended_solve,1e-10,4,0.6245964075000657
41,0.1,recommended_solve,1e-10,5,0.624504871572467
41,0.1,recommended_solve,1e-10,6,0.6242333978644786
41,0.1,recommended_solve,1e-10,7,0.6241440567844956
41,0.1,recommended_solve,1e-10,8,0.6241440329880854
41,0.1,recommended_solve,1e-10,9,0.6238533699594885
41,0.1,recommended_solve,1e-10,10,0.6238476379172964
41,0.1,recommended_solve,1e-10,11,0.6238313849499887
41,0.1,recommended_solve,1e-10,12,0.6237994975713292
41,0.1,recommended_solve,1e-10,13,0.6237934388415087
41,0.1,recommended_solve,1e-10,14,0.6237933306569821
41,0.1,recommended_solve,1e-10,15,0.6237927233307778
41,0.1,recommended_solve,1e-10,16,0.6237644345542049
41,0.1,recommended_solve,1e-10,17,0.6237533961119368
41,0.1,recommended_solve,1e-10,18,0.6237533369588227
41,0.1,recommended_solve,1e-10,19,0.6237114897755178
41,0.1,recommended_solve,1e-10,20,0.6237038185988271
41,0.1,recommended_solve,1e-10,21,0.6237000549056089
41,0.1,recommended_solve,1e-10,22,0.6236655087407191
41,0.1,recommended_solve,1e-10,23,0.6236487277630276
41,0.1,recommended_solve,1e-10,24,0.6236346459941249
41,0.1,recommended_solve,1e-10,25,0.623633294335537
41,0.1,recommended_solve,1e-10,26,0.6236331481076544
41,0.1,recommended_solve,1e-10,27,0.6235653790176052
41,0.1,recommended_solve,1e-10,28,0.6235514867320536
41,0.1,recommended_solve,1e-10,29,0.6235425822724397
41,0.1,recommended_solve,1e-10,30,0.6234926811121945
41,0.1,recommended_solve,1e-10,31,0.6234808034192927
41,0.1,recommended_solve,1e-10,32,0.6234767108977828
41,0.1,recommended_solve,1e-10,33,0.6234627803581122
41,0.1,recommended_solve,1e-10,34,0.6234429008864044
41,0.1,recommended_solve,1e-10,35,0.6234322547118182
41,0.1,recommended_solve,1e-10,36,0.6234237344431458
41,0.1,recommended_solve,1e-10,37,0.6234219201844455
41,0.1,recommended_solve,1e-10,38,0.6234175919124495
41,0.1,recommended_solve,1e-10,39,0.623411513301847
41,0.1,recommended_solve,1e-10,40,0.6233500574648307
41,0.1,recommended_solve,1e-10,41,0.6233495548916861
41,0.1,recommended_solve,1e-10,42,0.6233466312626761
41,0.1,recommended_solve,1e-10,43,0.6232783478529285
41,0.1,recommended_solve,1e-10,44,0.6232676307621844
41,0.1,recommended_solve,1e-10,45,0.6232561668914599
41,0.1,recommended_solve,1e-10,46,0.6232501154431226
41,0.1,recommended_solve,1e-10,47,0.6232059727810252
41,0.1,recommended_solve,1e-10,48,0.6231855561323416
41,0.1,recommended_solve,1e-10,49,0.6231455977339977
41,0.1,recommended_solve,1e-10,50,0.6231133519204576
41,0.1,recommended_solve,1e-10,51,0.6231064011161059
41,0.1,recommended_solve,1e-10,52,0.6230463675773167
41,0.1,recommended_solve,1e-10,53,0.6229627390378694
41,0.1,recommended_solve,1e-10,54,0.6225677913515429
41,0.1,recommended_solve,1e-10,55,0.6221040092363218
41,0.1,recommended_solve,1e-10,56,0.6203514878066915
41,0.1,recommended_solve,1e-10,57,0.6187827515927826
41,0.1,recommended_solve,1e-10,58,0.6143629082905203
41,0.1,recommended_solve,1e-10,59,0.6101281860262655
41,0.1,recommended_solve,1e-10,60,0.603278287904592
41,0.1,recommended_solve,1e-10,61,0.5982523991696413
41,0.1,recommended_solve,1e-10,62,0.593589418436116
41,0.1,recommended_solve,1e-10,63,0.5912583575524399
41,0.1,recommended_solve,1e-10,64,0.5888503308487707
41,0.1,recommended_solve,1e-10,65,0.5869632445761094
41,0.1,recommended_solve,1e-10,66,0.5830942675869227
41,0.1,recommended_solve,1e-10,67,0.5788492961238999
41,0.1,recommended_solve,1e-10,68,0.5689665245860708
41,0.1,recommended_solve,1e-10,69,0.560917622344537
41,0.1,recommended_solve,1e-10,70,0.5508676772049141
41,0.1,recommended_solve,1e-10,71,0.5436463244896662
41,0.1,recommended_solve,1e-10,72,0.536298782638493
41,0.1,recommended_solve,1e-10,73,0.5334226427405893
41,0.1,recommended_solve,1e-10,74,0.5323392193704948
41,0.1,recommended_solve,1e-10,75,0.5314826606844021
41,0.1,recommended_solve,1e-10,76,0.531171092271504
41,0.1,recommended_solve,1e-10,77,0.5310039015779212
41,0.1,recommended_solve,1e-10,78,0.5307910634959446
41,0.1,recommended_solve,1e-10,79,0.5305285597321955
41,0.1,recommended_solve,1e-10,80,0.5303154088465851
41,0.1,recommended_solve,1e-10,81,0.530204684977734
41,0.1,recommended_solve,1e-10,82,0.5301178203803311
41,0.1,recommended_solve,1e-10,83,0.5299039781017396
41,0.1,recommended_solve,1e-10,84,0.5298478935909703
41,0.1,recommended_solve,1e-10,85,0.529773999972859
41,0.1,recommended_solve,1e-10,86,0.5296961973070486
41,0.1,recommended_solve,1e-10,87,0.5296640325536104
41,0.1,recommended_solve,1e-10,88,0.5296269491628769
41,0.1,recommended_solve,1e-10,89,0.5295816054973563
41,0.1,recommended_solve,1e-10,90,0.5294833228000936
41,0.1,recommended_solve,1e-10,91,0.5294642697517589
41,0.1,recommended_solve,1e-10,92,0.5294337037206348
41,0.1,recommended_solve,1e-10,93,0.5294172514238765
41,0.1,recommended_solve,1e-10,94,0.5293877610231562
41,0.1,recommended_solve,1e-10,95,0.5293876590304211
41,0.1,recommended_solve,1e-10,96,0.5293700847805614
41,0.1,recommended_solve,1e-10,97,0.529368281042434
41,0.1,recommended_solve,1e-10,98,0.529361849189949
41,0.1,recommended_solve,1e-10,99,0.5293615483535381
41,0.1,recommended_solve,1e-10,100,0.529354697512131
41,0.1,recommended_solve,1e-10,101,0.5293544884439487
41,0.1,recommended_solve,1e-10,102,0.5293542140365813
41,0.1,recommended_solve,1e-10,103,0.5293530974678439
41,0.1,recommended_solve,1e-10,104,0.5293509716319841
41,0.1,recommended_solve,1e-10,105,0.52934416972845
41,0.1,recommended_solve,1e-10,106,0.5293358175252542
41,0.1,recommended_solve,1e-10,107,0.5293351316312758
41,0.1,recommended_solve,1e-10,108,0.52930184661312
41,0.1,recommended_solve,1e-10,109,0.5293018429822787
41,0.1,recommended_solve,1e-10,110,0.5293015032850134
41,0.1,recommended_solve,1e-10,111,0.5292999894075313
41,0.1,recommended_solve,1e-10,112,0.5292982058097584
41,0.1,recommended_solve,1e-10,113,0.5292878610800397
41,0.1,recommended_solve,1e-10,114,0.5292789397817683
41,0.1,recommended_solve,1e-10,115,0.5292738439055215
41,0.1,recommended_solve,1e-10,116,0.5292708318487234
41,0.1,recommended_solve,1e-10,117,0.5292529302378941
41,0.1,recommended_solve,1e-10,118,0.5292520547159713
41,0.1,recommended_solve,1e-10,119,0.5292493342420019
41,0.1,recommended_solve,1e-10,120,0.5292440200134866
41,0.1,recommended_solve,1e-10,121,0.5292439826409093
41,0.1,recommended_solve,1e-10,122,0.5292285479122185
41,0.1,recommended_solve,1e-10,123,0.529225032333024
41,0.1,recommended_solve,1e-10,124,0.5292229161482576
41,0.1,recommended_solve,1e-10,125,0.5291777515108684
41,0.1,recommended_solve,1e-10,126,0.529173080290848
41,0.1,recommended_solve,1e-10,127,0.529148966711485
41,0.1,recommended_solve,1e-10,128,0.529137487816218
41,0.1,recommended_solve,1e-10,129,0.5290978351481923
41,0.1,recommended_solve,1e-10,130,0.5290910428510528
41,0.1,recommended_solve,1e-10,131,0.5290146594214721
41,0.1,recommended_solve,1e-10,132,0.5289334205492623
41,0.1,recommended_solve,1e-10,133,0.5285388655072017
41,0.1,recommended_solve,1e-10,134,0.5281414441522735
41,0.1,recommended_solve,1e-10,135,0.5272735327533763
41,0.1,recommended_solve,1e-10,136,0.5265528429721174
41,0.1,recommended_solve,1e-10,137,0.5255076089428509
41,0.1,recommended_solve,1e-10,138,0.5244368757097738
41,0.1,recommended_solve,1e-10,139,0.5224733433568949
41,0.1,recommended_solve,1e-10,140,0.5203496925420649
41,0.1,recommended_solve,1e-10,141,0.5171992705889903
41,0.1,recommended_solve,1e-10,142,0.5146012806904493
41,0.1,recommended_solve,1e-10,143,0.5107032559822594
41,0.1,recommended_solve,1e-10,144,0.5046244361300348
41,0.1,recommended_solve,1e-10,145,0.4937299160026212
41,0.1,recommended_solve,1e-10,146,0.4859253114891308
41,0.1,recommended_solve,1e-10,147,0.4787884587643884
41,0.1,recommended_solve,1e-10,148,0.4749752767076068
41,0.1,recommended_solve,1e-10,149,0.47251154687080493
41,0.1,recommended_solve,1e-10,150,0.4716063732509268
41,0.1,recommended_solve,1e-10,151,0.4709105000255342
41,0.1,recommended_solve,1e-10,152,0.4707181839688158
41,0.1,recommended_solve,1e-10,153,0.4702352444714836
41,0.1,recommended_solve,1e-10,154,0.4698893751996227
41,0.1,recommended_solve,1e-10,155,0.46951528151368793
41,0.1,recommended_solve,1e-10,156,0.46933751041891303
41,0.1,recommended_solve,1e-10,157,0.4690657496495383
41,0.1,recommended_solve,1e-10,158,0.4689054168758859
41,0.1,recommended_solve,1e-10,159,0.4688145567053325
41,0.1,recommended_solve,1e-10,160,0.46876541722854875
41,0.1,recommended_solve,1e-10,161,0.46871326245255773
41,0.1,recommended_solve,1e-10,162,0.46863233682596606
41,0.1,recommended_solve,1e-10,163,0.4685904780378234
41,0.1,recommended_solve,1e-10,164,0.46855055891989233
41,0.1,recommended_solve,1e-10,165,0.4685505425832494
41,0.1,recommended_solve,1e-10,166,0.46854407520274804
41,0.1,recommended_solve,1e-10,167,0.468544061349215
41,0.1,recommended_solve,1e-10,168,0.46847747002016116
41,0.1,recommended_solve,1e-10,169,0.46846931989985485
41,0.1,recommended_solve,1e-10,170,0.4684508792109387
41,0.1,recommended_solve,1e-10,171,0.468449740507181
41,0.1,recommended_solve,1e-10,172,0.46844143373660563
41,0.1,recommended_solve,1e-10,173,0.468436595691386
41,0.1,recommended_solve,1e-10,174,0.46843311689006417
41,0.1,recommended_solve,1e-10,175,0.46843292746207266
41,0.1,recommended_solve,1e-10,176,0.4684291635602203
41,0.1,recommended_solve,1e-10,177,0.46842216457087854
41,0.1,recommended_solve,1e-10,178,0.4684214025786463
41,0.1,recommended_solve,1e-10,179,0.4684190272044439
41,0.1,recommended_solve,1e-10,180,0.46841151498088746
41,0.1,recommended_solve,1e-10,181,0.46840594762095905
41,0.1,recommended_solve,1e-10,182,0.4684029984809146
41,0.1,recommended_solve,1e-10,183,0.4684023989874015
41,0.1,recommended_solve,1e-10,184,0.46839729666464575
41,0.1,recommended_solve,1e-10,185,0.4683970298197141
41,0.1,recommended_solve,1e-10,186,0.46839113951644995
41,0.1,recommended_solve,1e-10,187,0.4683856864583903
41,0.1,recommended_solve,1e-10,188,0.4683716519003011
41,0.1,recommended_solve,1e-10,189,0.4683668069983682
41,0.1,recommended_solve,1e-10,190,0.4683662832414404
41,0.1,recommended_solve,1e-10,191,0.46836580420456186
41,0.1,recommended_solve,1e-10,192,0.468364563680025
41,0.1,recommended_solve,1e-10,193,0.4683640905826545
41,0.1,recommended_solve,1e-10,194,0.4683638804970705
41,0.1,recommended_solve,1e-10,195,0.4683623554372197
41,0.1,recommended_solve,1e-10,196,0.4683590138894408
41,0.1,recommended_solve,1e-10,197,0.46835449694495895
41,0.1,recommended_solve,1e-10,198,0.4683543778419469
41,0.1,recommended_solve,1e-10,199,0.4683512604721612
41,0.1,recommended_solve,1e-10,200,0.46834753712913996
41,0.1,recommended_solve,1e-10,201,0.46833748854017315
41,0.1,recommended_solve,1e-10,202,0.46833516578129214
41,0.1,recommended_solve,1e-10,203,0.46832940597637257
41,0.1,recommended_solve,1e-10,204,0.468329140116706
41,0.1,recommended_solve,1e-10,205,0.4683234540731921
41,0.1,recommended_solve,1e-10,206,0.4683187059473798
41,0.1,recommended_solve,1e-10,207,0.4682980797937926
41,0.1,recommended_solve,1e-10,208,0.46824158545048
41,0.1,recommended_solve,1e-10,209,0.4682401076622977
41,0.1,recommended_solve,1e-10,210,0.46815504573609856
41,0.1,recommended_solve,1e-10,211,0.4679558918868184
41,0.1,recommended_solve,1e-10,212,0.4674743723859918
41,0.1,recommended_solve,1e-10,213,0.4668081581576434
41,0.1,recommended_solve,1e-10,214,0.4660889932169597
41,0.1,recommended_solve,1e-10,215,0.4646279064118771
41,0.1,recommended_solve,1e-10,216,0.46201172961308945
41,0.1,recommended_solve,1e-10,217,0.4567325919110732
41,0.1,recommended_solve,1e-10,218,0.44847440903231434
41,0.1,recommended_solve,1e-10,219,0.4406761861105029
41,0.1,recommended_solve,1e-10,220,0.4336232298805974
41,0.1,recommended_solve,1e-10,221,0.42951406046984136
41,0.1,recommended_solve,1e-10,222,0.4261087863893951
41,0.1,recommended_solve,1e-10,223,0.4246013381002848
41,0.1,recommended_solve,1e-10,224,0.42385271427157084
41,0.1,recommended_solve,1e-10,225,0.4236726193440248
41,0.1,recommended_solve,1e-10,226,0.42353017595611814
41,0.1,recommended_solve,1e-10,227,0.42352719958483587
41,0.1,recommended_solve,1e-10,228,0.4234951132187086
41,0.1,recommended_solve,1e-10,229,0.42348877113659367
41,0.1,recommended_solve,1e-10,230,0.42344553744379143
41,0.1,recommended_solve,1e-10,231,0.42344174762380776
41,0.1,recommended_solve,1e-10,232,0.42344153753812314
41,0.1,recommended_solve,1e-10,233,0.4234396958921287
41,0.1,recommended_solve,1e-10,234,0.4234383126466713
41,0.1,recommended_solve,1e-10,235,0.42343553643384346
41,0.1,recommended_solve,1e-10,236,0.4234325770935991
41,0.1,recommended_solve,1e-10,237,0.42343230656000175
41,0.1,recommended_solve,1e-10,238,0.4234322162940502
41,0.1,recommended_solve,1e-10,239,0.4234278893273973
41,0.1,recommended_solve,1e-10,240,0.42342262984616735
41,0.1,recommended_solve,1e-10,241,0.4234104969746412
41,0.1,recommended_solve,1e-10,242,0.4234103084894792
41,0.1,recommended_solve,1e-10,243,0.42340873411459495
41,0.1,recommended_solve,1e-10,244,0.4234085861517621
41,0.1,recommended_solve,1e-10,245,0.4234038701671249
41,0.1,recommended_solve,1e-10,246,0.423401380372292
41,0.1,recommended_solve,1e-10,247,0.42340119485271366
41,0.1,recommended_solve,1e-10,248,0.4234001423068127
41,0.1,recommended_solve,1e-10,249,0.42339971137805166
41,0.1,recommended_solve,1e-10,250,0.4233923890587182
41,0.1,recommended_solve,1e-10,251,0.4233895746145704
41,0.1,recommended_solve,1e-10,252,0.42338781836064426
41,0.1,recommended_solve,1e-10,253,0.4233780077222211
41,0.1,recommended_solve,1e-10,254,0.42336764335578875
41,0.1,recommended_solve,1e-10,255,0.4233407431145605
41,0.1,recommended_solve,1e-10,256,0.42330131128791215
41,0.1,recommended_solve,1e-10,257,0.4232145930761519
41,0.1,recommended_solve,1e-10,258,0.4229911457961512
41,0.1,recommended_solve,1e-10,259,0.42257363984691054
41,0.1,recommended_solve,1e-10,260,0.4219420896090607
41,0.1,recommended_solve,1e-10,261,0.4207629271177013
41,0.1,recommended_solve,1e-10,262,0.41859004276810396
41,0.1,recommended_solve,1e-10,263,0.41468993722468134
41,0.1,recommended_solve,1e-10,264,0.40887151167053826
41,0.1,recommended_solve,1e-10,265,0.4026516013473728
41,0.1,recommended_solve,1e-10,266,0.39782509838778884
41,0.1,recommended_solve,1e-10,267,0.39527930457293514
41,0.1,recommended_solve,1e-10,268,0.39422851568144646
41,0.1,recommended_solve,1e-10,269,0.39374529146900594
41,0.1,recommended_solve,1e-10,270,0.3933262522133445
41,0.1,recommended_solve,1e-10,271,0.39317715092320366
41,0.1,recommended_solve,1e-10,272,0.3931033615624276
41,0.1,recommended_solve,1e-10,273,0.393079498706556
41,0.1,recommended_solve,1e-10,274,0.3930525302721372
41,0.1,recommended_solve,1e-10,275,0.3930473577695144
41,0.1,recommended_solve,1e-10,276,0.3930143674962186
41,0.1,recommended_solve,1e-10,277,0.39301320519905725
41,0.1,recommended_solve,1e-10,278,0.3930124014654818
41,0.1,recommended_solve,1e-10,279,0.3930122563667672
41,0.1,recommended_solve,1e-10,280,0.3930055401490974
41,0.1,recommended_solve,1e-10,281,0.39300170131502343
41,0.1,recommended_solve,1e-10,282,0.3930002743150535
41,0.1,recommended_solve,1e-10,283,0.3930001730211363
41,0.1,recommended_solve,1e-10,284,0.39299999761223336
41,0.1,recommended_solve,1e-10,285,0.3929997752819332
41,0.1,recommended_solve,1e-10,286,0.3929987345631642
41,0.1,recommended_solve,1e-10,287,0.39298008981903887
41,0.1,recommended_solve,1e-10,288,0.39297782515972524
41,0.1,recommended_solve,1e-10,289,0.3929706899443332
41,0.1,recommended_solve,1e-10,290,0.39296907570733686
41,0.1,recommended_solve,1e-10,291,0.3929677872707303
41,0.1,recommended_solve,1e-10,292,0.392967785914312
41,0.1,recommended_solve,1e-10,293,0.3929663206868719
41,0.1,recommended_solve,1e-10,294,0.39296606901877784
41,0.1,recommended_solve,1e-10,295,0.39296522924534144
41,0.1,recommended_solve,1e-10,296,0.39296504194448856
41,0.1,recommended_solve,1e-10,297,0.39295555637800045
41,0.1,recommended_solve,1e-10,298,0.3929325192790275
41,0.1,recommended_solve,1e-10,299,0.3929211033815266
41,0.1,recommended_solve,1e-10,300,0.39288063923094124
41,0.1,recommended_solve,1e-08,0,1.0
41,0.1,recommended_solve,1e-08,1,0.6264424051361829
41,0.1,recommended_solve,1e-08,2,0.6263911158024706
41,0.1,recommended_solve,1e-08,3,0.6252496654199354
41,0.1,recommended_solve,1e-08,4,0.6245920166073065
41,0.1,recommended_solve,1e-08,5,0.6244984131554627
41,0.1,recommended_solve,1e-08,6,0.6242215520421158
41,0.1,recommended_solve,1e-08,7,0.6241266485141
41,0.1,recommended_solve,1e-08,8,0.6241265818059845
41,0.1,recommended_solve,1e-08,9,0.6238183590861861
41,0.1,recommended_solve,1e-08,10,0.6238097224184013
41,0.1,recommended_solve,1e-08,11,0.6237986649318623
41,0.1,recommended_solve,1e-08,12,0.6237552984389083
41,0.1,recommended_solve,1e-08,13,0.6237536409183703
41,0.1,recommended_solve,1e-08,14,0.6237519052344089
41,0.1,recommended_solve,1e-08,15,0.6237425135946599
41,0.1,recommended_solve,1e-08,16,0.6236607951659646
41,0.1,recommended_solve,1e-08,17,0.6236046127971938
41,0.1,recommended_solve,1e-08,18,0.6235850523148889
41,0.1,recommended_solve,1e-08,19,0.6234462767060992
41,0.1,recommended_solve,1e-08,20,0.6233439501537592
41,0.1,recommended_solve,1e-08,21,0.6232753587686778
41,0.1,recommended_solve,1e-08,22,0.6231885465351682
41,0.1,recommended_solve,1e-08,23,0.6227359658934597
41,0.1,recommended_solve,1e-08,24,0.6224922216960527
41,0.1,recommended_solve,1e-08,25,0.6221653484668871
41,0.1,recommended_solve,1e-08,26,0.6215691511293017
41,0.1,recommended_solve,1e-08,27,0.6205673635176923
41,0.1,recommended_solve,1e-08,28,0.6200299575139716
41,0.1,recommended_solve,1e-08,29,0.619552045390681
41,0.1,recommended_solve,1e-08,30,0.6176741397763441
41,0.1,recommended_solve,1e-08,31,0.6160598128496059
41,0.1,recommended_solve,1e-08,32,0.6134332649816107
41,0.1,recommended_solve,1e-08,33,0.6091016661286807
41,0.1,recommended_solve,1e-08,34,0.6007840344113192
41,0.1,recommended_solve,1e-08,35,0.5933764527040701
41,0.1,recommended_solve,1e-08,36,0.5824154724059764
41,0.1,recommended_solve,1e-08,37,0.5696639549072959
41,0.1,recommended_solve,1e-08,38,0.5585296142118751
41,0.1,recommended_solve,1e-08,39,0.5525469099238437
41,0.1,recommended_solve,1e-08,40,0.5470763432885156
41,0.1,recommended_solve,1e-08,41,0.545262414589271
41,0.1,recommended_solve,1e-08,42,0.5431246293112735
41,0.1,recommended_solve,1e-08,43,0.5407703701779911
41,0.1,recommended_solve,1e-08,44,0.539075908917603
41,0.1,recommended_solve,1e-08,45,0.5378316447662788
41,0.1,recommended_solve,1e-08,46,0.5365652893254186
41,0.1,recommended_solve,1e-08,47,0.5350514688820581
41,0.1,recommended_solve,1e-08,48,0.5340129084786015
41,0.1,recommended_solve,1e-08,49,0.5333264284027277
41,0.1,recommended_solve,1e-08,50,0.5327941564406773
41,0.1,recommended_solve,1e-08,51,0.5325356348057079
41,0.1,recommended_solve,1e-08,52,0.5319166242749651
41,0.1,recommended_solve,1e-08,53,0.5313491462825638
41,0.1,recommended_solve,1e-08,54,0.5305308188525153
41,0.1,recommended_solve,1e-08,55,0.5301153258639809
41,0.1,recommended_solve,1e-08,56,0.5295520164803866
41,0.1,recommended_solve,1e-08,57,0.5294524728711733
41,0.1,recommended_solve,1e-08,58,0.5292964225369483
41,0.1,recommended_solve,1e-08,59,0.529296402566953
41,0.1,recommended_solve,1e-08,60,0.529252189625118
41,0.1,recommended_solve,1e-08,61,0.5292506176441277
41,0.1,recommended_solve,1e-08,62,0.5292224562726245
41,0.1,recommended_solve,1e-08,63,0.5292216705258099
41,0.1,recommended_solve,1e-08,64,0.529218431670762
41,0.1,recommended_solve,1e-08,65,0.5292116500693446
41,0.1,recommended_solve,1e-08,66,0.5291661159318232
41,0.1,recommended_solve,1e-08,67,0.5291587334207865
41,0.1,recommended_solve,1e-08,68,0.529135371342493
41,0.1,recommended_solve,1e-08,69,0.5291205469269381
41,0.1,recommended_solve,1e-08,70,0.5290771991310409
41,0.1,recommended_solve,1e-08,71,0.5290733265841066
41,0.1,recommended_solve,1e-08,72,0.5290459856547486
41,0.1,recommended_solve,1e-08,73,0.5290163654917542
41,0.1,recommended_solve,1e-08,74,0.5290133817050445
41,0.1,recommended_solve,1e-08,75,0.5289820778425615
41,0.1,recommended_solve,1e-08,76,0.5289743417603193
41,0.1,recommended_solve,1e-08,77,0.5289351697700462
41,0.1,recommended_solve,1e-08,78,0.5288302168366251
41,0.1,recommended_solve,1e-08,79,0.5285091557709235
41,0.1,recommended_solve,1e-08,80,0.5281774906218809
41,0.1,recommended_solve,1e-08,81,0.5278683084938189
41,0.1,recommended_solve,1e-08,82,0.5271891004848656
41,0.1,recommended_solve,1e-08,83,0.5263791456617206
41,0.1,recommended_solve,1e-08,84,0.5255513704565505
41,0.1,recommended_solve,1e-08,85,0.5243836413897658
41,0.1,recommended_solve,1e-08,86,0.523026378518052
41,0.1,recommended_solve,1e-08,87,0.5212844285074724
41,0.1,recommended_solve,1e-08,88,0.5188754383642754
41,0.1,recommended_solve,1e-08,89,0.5160657742337925
41,0.1,recommended_solve,1e-08,90,0.5135416069146385
41,0.1,recommended_solve,1e-08,91,0.5113764969543106
41,0.1,recommended_solve,1e-08,92,0.5086853750245746
41,0.1,recommended_solve,1e-08,93,0.5064669542661424
41,0.1,recommended_solve,1e-08,94,0.5043286653772383
41,0.1,recommended_solve,1e-08,95,0.5028266878081269
41,0.1,recommended_solve,1e-08,96,0.5005671674182108
41,0.1,recommended_solve,1e-08,97,0.49790913100908585
41,0.1,recommended_solve,1e-08,98,0.4917311669492839
41,0.1,recommended_solve,1e-08,99,0.48873016810748
41,0.1,recommended_solve,1e-08,100,0.4858930414826899
41,0.1,recommended_solve,1e-08,101,0.4831014637546496
41,0.1,recommended_solve,1e-08,102,0.4793744983401018
41,0.1,recommended_solve,1e-08,103,0.4768249475719244
41,0.1,recommended_solve,1e-08,104,0.4750274824950911
41,0.1,recommended_solve,1e-08,105,0.47336054184203913
41,0.1,recommended_solve,1e-08,106,0.47200417720957677
41,0.1,recommended_solve,1e-08,107,0.4713539938642013
41,0.1,recommended_solve,1e-08,108,0.47047992218667495
41,0.1,recommended_solve,1e-08,109,0.4700650638670848
41,0.1,recommended_solve,1e-08,110,0.46946118878797144
41,0.1,recommended_solve,1e-08,111,0.4692420158418726
41,0.1,recommended_solve,1e-08,112,0.4690555948053265
41,0.1,recommended_solve,1e-08,113,0.46894924015289463
41,0.1,recommended_solve,1e-08,114,0.46885277397764913
41,0.1,recommended_solve,1e-08,115,0.46875334836940385
41,0.1,recommended_solve,1e-08,116,0.4686393107231632
41,0.1,recommended_solve,1e-08,117,0.46852987110265176
41,0.1,recommended_solve,1e-08,118,0.4684414463245892
41,0.1,recommended_solve,1e-08,119,0.4683833517275941
41,0.1,recommended_solve,1e-08,120,0.46838053867863744
41,0.1,recommended_solve,1e-08,121,0.4683591716745453
41,0.1,recommended_solve,1e-08,122,0.46834560515843326
41,0.1,recommended_solve,1e-08,123,0.4683449073487338
41,0.1,recommended_solve,1e-08,124,0.4683353689975759
41,0.1,recommended_solve,1e-08,125,0.46833349968704846
41,0.1,recommended_solve,1e-08,126,0.4683170005240555
41,0.1,recommended_solve,1e-08,127,0.46831410237999554
41,0.1,recommended_solve,1e-08,128,0.46829954839364774
41,0.1,recommended_solve,1e-08,129,0.46828442249281355
41,0.1,recommended_solve,1e-08,130,0.46828298830961046
41,0.1,recommended_solve,1e-08,131,0.4682733955161219
41,0.1,recommended_solve,1e-08,132,0.46824262648180054
41,0.1,recommended_solve,1e-08,133,0.4681015043040894
41,0.1,recommended_solve,1e-08,134,0.46807410434691993
41,0.1,recommended_solve,1e-08,135,0.4680404174605704
41,0.1,recommended_solve,1e-08,136,0.4679467038031199
41,0.1,recommended_solve,1e-08,137,0.4676174466893289
41,0.1,recommended_solve,1e-08,138,0.4672825437885575
41,0.1,recommended_solve,1e-08,139,0.4665872540366321
41,0.1,recommended_solve,1e-08,140,0.46537536638945703
41,0.1,recommended_solve,1e-08,141,0.46378982788626927
41,0.1,recommended_solve,1e-08,142,0.46231484539621304
41,0.1,recommended_solve,1e-08,143,0.45919145977786746
41,0.1,recommended_solve,1e-08,144,0.45491507235000206
41,0.1,recommended_solve,1e-08,145,0.45063417404595896
41,0.1,recommended_solve,1e-08,146,0.4481360193189379
41,0.1,recommended_solve,1e-08,147,0.44474330275138096
41,0.1,recommended_solve,1e-08,148,0.44234803577743415
41,0.1,recommended_solve,1e-08,149,0.43895722688722694
41,0.1,recommended_solve,1e-08,150,0.4357541572840178
41,0.1,recommended_solve,1e-08,151,0.4312687392266617
41,0.1,recommended_solve,1e-08,152,0.427758545040252
41,0.1,recommended_solve,1e-08,153,0.4256379546926969
41,0.1,recommended_solve,1e-08,154,0.4244550782511657
41,0.1,recommended_solve,1e-08,155,0.42396340335857874
41,0.1,recommended_solve,1e-08,156,0.4237155245222299
41,0.1,recommended_solve,1e-08,157,0.4236055571397245
41,0.1,recommended_solve,1e-08,158,0.423576189326708
41,0.1,recommended_solve,1e-08,159,0.42350440914752385
41,0.1,recommended_solve,1e-08,160,0.4234613385717428
41,0.1,recommended_solve,1e-08,161,0.42344166256952115
41,0.1,recommended_solve,1e-08,162,0.4233846910593714
41,0.1,recommended_solve,1e-08,163,0.42333084149514233
41,0.1,recommended_solve,1e-08,164,0.42333047452157463
41,0.1,recommended_solve,1e-08,165,0.4233294174282825
41,0.1,recommended_solve,1e-08,166,0.4233213781413723
41,0.1,recommended_solve,1e-08,167,0.4233134272942213
41,0.1,recommended_solve,1e-08,168,0.4232964627261263
41,0.1,recommended_solve,1e-08,169,0.4232947081265634
41,0.1,recommended_solve,1e-08,170,0.42328822173568287
41,0.1,recommended_solve,1e-08,171,0.4232800030384701
41,0.1,recommended_solve,1e-08,172,0.4232794966391061
41,0.1,recommended_solve,1e-08,173,0.4232731209331599
41,0.1,recommended_solve,1e-08,174,0.4232731127149325
41,0.1,recommended_solve,1e-08,175,0.4232497599310802
41,0.1,recommended_solve,1e-08,176,0.4232299634578399
41,0.1,recommended_solve,1e-08,177,0.4232061520769597
41,0.1,recommended_solve,1e-08,178,0.42319658113381775
41,0.1,recommended_solve,1e-08,179,0.42318664161344244
41,0.1,recommended_solve,1e-08,180,0.4231671833815047
41,0.1,recommended_solve,1e-08,181,0.42313523433996
41,0.1,recommended_solve,1e-08,182,0.42313458935003545
41,0.1,recommended_solve,1e-08,183,0.42309317336599805
41,0.1,recommended_solve,1e-08,184,0.4230530550717333
41,0.1,recommended_solve,1e-08,185,0.4229599090881844
41,0.1,recommended_solve,1e-08,186,0.4229058963110663
41,0.1,recommended_solve,1e-08,187,0.42286797510149404
41,0.1,recommended_solve,1e-08,188,0.42274217953542137
41,0.1,recommended_solve,1e-08,189,0.4225627034449787
41,0.1,recommended_solve,1e-08,190,0.4223500426570022
41,0.1,recommended_solve,1e-08,191,0.4219467428941462
41,0.1,recommended_solve,1e-08,192,0.42112486257257165
41,0.1,recommended_solve,1e-08,193,0.42025142001233307
41,0.1,recommended_solve,1e-08,194,0.4193476567209603
41,0.1,recommended_solve,1e-08,195,0.41794052484729827
41,0.1,recommended_solve,1e-08,196,0.4171039415258165
41,0.1,recommended_solve,1e-08,197,0.4163753954995222
41,0.1,recommended_solve,1e-08,198,0.41573080684759145
41,0.1,recommended_solve,1e-08,199,0.414727574316917
41,0.1,recommended_solve,1e-08,200,0.41329781504757407
41,0.1,recommended_solve,1e-08,201,0.4121055271751319
41,0.1,recommended_solve,1e-08,202,0.4099644599815422
41,0.1,recommended_solve,1e-08,203,0.40718111210462915
41,0.1,recommended_solve,1e-08,204,0.40423034720197554
41,0.1,recommended_solve,1e-08,205,0.401446210183902
41,0.1,recommended_solve,1e-08,206,0.40011970775772365
41,0.1,recommended_solve,1e-08,207,0.3991767887029953
41,0.1,recommended_solve,1e-08,208,0.39843716118180955
41,0.1,recommended_solve,1e-08,209,0.39774970228759576
41,0.1,recommended_solve,1e-08,210,0.39662191943806413
41,0.1,recommended_solve,1e-08,211,0.39606799842614143
41,0.1,recommended_solve,1e-08,212,0.39496338741140613
41,0.1,recommended_solve,1e-08,213,0.3944199816399013
41,0.1,recommended_solve,1e-08,214,0.3936806226950795
41,0.1,recommended_solve,1e-08,215,0.3933376074562282
41,0.1,recommended_solve,1e-08,216,0.3930046973692505
41,0.1,recommended_solve,1e-08,217,0.39291941361586546
41,0.1,recommended_solve,1e-08,218,0.3928567030951672
41,0.1,recommended_solve,1e-08,219,0.39283631919165485
41,0.1,recommended_solve,1e-08,220,0.3928089513462314
41,0.1,recommended_solve,1e-08,221,0.3927893357988436
41,0.1,recommended_solve,1e-08,222,0.39278763482471213
41,0.1,recommended_solve,1e-08,223,0.3927876173754131
41,0.1,recommended_solve,1e-08,224,0.3927859384825859
41,0.1,recommended_solve,1e-08,225,0.39278588001876324
41,0.1,recommended_solve,1e-08,226,0.39277336073963304
41,0.1,recommended_solve,1e-08,227,0.3927708155653817
41,0.1,recommended_solve,1e-08,228,0.3927703487669453
41,0.1,recommended_solve,1e-08,229,0.3927532189362092
41,0.1,recommended_solve,1e-08,230,0.39275263919248965
41,0.1,recommended_solve,1e-08,231,0.39272436792927873
41,0.1,recommended_solve,1e-08,232,0.39263194339821894
41,0.1,recommended_solve,1e-08,233,0.3923571216789952
41,0.1,recommended_solve,1e-08,234,0.39182678170637003
41,0.1,recommended_solve,1e-08,235,0.3907847842023379
41,0.1,recommended_solve,1e-08,236,0.3894549586257344
41,0.1,recommended_solve,1e-08,237,0.38834489383609794
41,0.1,recommended_solve,1e-08,238,0.3869166139807946
41,0.1,recommended_solve,1e-08,239,0.38497043280558324
41,0.1,recommended_solve,1e-08,240,0.381469506598705
41,0.1,recommended_solve,1e-08,241,0.37678901944726173
41,0.1,recommended_solve,1e-08,242,0.3724092081675254
41,0.1,recommended_solve,1e-08,243,0.3695333060724686
41,0.1,recommended_solve,1e-08,244,0.36770021114121637
41,0.1,recommended_solve,1e-08,245,0.3665746269684155
41,0.1,recommended_solve,1e-08,246,0.36608217142511673
41,0.1,recommended_solve,1e-08,247,0.3659221973737435
41,0.1,recommended_solve,1e-08,248,0.3658271686372992
41,0.1,recommended_solve,1e-08,249,0.3658137392827197
41,0.1,recommended_solve,1e-08,250,0.36579329146620504
41,0.1,recommended_solve,1e-08,251,0.3657789754021752
41,0.1,recommended_solve,1e-08,252,0.36577562962033017
41,0.1,recommended_solve,1e-08,253,0.36576859293015296
41,0.1,recommended_solve,1e-08,254,0.3657661441167127
41,0.1,recommended_solve,1e-08,255,0.3657510635715934
41,0.1,recommended_solve,1e-08,256,0.36574586067572895
41,0.1,recommended_solve,1e-08,257,0.3657336907726668
41,0.1,recommended_solve,1e-08,258,0.36573362637439
41,0.1,recommended_solve,1e-08,259,0.3657306922883342
41,0.1,recommended_solve,1e-08,260,0.3657300709802153
41,0.1,recommended_solve,1e-08,261,0.3657300709687138
41,0.1,recommended_solve,1e-08,262,0.36571287954065035
41,0.1,recommended_solve,1e-08,263,0.3657079303761754
41,0.1,recommended_solve,1e-08,264,0.36565842249017155
41,0.1,recommended_solve,1e-08,265,0.3656053938599306
41,0.1,recommended_solve,1e-08,266,0.36552838823903133
41,0.1,recommended_solve,1e-08,267,0.3653746005653837
41,0.1,recommended_solve,1e-08,268,0.3651707726726215
41,0.1,recommended_solve,1e-08,269,0.3648252360487358
41,0.1,recommended_solve,1e-08,270,0.36411656287181854
41,0.1,recommended_solve,1e-08,271,0.36191727028182885
41,0.1,recommended_solve,1e-08,272,0.3582572958055678
41,0.1,recommended_solve,1e-08,273,0.35363943661329267
41,0.1,recommended_solve,1e-08,274,0.35033106278179826
41,0.1,recommended_solve,1e-08,275,0.3469943661266564
41,0.1,recommended_solve,1e-08,276,0.34525571614600475
41,0.1,recommended_solve,1e-08,277,0.3443295422862664
41,0.1,recommended_solve,1e-08,278,0.3440776892856762
41,0.1,recommended_solve,1e-08,279,0.343877763328091
41,0.1,recommended_solve,1e-08,280,0.34379828048522665
41,0.1,recommended_solve,1e-08,281,0.34375696983100174
41,0.1,recommended_solve,1e-08,282,0.3437360128674836
41,0.1,recommended_solve,1e-08,283,0.3437056146001462
41,0.1,recommended_solve,1e-08,284,0.3437025654157307
41,0.1,recommended_solve,1e-08,285,0.34369775125762403
41,0.1,recommended_solve,1e-08,286,0.3436977420692635
41,0.1,recommended_solve,1e-08,287,0.34368994638354566
41,0.1,recommended_solve,1e-08,288,0.343687658193114
41,0.1,recommended_solve,1e-08,289,0.3436874860949447
41,0.1,recommended_solve,1e-08,290,0.34368523663858086
41,0.1,recommended_solve,1e-08,291,0.34368512199360524
41,0.1,recommended_solve,1e-08,292,0.34367971171952155
41,0.1,recommended_solve,1e-08,293,0.34366410408662124
41,0.1,recommended_solve,1e-08,294,0.3436420704166619
41,0.1,recommended_solve,1e-08,295,0.34354353864166765
41,0.1,recommended_solve,1e-08,296,0.3434102522309158
41,0.1,recommended_solve,1e-08,297,0.34319027314435846
41,0.1,recommended_solve,1e-08,298,0.34250597741572597
41,0.1,recommended_solve,1e-08,299,0.34052352024222016
41,0.1,recommended_solve,1e-08,300,0.33772526812345344
41,0.1,recommended_solve,1e-06,0,1.0
41,0.1,recommended_solve,1e-06,1,0.6264079207182311
41,0.1,recommended_solve,1e-06,2,0.6263567802871669
41,0.1,recommended_solve,1e-06,3,0.6251494174412972
41,0.1,recommended_solve,1e-06,4,0.6241187592055544
41,0.1,recommended_solve,1e-06,5,0.6237036373271015
41,0.1,recommended_solve,1e-06,6,0.622656328344882
41,0.1,recommended_solve,1e-06,7,0.621236604534763
41,0.1,recommended_solve,1e-06,8,0.6195916939479583
41,0.1,recommended_solve,1e-06,9,0.6154983781736397
41,0.1,recommended_solve,1e-06,10,0.6127197121827442
41,0.1,recommended_solve,1e-06,11,0.609474955670832
41,0.1,recommended_solve,1e-06,12,0.6025247207240022
41,0.1,recommended_solve,1e-06,13,0.5953522513080821
41,0.1,recommended_solve,1e-06,14,0.5836796757545223
41,0.1,recommended_solve,1e-06,15,0.5703888391687909
41,0.1,recommended_solve,1e-06,16,0.5521596231617903
41,0.1,recommended_solve,1e-06,17,0.5436077247079028
41,0.1,recommended_solve,1e-06,18,0.5386940103426819
41,0.1,recommended_solve,1e-06,19,0.5349184249065364
41,0.1,recommended_solve,1e-06,20,0.5314781760331964
41,0.1,recommended_solve,1e-06,21,0.5296677552753789
41,0.1,recommended_solve,1e-06,22,0.5282036328186905
41,0.1,recommended_solve,1e-06,23,0.5272241132210713
41,0.1,recommended_solve,1e-06,24,0.5266584940663046
41,0.1,recommended_solve,1e-06,25,0.5262517728228373
41,0.1,recommended_solve,1e-06,26,0.5255481349959985
41,0.1,recommended_solve,1e-06,27,0.5246272132032325
41,0.1,recommended_solve,1e-06,28,0.5240842200074415
41,0.1,recommended_solve,1e-06,29,0.523468371409399
41,0.1,recommended_solve,1e-06,30,0.5215040067045796
41,0.1,recommended_solve,1e-06,31,0.5201065660538978
41,0.1,recommended_solve,1e-06,32,0.5179542745962745
41,0.1,recommended_solve,1e-06,33,0.5157926937614938
41,0.1,recommended_solve,1e-06,34,0.5133995432275651
41,0.1,recommended_solve,1e-06,35,0.5116317423068026
41,0.1,recommended_solve,1e-06,36,0.5088391244025118
41,0.1,recommended_solve,1e-06,37,0.5055006083787509
41,0.1,recommended_solve,1e-06,38,0.5025281682270724
41,0.1,recommended_solve,1e-06,39,0.4987816381265624
41,0.1,recommended_solve,1e-06,40,0.4928418027874512
41,0.1,recommended_solve,1e-06,41,0.4875104311189658
41,0.1,recommended_solve,1e-06,42,0.47864688114108495
41,0.1,recommended_solve,1e-06,43,0.4717926886188974
41,0.1,recommended_solve,1e-06,44,0.46825274462963706
41,0.1,recommended_solve,1e-06,45,0.46602688228195815
41,0.1,recommended_solve,1e-06,46,0.46446938637154217
41,0.1,recommended_solve,1e-06,47,0.4632817892705244
41,0.1,recommended_solve,1e-06,48,0.46266404174072434
41,0.1,recommended_solve,1e-06,49,0.46218620304170255
41,0.1,recommended_solve,1e-06,50,0.4617487651081142
41,0.1,recommended_solve,1e-06,51,0.4614617351468693
41,0.1,recommended_solve,1e-06,52,0.4606221076970013
41,0.1,recommended_solve,1e-06,53,0.45995475047404205
41,0.1,recommended_solve,1e-06,54,0.459071107224333
41,0.1,recommended_solve,1e-06,55,0.45870204002778703
41,0.1,recommended_solve,1e-06,56,0.4579182111772499
41,0.1,recommended_solve,1e-06,57,0.45746833494924527
41,0.1,recommended_solve,1e-06,58,0.4558913684430833
41,0.1,recommended_solve,1e-06,59,0.45469661423682367
41,0.1,recommended_solve,1e-06,60,0.45138289675967513
41,0.1,recommended_solve,1e-06,61,0.44842008763576424
41,0.1,recommended_solve,1e-06,62,0.44421448868694535
41,0.1,recommended_solve,1e-06,63,0.44035673838780764
41,0.1,recommended_solve,1e-06,64,0.4370168930281256
41,0.1,recommended_solve,1e-06,65,0.43524112810808085
41,0.1,recommended_solve,1e-06,66,0.43400228280465475
41,0.1,recommended_solve,1e-06,67,0.4331090722398775
41,0.1,recommended_solve,1e-06,68,0.43190255066048827
41,0.1,recommended_solve,1e-06,69,0.4306637082515691
41,0.1,recommended_solve,1e-06,70,0.4283336065287509
41,0.1,recommended_solve,1e-06,71,0.42500151947674425
41,0.1,recommended_solve,1e-06,72,0.4206264942694768
41,0.1,recommended_solve,1e-06,73,0.41807893568053583
41,0.1,recommended_solve,1e-06,74,0.4157008984058661
41,0.1,recommended_solve,1e-06,75,0.41358657453446185
41,0.1,recommended_solve,1e-06,76,0.4130066380278548
41,0.1,recommended_solve,1e-06,77,0.41259499363768
41,0.1,recommended_solve,1e-06,78,0.4123931127306348
41,0.1,recommended_solve,1e-06,79,0.4121744022101722
41,0.1,recommended_solve,1e-06,80,0.41205725461049253
41,0.1,recommended_solve,1e-06,81,0.4116928135396819
41,0.1,recommended_solve,1e-06,82,0.4113047581522557
41,0.1,recommended_solve,1e-06,83,0.410651953648795
41,0.1,recommended_solve,1e-06,84,0.40926872873160225
41,0.1,recommended_solve,1e-06,85,0.4072868378723771
41,0.1,recommended_solve,1e-06,86,0.4054209019086819
41,0.1,recommended_solve,1e-06,87,0.40291374842521605
41,0.1,recommended_solve,1e-06,88,0.4008097444699237
41,0.1,recommended_solve,1e-06,89,0.3983707762662348
41,0.1,recommended_solve,1e-06,90,0.3969645665085836
41,0.1,recommended_solve,1e-06,91,0.39446772164040067
41,0.1,recommended_solve,1e-06,92,0.3920891540334444
41,0.1,recommended_solve,1e-06,93,0.3903973407820212
41,0.1,recommended_solve,1e-06,94,0.3891150843474459
41,0.1,recommended_solve,1e-06,95,0.38770501208822894
41,0.1,recommended_solve,1e-06,96,0.3864720167984472
41,0.1,recommended_solve,1e-06,97,0.38560663823968294
41,0.1,recommended_solve,1e-06,98,0.3849489662789609
41,0.1,recommended_solve,1e-06,99,0.3844700272867219
41,0.1,recommended_solve,1e-06,100,0.3841984435253843
41,0.1,recommended_solve,1e-06,101,0.3833752660446899
41,0.1,recommended_solve,1e-06,102,0.38273803312407506
41,0.1,recommended_solve,1e-06,103,0.38213833960709775
41,0.1,recommended_solve,1e-06,104,0.38182529230883727
41,0.1,recommended_solve,1e-06,105,0.3812486907657896
41,0.1,recommended_solve,1e-06,106,0.38056128936351424
41,0.1,recommended_solve,1e-06,107,0.38016337202469647
41,0.1,recommended_solve,1e-06,108,0.37967773953159367
41,0.1,recommended_solve,1e-06,109,0.37924706117319457
41,0.1,recommended_solve,1e-06,110,0.37875241032366086
41,0.1,recommended_solve,1e-06,111,0.37847126508878165
41,0.1,recommended_solve,1e-06,112,0.37806712172289336
41,0.1,recommended_solve,1e-06,113,0.37733977934038765
41,0.1,recommended_solve,1e-06,114,0.3766017388703643
41,0.1,recommended_solve,1e-06,115,0.375883907602542
41,0.1,recommended_solve,1e-06,116,0.3751604446606328
41,0.1,recommended_solve,1e-06,117,0.374380142549069
41,0.1,recommended_solve,1e-06,118,0.3733263111700627
41,0.1,recommended_solve,1e-06,119,0.3720449368435846
41,0.1,recommended_solve,1e-06,120,0.37043865946056465
41,0.1,recommended_solve,1e-06,121,0.36668007269217084
41,0.1,recommended_solve,1e-06,122,0.36280514223725463
41,0.1,recommended_solve,1e-06,123,0.36056385567677063
41,0.1,recommended_solve,1e-06,124,0.35889001344011573
41,0.1,recommended_solve,1e-06,125,0.3572425838759637
41,0.1,recommended_solve,1e-06,126,0.3562658656851729
41,0.1,recommended_solve,1e-06,127,0.3552072295083616
41,0.1,recommended_solve,1e-06,128,0.35482614129750467
41,0.1,recommended_solve,1e-06,129,0.3543556390700477
41,0.1,recommended_solve,1e-06,130,0.3540861484393197
41,0.1,recommended_solve,1e-06,131,0.3535082302356296
41,0.1,recommended_solve,1e-06,132,0.35307146945750906
41,0.1,recommended_solve,1e-06,133,0.35277975048766264
41,0.1,recommended_solve,1e-06,134,0.3526330472707615
41,0.1,recommended_solve,1e-06,135,0.3525009043331389
41,0.1,recommended_solve,1e-06,136,0.35233439692763513
41,0.1,recommended_solve,1e-06,137,0.35220541751797724
41,0.1,recommended_solve,1e-06,138,0.351949821746966
41,0.1,recommended_solve,1e-06,139,0.35169467533343823
41,0.1,recommended_solve,1e-06,140,0.3510706794985667
41,0.1,recommended_solve,1e-06,141,0.35008807591386476
41,0.1,recommended_solve,1e-06,142,0.34884186069277817
41,0.1,recommended_solve,1e-06,143,0.3474709111357093
41,0.1,recommended_solve,1e-06,144,0.34644679395727723
41,0.1,recommended_solve,1e-06,145,0.3454945682613029
41,0.1,recommended_solve,1e-06,146,0.34483193346286656
41,0.1,recommended_solve,1e-06,147,0.34350399237135915
41,0.1,recommended_solve,1e-06,148,0.342466156452462
41,0.1,recommended_solve,1e-06,149,0.34125128538036525
41,0.1,recommended_solve,1e-06,150,0.3398661401127372
41,0.1,recommended_solve,1e-06,151,0.33831654674103123
41,0.1,recommended_solve,1e-06,152,0.3366907111805227
41,0.1,recommended_solve,1e-06,153,0.33464463863523164
41,0.1,recommended_solve,1e-06,154,0.33344548790627404
41,0.1,recommended_solve,1e-06,155,0.3324151830148605
41,0.1,recommended_solve,1e-06,156,0.33203278172487927
41,0.1,recommended_solve,1e-06,157,0.3315581167659154
41,0.1,recommended_solve,1e-06,158,0.33138990559547304
41,0.1,recommended_solve,1e-06,159,0.3312454370945411
41,0.1,recommended_solve,1e-06,160,0.3311358855801495
41,0.1,recommended_solve,1e-06,161,0.33091795679625013
41,0.1,recommended_solve,1e-06,162,0.3307111207901246
41,0.1,recommended_solve,1e-06,163,0.3304806991658705
41,0.1,recommended_solve,1e-06,164,0.3302734457837002
41,0.1,recommended_solve,1e-06,165,0.3300166461955582
41,0.1,recommended_solve,1e-06,166,0.3298395781280514
41,0.1,recommended_solve,1e-06,167,0.3294795286371946
41,0.1,recommended_solve,1e-06,168,0.3289684187163146
41,0.1,recommended_solve,1e-06,169,0.328204992956109
41,0.1,recommended_solve,1e-06,170,0.3270929667989203
41,0.1,recommended_solve,1e-06,171,0.32516973476035554
41,0.1,recommended_solve,1e-06,172,0.32314305868574356
41,0.1,recommended_solve,1e-06,173,0.32116110336468473
41,0.1,recommended_solve,1e-06,174,0.31911764951451305
41,0.1,recommended_solve,1e-06,175,0.31731354766310393
41,0.1,recommended_solve,1e-06,176,0.3158192245690072
41,0.1,recommended_solve,1e-06,177,0.3152624008441745
41,0.1,recommended_solve,1e-06,178,0.3149330403844205
41,0.1,recommended_solve,1e-06,179,0.31474412793884876
41,0.1,recommended_solve,1e-06,180,0.3146335774732738
41,0.1,recommended_solve,1e-06,181,0.3145339108586812
41,0.1,recommended_solve,1e-06,182,0.3143603719717387
41,0.1,recommended_solve,1e-06,183,0.3142131722344443
41,0.1,recommended_solve,1e-06,184,0.3141230252526415
41,0.1,recommended_solve,1e-06,185,0.31396229412838067
41,0.1,recommended_solve,1e-06,186,0.31359517006606963
41,0.1,recommended_solve,1e-06,187,0.3131318915050051
41,0.1,recommended_solve,1e-06,188,0.3123732138395745
41,0.1,recommended_solve,1e-06,189,0.31176178006410693
41,0.1,recommended_solve,1e-06,190,0.311237695950343
41,0.1,recommended_solve,1e-06,191,0.3106486835851013
41,0.1,recommended_solve,1e-06,192,0.31014613706424604
41,0.1,recommended_solve,1e-06,193,0.3096434883598597
41,0.1,recommended_solve,1e-06,194,0.30923284786288097
41,0.1,recommended_solve,1e-06,195,0.3087208850309251
41,0.1,recommended_solve,1e-06,196,0.30833407747197417
41,0.1,recommended_solve,1e-06,197,0.3080570090404546
41,0.1,recommended_solve,1e-06,198,0.30758448220293716
41,0.1,recommended_solve,1e-06,199,0.3072261056324836
41,0.1,recommended_solve,1e-06,200,0.3065621544395029
41,0.1,recommended_solve,1e-06,201,0.3057906945114878
41,0.1,recommended_solve,1e-06,202,0.30455016588771255
41,0.1,recommended_solve,1e-06,203,0.30294527485780715
41,0.1,recommended_solve,1e-06,204,0.30181229622732536
41,0.1,recommended_solve,1e-06,205,0.3009856752747276
41,0.1,recommended_solve,1e-06,206,0.3002663895750728
41,0.1,recommended_solve,1e-06,207,0.29987807750394585
41,0.1,recommended_solve,1e-06,208,0.2996087598870827
41,0.1,recommended_solve,1e-06,209,0.2994520917037938
41,0.1,recommended_solve,1e-06,210,0.2993565971170809
41,0.1,recommended_solve,1e-06,211,0.29926345836600154
41,0.1,recommended_solve,1e-06,212,0.2991432380901564
41,0.1,recommended_solve,1e-06,213,0.2988975992269631
41,0.1,recommended_solve,1e-06,214,0.29864673276177395
41,0.1,recommended_solve,1e-06,215,0.2984693325812825
41,0.1,recommended_solve,1e-06,216,0.29822268632681603
41,0.1,recommended_solve,1e-06,217,0.2980064801589884
41,0.1,recommended_solve,1e-06,218,0.2977853417829657
41,0.1,recommended_solve,1e-06,219,0.29760515362204165
41,0.1,recommended_solve,1e-06,220,0.2973546173519203
41,0.1,recommended_solve,1e-06,221,0.29718224471564997
41,0.1,recommended_solve,1e-06,222,0.2969347756623183
41,0.1,recommended_solve,1e-06,223,0.29653255106017495
41,0.1,recommended_solve,1e-06,224,0.2958978176258026
41,0.1,recommended_solve,1e-06,225,0.29536139689216256
41,0.1,recommended_solve,1e-06,226,0.294802841266432
41,0.1,recommended_solve,1e-06,227,0.29426593301917325
41,0.1,recommended_solve,1e-06,228,0.2933914572535733
41,0.1,recommended_solve,1e-06,229,0.2928451409045738
41,0.1,recommended_solve,1e-06,230,0.2922333477992249
41,0.1,recommended_solve,1e-06,231,0.2916643958862067
41,0.1,recommended_solve,1e-06,232,0.2911348351424552
41,0.1,recommended_solve,1e-06,233,0.29069619312822537
41,0.1,recommended_solve,1e-06,234,0.2902227750477407
41,0.1,recommended_solve,1e-06,235,0.2898142090456499
41,0.1,recommended_solve,1e-06,236,0.2895494219391112
41,0.1,recommended_solve,1e-06,237,0.2893207854162683
41,0.1,recommended_solve,1e-06,238,0.28892651076222037
41,0.1,recommended_solve,1e-06,239,0.28863821489716385
41,0.1,recommended_solve,1e-06,240,0.2883820943236115
41,0.1,recommended_solve,1e-06,241,0.28824105325704225
41,0.1,recommended_solve,1e-06,242,0.2881351919061575
41,0.1,recommended_solve,1e-06,243,0.2880921965135988
41,0.1,recommended_solve,1e-06,244,0.28802319622957695
41,0.1,recommended_solve,1e-06,245,0.2879700987544936
41,0.1,recommended_solve,1e-06,246,0.28783403396262147
41,0.1,recommended_solve,1e-06,247,0.287784071789434
41,0.1,recommended_solve,1e-06,248,0.2876958810051412
41,0.1,recommended_solve,1e-06,249,0.28760182674795076
41,0.1,recommended_solve,1e-06,250,0.2874295749326981
41,0.1,recommended_solve,1e-06,251,0.2870836494813767
41,0.1,recommended_solve,1e-06,252,0.2864245625729125
41,0.1,recommended_solve,1e-06,253,0.28557639081918795
41,0.1,recommended_solve,1e-06,254,0.2848321648654976
41,0.1,recommended_solve,1e-06,255,0.28439850487355883
41,0.1,recommended_solve,1e-06,256,0.28400769184440733
41,0.1,recommended_solve,1e-06,257,0.28376543506835356
41,0.1,recommended_solve,1e-06,258,0.28362282550168383
41,0.1,recommended_solve,1e-06,259,0.2834654498584917
41,0.1,recommended_solve,1e-06,260,0.2833065079089901
41,0.1,recommended_solve,1e-06,261,0.2831146190513127
41,0.1,recommended_solve,1e-06,262,0.2826593897570294
41,0.1,recommended_solve,1e-06,263,0.2821257287065069
41,0.1,recommended_solve,1e-06,264,0.2818790993829749
41,0.1,recommended_solve,1e-06,265,0.28172196872069977
41,0.1,recommended_solve,1e-06,266,0.2816570919488101
41,0.1,recommended_solve,1e-06,267,0.28158093565043585
41,0.1,recommended_solve,1e-06,268,0.2814797789298246
41,0.1,recommended_solve,1e-06,269,0.2814038601344237
41,0.1,recommended_solve,1e-06,270,0.281322246753059
41,0.1,recommended_solve,1e-06,271,0.2811714687951765
41,0.1,recommended_solve,1e-06,272,0.28107710057806057
41,0.1,recommended_solve,1e-06,273,0.28091190668205845
41,0.1,recommended_solve,1e-06,274,0.2808780743928335
41,0.1,recommended_solve,1e-06,275,0.2807813125975407
41,0.1,recommended_solve,1e-06,276,0.2807380795446605
41,0.1,recommended_solve,1e-06,277,0.2806849463289728
41,0.1,recommended_solve,1e-06,278,0.2806567804261186
41,0.1,recommended_solve,1e-06,279,0.2805679236803973
41,0.1,recommended_solve,1e-06,280,0.2804587655907805
41,0.1,recommended_solve,1e-06,281,0.28009701317684255
41,0.1,recommended_solve,1e-06,282,0.27963284462857896
41,0.1,recommended_solve,1e-06,283,0.2790932679518633
41,0.1,recommended_solve,1e-06,284,0.2786427990241378
41,0.1,recommended_solve,1e-06,285,0.27799338659647516
41,0.1,recommended_solve,1e-06,286,0.27769572448151514
41,0.1,recommended_solve,1e-06,287,0.2774485984624742
41,0.1,recommended_solve,1e-06,288,0.2772954805079102
41,0.1,recommended_solve,1e-06,289,0.2772178907687545
41,0.1,recommended_solve,1e-06,290,0.277176903259683
41,0.1,recommended_solve,1e-06,291,0.27713605402618113
41,0.1,recommended_solve,1e-06,292,0.27711683673567933
41,0.1,recommended_solve,1e-06,293,0.27710525392587393
41,0.1,recommended_solve,1e-06,294,0.2771012626800062
41,0.1,recommended_solve,1e-06,295,0.27708543527065566
41,0.1,recommended_solve,1e-06,296,0.27706149391957724
41,0.1,recommended_solve,1e-06,297,0.276905716043563
41,0.1,recommended_solve,1e-06,298,0.2766101321554109
41,0.1,recommended_solve,1e-06,299,0.2763843430795151
41,0.1,recommended_solve,1e-06,300,0.276093706104319
41,0.1,recommended_solve,1e-05,0,1.0
41,0.1,recommended_solve,1e-05,1,0.6265212038012284
41,0.1,recommended_solve,1e-05,2,0.626396178755955
41,0.1,recommended_solve,1e-05,3,0.6256115056814857
41,0.1,recommended_solve,1e-05,4,0.6179147079274239
41,0.1,recommended_solve,1e-05,5,0.609656901826294
41,0.1,recommended_solve,1e-05,6,0.5881978599910784
41,0.1,recommended_solve,1e-05,7,0.5665281594945787
41,0.1,recommended_solve,1e-05,8,0.5467153861922318
41,0.1,recommended_solve,1e-05,9,0.5364973108093642
41,0.1,recommended_solve,1e-05,10,0.5308576466525624
41,0.1,recommended_solve,1e-05,11,0.5262174125553885
41,0.1,recommended_solve,1e-05,12,0.5219270621297302
41,0.1,recommended_solve,1e-05,13,0.5180377911411821
41,0.1,recommended_solve,1e-05,14,0.5133759419312288
41,0.1,recommended_solve,1e-05,15,0.5090391052253861
41,0.1,recommended_solve,1e-05,16,0.5034466942658903
41,0.1,recommended_solve,1e-05,17,0.49935974057014926
41,0.1,recommended_solve,1e-05,18,0.49447573672517015
41,0.1,recommended_solve,1e-05,19,0.4840591749654892
41,0.1,recommended_solve,1e-05,20,0.4737775532357708
41,0.1,recommended_solve,1e-05,21,0.46517094395587755
41,0.1,recommended_solve,1e-05,22,0.46035757764448754
41,0.1,recommended_solve,1e-05,23,0.45593667423003464
41,0.1,recommended_solve,1e-05,24,0.4521142261651179
41,0.1,recommended_solve,1e-05,25,0.44716670479069204
41,0.1,recommended_solve,1e-05,26,0.44357231709136846
41,0.1,recommended_solve,1e-05,27,0.44044178335067063
41,0.1,recommended_solve,1e-05,28,0.4381143899895001
41,0.1,recommended_solve,1e-05,29,0.4348195391704761
41,0.1,recommended_solve,1e-05,30,0.4308680739892622
41,0.1,recommended_solve,1e-05,31,0.4275298825059427
41,0.1,recommended_solve,1e-05,32,0.422983046615092
41,0.1,recommended_solve,1e-05,33,0.41737347772033884
41,0.1,recommended_solve,1e-05,34,0.41347719281918316
41,0.1,recommended_solve,1e-05,35,0.40790516317460873
41,0.1,recommended_solve,1e-05,36,0.4043284763255642
41,0.1,recommended_solve,1e-05,37,0.40079875538437715
41,0.1,recommended_solve,1e-05,38,0.3992895247801357
41,0.1,recommended_solve,1e-05,39,0.3973587211538889
41,0.1,recommended_solve,1e-05,40,0.39585057493102643
41,0.1,recommended_solve,1e-05,41,0.39414361484804844
41,0.1,recommended_solve,1e-05,42,0.39228812069512375
41,0.1,recommended_solve,1e-05,43,0.38995251742950965
41,0.1,recommended_solve,1e-05,44,0.38754091770144344
41,0.1,recommended_solve,1e-05,45,0.3811471544770873
41,0.1,recommended_solve,1e-05,46,0.37635700617738055
41,0.1,recommended_solve,1e-05,47,0.371678970835061
41,0.1,recommended_solve,1e-05,48,0.37014580129854824
41,0.1,recommended_solve,1e-05,49,0.3675378358411316
41,0.1,recommended_solve,1e-05,50,0.36637659360742475
41,0.1,recommended_solve,1e-05,51,0.36500050501263115
41,0.1,recommended_solve,1e-05,52,0.3635008515306168
41,0.1,recommended_solve,1e-05,53,0.3616513727869666
41,0.1,recommended_solve,1e-05,54,0.3593084073664906
41,0.1,recommended_solve,1e-05,55,0.35615462864158354
41,0.1,recommended_solve,1e-05,56,0.35214914176765316
41,0.1,recommended_solve,1e-05,57,0.3479059286924612
41,0.1,recommended_solve,1e-05,58,0.3458583972638506
41,0.1,recommended_solve,1e-05,59,0.3443447115353155
41,0.1,recommended_solve,1e-05,60,0.34317094449223917
41,0.1,recommended_solve,1e-05,61,0.3415362627310414
41,0.1,recommended_solve,1e-05,62,0.34035762685872833
41,0.1,recommended_solve,1e-05,63,0.338127197141966
41,0.1,recommended_solve,1e-05,64,0.33644985923763543
41,0.1,recommended_solve,1e-05,65,0.33447734541815854
41,0.1,recommended_solve,1e-05,66,0.333036361721546
41,0.1,recommended_solve,1e-05,67,0.3313446763156308
41,0.1,recommended_solve,1e-05,68,0.3301106596472473
41,0.1,recommended_solve,1e-05,69,0.32869402178028534
41,0.1,recommended_solve,1e-05,70,0.32729794944481005
41,0.1,recommended_solve,1e-05,71,0.3255284880759027
41,0.1,recommended_solve,1e-05,72,0.3234969528215973
41,0.1,recommended_solve,1e-05,73,0.32058491204705863
41,0.1,recommended_solve,1e-05,74,0.3188186694117933
41,0.1,recommended_solve,1e-05,75,0.31722912904193856
41,0.1,recommended_solve,1e-05,76,0.3166029980022466
41,0.1,recommended_solve,1e-05,77,0.3155565006288569
41,0.1,recommended_solve,1e-05,78,0.31457053691478026
41,0.1,recommended_solve,1e-05,79,0.31336970359085625
41,0.1,recommended_solve,1e-05,80,0.31181301704258557
41,0.1,recommended_solve,1e-05,81,0.3096369259889689
41,0.1,recommended_solve,1e-05,82,0.30782436979625716
41,0.1,recommended_solve,1e-05,83,0.30603930290975795
41,0.1,recommended_solve,1e-05,84,0.30440759297960085
41,0.1,recommended_solve,1e-05,85,0.30332133935346606
41,0.1,recommended_solve,1e-05,86,0.3028089651144205
41,0.1,recommended_solve,1e-05,87,0.30208462545891374
41,0.1,recommended_solve,1e-05,88,0.3012231739546159
41,0.1,recommended_solve,1e-05,89,0.2994914826044457
41,0.1,recommended_solve,1e-05,90,0.29808428148236227
41,0.1,recommended_solve,1e-05,91,0.29597189762027887
41,0.1,recommended_solve,1e-05,92,0.2948904911719396
41,0.1,recommended_solve,1e-05,93,0.2937474994800635
41,0.1,recommended_solve,1e-05,94,0.29299585950283225
41,0.1,recommended_solve,1e-05,95,0.29242114663974555
41,0.1,recommended_solve,1e-05,96,0.2920482790615018
41,0.1,recommended_solve,1e-05,97,0.2914334914641249
41,0.1,recommended_solve,1e-05,98,0.29053553796446197
41,0.1,recommended_solve,1e-05,99,0.2891862312261668
41,0.1,recommended_solve,1e-05,100,0.2879128475960772
41,0.1,recommended_solve,1e-05,101,0.2870048638494459
41,0.1,recommended_solve,1e-05,102,0.28640980502098556
41,0.1,recommended_solve,1e-05,103,0.2854699639432039
41,0.1,recommended_solve,1e-05,104,0.28497108061635823
41,0.1,recommended_solve,1e-05,105,0.2845206125985312
41,0.1,recommended_solve,1e-05,106,0.28430642687419144
41,0.1,recommended_solve,1e-05,107,0.2837611884649321
41,0.1,recommended_solve,1e-05,108,0.2831625857311978
41,0.1,recommended_solve,1e-05,109,0.2824613765560431
41,0.1,recommended_solve,1e-05,110,0.28173116889045613
41,0.1,recommended_solve,1e-05,111,0.28113975164948934
41,0.1,recommended_solve,1e-05,112,0.2806719963606113
41,0.1,recommended_solve,1e-05,113,0.28035313217479196
41,0.1,recommended_solve,1e-05,114,0.28009007609989445
41,0.1,recommended_solve,1e-05,115,0.279546324208558
41,0.1,recommended_solve,1e-05,116,0.27905629588714204
41,0.1,recommended_solve,1e-05,117,0.27848133486055626
41,0.1,recommended_solve,1e-05,118,0.27824874355113194
41,0.1,recommended_solve,1e-05,119,0.27800529762554593
41,0.1,recommended_solve,1e-05,120,0.2777234975960914
41,0.1,recommended_solve,1e-05,121,0.2774973157995293
41,0.1,recommended_solve,1e-05,122,0.27732407717078666
41,0.1,recommended_solve,1e-05,123,0.2770527654261305
41,0.1,recommended_solve,1e-05,124,0.27687498479233946
41,0.1,recommended_solve,1e-05,125,0.27673244588445156
41,0.1,recommended_solve,1e-05,126,0.2764744505938921
41,0.1,recommended_solve,1e-05,127,0.2760554089652687
41,0.1,recommended_solve,1e-05,128,0.27574613456475655
41,0.1,recommended_solve,1e-05,129,0.2753901358593652
41,0.1,recommended_solve,1e-05,130,0.2752514090692125
41,0.1,recommended_solve,1e-05,131,0.27508700741549796
41,0.1,recommended_solve,1e-05,132,0.2749642871463415
41,0.1,recommended_solve,1e-05,133,0.27483152467386884
41,0.1,recommended_solve,1e-05,134,0.27471937799547624
41,0.1,recommended_solve,1e-05,135,0.2745863801437823
41,0.1,recommended_solve,1e-05,136,0.2744420848676513
41,0.1,recommended_solve,1e-05,137,0.2742537429532218
41,0.1,recommended_solve,1e-05,138,0.2741502810775044
41,0.1,recommended_solve,1e-05,139,0.27403074750449946
41,0.1,recommended_solve,1e-05,140,0.27396436139792907
41,0.1,recommended_solve,1e-05,141,0.27387968228006404
41,0.1,recommended_solve,1e-05,142,0.2737856122318718
41,0.1,recommended_solve,1e-05,143,0.27366958859339274
41,0.1,recommended_solve,1e-05,144,0.2735541242492014
41,0.1,recommended_solve,1e-05,145,0.2734723946905775
41,0.1,recommended_solve,1e-05,146,0.27333397850899893
41,0.1,recommended_solve,1e-05,147,0.2732853301211921
41,0.1,recommended_solve,1e-05,148,0.2732532585602463
41,0.1,recommended_solve,1e-05,149,0.2731595511465775
41,0.1,recommended_solve,1e-05,150,0.27310966984242846
41,0.1,recommended_solve,1e-05,151,0.2730756532885723
41,0.1,recommended_solve,1e-05,152,0.27304563639187296
41,0.1,recommended_solve,1e-05,153,0.2729937462633204
41,0.1,recommended_solve,1e-05,154,0.27296169201616716
41,0.1,recommended_solve,1e-05,155,0.272929779346105
41,0.1,recommended_solve,1e-05,156,0.2728977929316944
41,0.1,recommended_solve,1e-05,157,0.27284075167084504
41,0.1,recommended_solve,1e-05,158,0.27280638728593554
41,0.1,recommended_solve,1e-05,159,0.2727670349972559
41,0.1,recommended_solve,1e-05,160,0.2727331673119162
41,0.1,recommended_solve,1e-05,161,0.27267771714437744
41,0.1,recommended_solve,1e-05,162,0.2726539175814398
41,0.1,recommended_solve,1e-05,163,0.27261894047778584
41,0.1,recommended_solve,1e-05,164,0.2725941429779309
41,0.1,recommended_solve,1e-05,165,0.27254217832741073
41,0.1,recommended_solve,1e-05,166,0.2725052752226009
41,0.1,recommended_solve,1e-05,167,0.2724632713126565
41,0.1,recommended_solve,1e-05,168,0.2724338671961312
41,0.1,recommended_solve,1e-05,169,0.27242244880904865
41,0.1,recommended_solve,1e-05,170,0.27239419832131495
41,0.1,recommended_solve,1e-05,171,0.2723672224519833
41,0.1,recommended_solve,1e-05,172,0.27231128642294883
41,0.1,recommended_solve,1e-05,173,0.27225906977052333
41,0.1,recommended_solve,1e-05,174,0.2722428491425352
41,0.1,recommended_solve,1e-05,175,0.272217344726806
41,0.1,recommended_solve,1e-05,176,0.2722113570060849
41,0.1,recommended_solve,1e-05,177,0.27220145291687664
41,0.1,recommended_solve,1e-05,178,0.2721983409643442
41,0.1,recommended_solve,1e-05,179,0.27218698121908175
41,0.1,recommended_solve,1e-05,180,0.2721399944867341
41,0.1,recommended_solve,1e-05,181,0.27211598186288527
41,0.1,recommended_solve,1e-05,182,0.272097349057623
41,0.1,recommended_solve,1e-05,183,0.27205996253763925
41,0.1,recommended_solve,1e-05,184,0.27203804317556074
41,0.1,recommended_solve,1e-05,185,0.27201925546719846
41,0.1,recommended_solve,1e-05,186,0.2719986276295924
41,0.1,recommended_solve,1e-05,187,0.27198587823417586
41,0.1,recommended_solve,1e-05,188,0.2719693223563778
41,0.1,recommended_solve,1e-05,189,0.27196086128702235
41,0.1,recommended_solve,1e-05,190,0.27193983962721946
41,0.1,recommended_solve,1e-05,191,0.271922012154151
41,0.1,recommended_solve,1e-05,192,0.27190316387077124
41,0.1,recommended_solve,1e-05,193,0.27190310483793473
41,0.1,recommended_solve,1e-05,194,0.27188338285247804
41,0.1,recommended_solve,1e-05,195,0.2718657375182946
41,0.1,recommended_solve,1e-05,196,0.2718522885974137
41,0.1,recommended_solve,1e-05,197,0.2718283527884297
41,0.1,recommended_solve,1e-05,198,0.2718101917454215
41,0.1,recommended_solve,1e-05,199,0.2717711438619858
41,0.1,recommended_solve,1e-05,200,0.271756188266575
41,0.1,recommended_solve,1e-05,201,0.2717428889250698
41,0.1,recommended_solve,1e-05,202,0.2717299210248127
41,0.1,recommended_solve,1e-05,203,0.27171501225843686
41,0.1,recommended_solve,1e-05,204,0.2716922422521409
41,0.1,recommended_solve,1e-05,205,0.271680121520171
41,0.1,recommended_solve,1e-05,206,0.27167724512738056
41,0.1,recommended_solve,1e-05,207,0.2716670417614028
41,0.1,recommended_solve,1e-05,208,0.27164282329171785
41,0.1,recommended_solve,1e-05,209,0.2716132183922866
41,0.1,recommended_solve,1e-05,210,0.27158835517193547
41,0.1,recommended_solve,1e-05,211,0.2715543909347156
41,0.1,recommended_solve,1e-05,212,0.2715372145447555
41,0.1,recommended_solve,1e-05,213,0.2715052977048113
41,0.1,recommended_solve,1e-05,214,0.27149503183332546
41,0.1,recommended_solve,1e-05,215,0.271487489568305
41,0.1,recommended_solve,1e-05,216,0.2714599914434804
41,0.1,recommended_solve,1e-05,217,0.27141700539367164
41,0.1,recommended_solve,1e-05,218,0.2714013763560795
41,0.1,recommended_solve,1e-05,219,0.2713702463878786
41,0.1,recommended_solve,1e-05,220,0.2713389295019924
41,0.1,recommended_solve,1e-05,221,0.2712759164535602
41,0.1,recommended_solve,1e-05,222,0.2712515781107019
41,0.1,recommended_solve,1e-05,223,0.2712078768322427
41,0.1,recommended_solve,1e-05,224,0.27117773533228795
41,0.1,recommended_solve,1e-05,225,0.271128857892488
41,0.1,recommended_solve,1e-05,226,0.2710936367580928
41,0.1,recommended_solve,1e-05,227,0.27104677416415146
41,0.1,recommended_solve,1e-05,228,0.2710361829439711
41,0.1,recommended_solve,1e-05,229,0.27101386637798797
41,0.1,recommended_solve,1e-05,230,0.2709930334478323
41,0.1,recommended_solve,1e-05,231,0.2709699312317731
41,0.1,recommended_solve,1e-05,232,0.27091791572490825
41,0.1,recommended_solve,1e-05,233,0.2708793139341045
41,0.1,recommended_solve,1e-05,234,0.2708205698429548
41,0.1,recommended_solve,1e-05,235,0.27076826488715205
41,0.1,recommended_solve,1e-05,236,0.2706979616384475
41,0.1,recommended_solve,1e-05,237,0.27067611612727427
41,0.1,recommended_solve,1e-05,238,0.2706515197530217
41,0.1,recommended_solve,1e-05,239,0.2706215784926271
41,0.1,recommended_solve,1e-05,240,0.2706173958792402
41,0.1,recommended_solve,1e-05,241,0.27056915204178555
41,0.1,recommended_solve,1e-05,242,0.270559476748964
41,0.1,recommended_solve,1e-05,243,0.27052814767945255
41,0.1,recommended_solve,1e-05,244,0.2704983146538778
41,0.1,recommended_solve,1e-05,245,0.270456109345439
41,0.1,recommended_solve,1e-05,246,0.27043535179213063
41,0.1,recommended_solve,1e-05,247,0.2704002231194363
41,0.1,recommended_solve,1e-05,248,0.27034239825179435
41,0.1,recommended_solve,1e-05,249,0.2703008816019818
41,0.1,recommended_solve,1e-05,250,0.2702944364315479
41,0.1,recommended_solve,1e-05,251,0.27026793017354694
41,0.1,recommended_solve,1e-05,252,0.2702520037757117
41,0.1,recommended_solve,1e-05,253,0.2702166781957631
41,0.1,recommended_solve,1e-05,254,0.2701877957398318
41,0.1,recommended_solve,1e-05,255,0.2701662577938873
41,0.1,recommended_solve,1e-05,256,0.2701353595223225
41,0.1,recommended_solve,1e-05,257,0.27011163862150955
41,0.1,recommended_solve,1e-05,258,0.2700743386837308
41,0.1,recommended_solve,1e-05,259,0.27002072798018956
41,0.1,recommended_solve,1e-05,260,0.27000208803782655
41,0.1,recommended_solve,1e-05,261,0.26997968444600917
41,0.1,recommended_solve,1e-05,262,0.269966863673911
41,0.1,recommended_solve,1e-05,263,0.26994764242406877
41,0.1,recommended_solve,1e-05,264,0.26994294395774093
41,0.1,recommended_solve,1e-05,265,0.26988079580379554
41,0.1,recommended_solve,1e-05,266,0.26985852077382855
41,0.1,recommended_solve,1e-05,267,0.26981979948285406
41,0.1,recommended_solve,1e-05,268,0.269791827221013
41,0.1,recommended_solve,1e-05,269,0.26974990699570656
41,0.1,recommended_solve,1e-05,270,0.26968955165247643
41,0.1,recommended_solve,1e-05,271,0.2696488133754885
41,0.1,recommended_solve,1e-05,272,0.2695987914314919
41,0.1,recommended_solve,1e-05,273,0.2695557422859435
41,0.1,recommended_solve,1e-05,274,0.269519586154167
41,0.1,recommended_solve,1e-05,275,0.2695068718128358
41,0.1,recommended_solve,1e-05,276,0.26947564440400745
41,0.1,recommended_solve,1e-05,277,0.26944962361273533
41,0.1,recommended_solve,1e-05,278,0.2693892542714356
41,0.1,recommended_solve,1e-05,279,0.26933861665665926
41,0.1,recommended_solve,1e-05,280,0.26929055552503905
41,0.1,recommended_solve,1e-05,281,0.2692095948230476
41,0.1,recommended_solve,1e-05,282,0.2691696053736368
41,0.1,recommended_solve,1e-05,283,0.26913853160116813
41,0.1,recommended_solve,1e-05,284,0.2691235368485174
41,0.1,recommended_solve,1e-05,285,0.26909450703500465
41,0.1,recommended_solve,1e-05,286,0.2690627200836287
41,0.1,recommended_solve,1e-05,287,0.269012783985597
41,0.1,recommended_solve,1e-05,288,0.26898252651167803
41,0.1,recommended_solve,1e-05,289,0.2689434492911277
41,0.1,recommended_solve,1e-05,290,0.26886154060193773
41,0.1,recommended_solve,1e-05,291,0.26880875492848555
41,0.1,recommended_solve,1e-05,292,0.2687893311306594
41,0.1,recommended_solve,1e-05,293,0.26874773891733705
41,0.1,recommended_solve,1e-05,294,0.2687261753747334
41,0.1,recommended_solve,1e-05,295,0.26866127415985663
41,0.1,recommended_solve,1e-05,296,0.26860914435348443
41,0.1,recommended_solve,1e-05,297,0.2685439167211041
41,0.1,recommended_solve,1e-05,298,0.2684735662719325
41,0.1,recommended_solve,1e-05,299,0.26836288260394653
41,0.1,recommended_solve,1e-05,300,0.2683096428477696
41,0.1,recommended_solve,0.0001,0,1.0
41,0.1,recommended_solve,0.0001,1,0.6234689758359793
41,0.1,recommended_solve,0.0001,2,0.6199991816984665
41,0.1,recommended_solve,0.0001,3,0.5671760385787797
41,0.1,recommended_solve,0.0001,4,0.5365501856048078
41,0.1,recommended_solve,0.0001,5,0.5151788355273832
41,0.1,recommended_solve,0.0001,6,0.502927348301293
41,0.1,recommended_solve,0.0001,7,0.48520757183658786
41,0.1,recommended_solve,0.0001,8,0.46549086338757295
41,0.1,recommended_solve,0.0001,9,0.44815690629856175
41,0.1,recommended_solve,0.0001,10,0.4377559155275409
41,0.1,recommended_solve,0.0001,11,0.42640513183202106
41,0.1,recommended_solve,0.0001,12,0.4163039906712266
41,0.1,recommended_solve,0.0001,13,0.4031779025541807
41,0.1,recommended_solve,0.0001,14,0.39565001054235727
41,0.1,recommended_solve,0.0001,15,0.3884666607290283
41,0.1,recommended_solve,0.0001,16,0.38138866232255947
41,0.1,recommended_solve,0.0001,17,0.37288369783129444
41,0.1,recommended_solve,0.0001,18,0.36571805682354686
41,0.1,recommended_solve,0.0001,19,0.3580440751325134
41,0.1,recommended_solve,0.0001,20,0.351135451678458
41,0.1,recommended_solve,0.0001,21,0.3445048112566947
41,0.1,recommended_solve,0.0001,22,0.3397328105452668
41,0.1,recommended_solve,0.0001,23,0.33372379749939557
41,0.1,recommended_solve,0.0001,24,0.328238365859355
41,0.1,recommended_solve,0.0001,25,0.3235805925605872
41,0.1,recommended_solve,0.0001,26,0.31992897172603935
41,0.1,recommended_solve,0.0001,27,0.3154227989410899
41,0.1,recommended_solve,0.0001,28,0.31114673261241177
41,0.1,recommended_solve,0.0001,29,0.3062418294225093
41,0.1,recommended_solve,0.0001,30,0.30244890801143254
41,0.1,recommended_solve,0.0001,31,0.299542713159609
41,0.1,recommended_solve,0.0001,32,0.2963360141285487
41,0.1,recommended_solve,0.0001,33,0.29260807087352
41,0.1,recommended_solve,0.0001,34,0.28985512139747316
41,0.1,recommended_solve,0.0001,35,0.28808682704555155
41,0.1,recommended_solve,0.0001,36,0.2860377177224312
41,0.1,recommended_solve,0.0001,37,0.28405495407785125
41,0.1,recommended_solve,0.0001,38,0.2822776868994738
41,0.1,recommended_solve,0.0001,39,0.2806713669784097
41,0.1,recommended_solve,0.0001,40,0.27953156370593996
41,0.1,recommended_solve,0.0001,41,0.27858563480723825
41,0.1,recommended_solve,0.0001,42,0.2775204992367796
41,0.1,recommended_solve,0.0001,43,0.27654311008124716
41,0.1,recommended_solve,0.0001,44,0.276093697508842
41,0.1,recommended_solve,0.0001,45,0.27551826822882497
41,0.1,recommended_solve,0.0001,46,0.2749250664677944
41,0.1,recommended_solve,0.0001,47,0.2744268344343255
41,0.1,recommended_solve,0.0001,48,0.2740635256470765
41,0.1,recommended_solve,0.0001,49,0.27368652952276173
41,0.1,recommended_solve,0.0001,50,0.2734636227421553
41,0.1,recommended_solve,0.0001,51,0.27327571236281073
41,0.1,recommended_solve,0.0001,52,0.27314094116079324
41,0.1,recommended_solve,0.0001,53,0.2729867422875078
41,0.1,recommended_solve,0.0001,54,0.27283341378116494
41,0.1,recommended_solve,0.0001,55,0.27273807893433266
41,0.1,recommended_solve,0.0001,56,0.2726417148870333
41,0.1,recommended_solve,0.0001,57,0.27251575528104277
41,0.1,recommended_solve,0.0001,58,0.27246487533183356
41,0.1,recommended_solve,0.0001,59,0.27236949635792135
41,0.1,recommended_solve,0.0001,60,0.27232568460059203
41,0.1,recommended_solve,0.0001,61,0.2722427959290974
41,0.1,recommended_solve,0.0001,62,0.2721927208227324
41,0.1,recommended_solve,0.0001,63,0.2721252875022331
41,0.1,recommended_solve,0.0001,64,0.2720754834631409
41,0.1,recommended_solve,0.0001,65,0.27198697840677755
41,0.1,recommended_solve,0.0001,66,0.27196044077474985
41,0.1,recommended_solve,0.0001,67,0.2719196340515212
41,0.1,recommended_solve,0.0001,68,0.2718740833386982
41,0.1,recommended_solve,0.0001,69,0.2717873059040909
41,0.1,recommended_solve,0.0001,70,0.2717528547014056
41,0.1,recommended_solve,0.0001,71,0.2717008189330419
41,0.1,recommended_solve,0.0001,72,0.2716574844327701
41,0.1,recommended_solve,0.0001,73,0.27158275748089955
41,0.1,recommended_solve,0.0001,74,0.27152532346709946
41,0.1,recommended_solve,0.0001,75,0.27142454114136266
41,0.1,recommended_solve,0.0001,76,0.27133802364338183
41,0.1,recommended_solve,0.0001,77,0.27124841333957933
41,0.1,recommended_solve,0.0001,78,0.2711248176787001
41,0.1,recommended_solve,0.0001,79,0.27100128860725503
41,0.1,recommended_solve,0.0001,80,0.27091399894823787
41,0.1,recommended_solve,0.0001,81,0.2708033134924112
41,0.1,recommended_solve,0.0001,82,0.27072566001987375
41,0.1,recommended_solve,0.0001,83,0.2706539046391708
41,0.1,recommended_solve,0.0001,84,0.2705062250777891
41,0.1,recommended_solve,0.0001,85,0.27043687953241635
41,0.1,recommended_solve,0.0001,86,0.27036771305662693
41,0.1,recommended_solve,0.0001,87,0.27029085506101164
41,0.1,recommended_solve,0.0001,88,0.2702129508529017
41,0.1,recommended_solve,0.0001,89,0.27011216394291376
41,0.1,recommended_solve,0.0001,90,0.270024847083855
41,0.1,recommended_solve,0.0001,91,0.2699288368833807
41,0.1,recommended_solve,0.0001,92,0.26985432794929437
41,0.1,recommended_solve,0.0001,93,0.2697171246593642
41,0.1,recommended_solve,0.0001,94,0.2696186303919816
41,0.1,recommended_solve,0.0001,95,0.2694973942264687
41,0.1,recommended_solve,0.0001,96,0.2693798336842236
41,0.1,recommended_solve,0.0001,97,0.2692063416070184
41,0.1,recommended_solve,0.0001,98,0.26908655581393076
41,0.1,recommended_solve,0.0001,99,0.26898281801437735
41,0.1,recommended_solve,0.0001,100,0.2688426203689295
41,0.1,recommended_solve,0.0001,101,0.26870204822917504
41,0.1,recommended_solve,0.0001,102,0.26858052312958053
41,0.1,recommended_solve,0.0001,103,0.26846582729984625
41,0.1,recommended_solve,0.0001,104,0.2683010790968761
41,0.1,recommended_solve,0.0001,105,0.2681774552578106
41,0.1,recommended_solve,0.0001,106,0.26805690011206973
41,0.1,recommended_solve,0.0001,107,0.2678699028785545
41,0.1,recommended_solve,0.0001,108,0.26779498347806013
41,0.1,recommended_solve,0.0001,109,0.2676672330408104
41,0.1,recommended_solve,0.0001,110,0.2675554304683873
41,0.1,recommended_solve,0.0001,111,0.2674228167916128
41,0.1,recommended_solve,0.0001,112,0.26729365005218203
41,0.1,recommended_solve,0.0001,113,0.26714814511052243
41,0.1,recommended_solve,0.0001,114,0.26704549467546534
41,0.1,recommended_solve,0.0001,115,0.26692640251303446
41,0.1,recommended_solve,0.0001,116,0.266782927895233
41,0.1,recommended_solve,0.0001,117,0.2666360907105804
41,0.1,recommended_solve,0.0001,118,0.26654404823386446
41,0.1,recommended_solve,0.0001,119,0.2664642053812738
41,0.1,recommended_solve,0.0001,120,0.2663263608065542
41,0.1,recommended_solve,0.0001,121,0.2662276652880844
41,0.1,recommended_solve,0.0001,122,0.2661200731085896
41,0.1,recommended_solve,0.0001,123,0.26604719531127113
41,0.1,recommended_solve,0.0001,124,0.26593433503452163
41,0.1,recommended_solve,0.0001,125,0.26583884632789573
41,0.1,recommended_solve,0.0001,126,0.2657751555915783
41,0.1,recommended_solve,0.0001,127,0.2656307068656544
41,0.1,recommended_solve,0.0001,128,0.2654764738607066
41,0.1,recommended_solve,0.0001,129,0.2654034821378372
41,0.1,recommended_solve,0.0001,130,0.26532162621472827
41,0.1,recommended_solve,0.0001,131,0.26522071136581116
41,0.1,recommended_solve,0.0001,132,0.2650952704105767
41,0.1,recommended_solve,0.0001,133,0.26501008592415143
41,0.1,recommended_solve,0.0001,134,0.2649179109272793
41,0.1,recommended_solve,0.0001,135,0.26479342773318754
41,0.1,recommended_solve,0.0001,136,0.26467102544640436
41,0.1,recommended_solve,0.0001,137,0.2645661787556484
41,0.1,recommended_solve,0.0001,138,0.26445964950710493
41,0.1,recommended_solve,0.0001,139,0.2642992561473755
41,0.1,recommended_solve,0.0001,140,0.2641587188014946
41,0.1,recommended_solve,0.0001,141,0.26403753710927996
41,0.1,recommended_solve,0.0001,142,0.26389335091057187
41,0.1,recommended_solve,0.0001,143,0.26377576684905174
41,0.1,recommended_solve,0.0001,144,0.26368268611134354
41,0.1,recommended_solve,0.0001,145,0.2635603414836612
41,0.1,recommended_solve,0.0001,146,0.2633783161289699
41,0.1,recommended_solve,0.0001,147,0.2632567440843164
41,0.1,recommended_solve,0.0001,148,0.2631692155685704
41,0.1,recommended_solve,0.0001,149,0.26298335345603596
41,0.1,recommended_solve,0.0001,150,0.262844003646872
41,0.1,recommended_solve,0.0001,151,0.26269191615769866
41,0.1,recommended_solve,0.0001,152,0.26253134150626856
41,0.1,recommended_solve,0.0001,153,0.26228261894163246
41,0.1,recommended_solve,0.0001,154,0.2622092082053346
41,0.1,recommended_solve,0.0001,155,0.26201441283506705
41,0.1,recommended_solve,0.0001,156,0.2618803633716077
41,0.1,recommended_solve,0.0001,157,0.26172419900077204
41,0.1,recommended_solve,0.0001,158,0.2615533969760839
41,0.1,recommended_solve,0.0001,159,0.26142493462142175
41,0.1,recommended_solve,0.0001,160,0.2612831117463945
41,0.1,recommended_solve,0.0001,161,0.2610683501433314
41,0.1,recommended_solve,0.0001,162,0.2609055986608633
41,0.1,recommended_solve,0.0001,163,0.2607318572855852
41,0.1,recommended_solve,0.0001,164,0.2605389919354138
41,0.1,recommended_solve,0.0001,165,0.2602761498433298
41,0.1,recommended_solve,0.0001,166,0.2600237581799993
41,0.1,recommended_solve,0.0001,167,0.2596789197312074
41,0.1,recommended_solve,0.0001,168,0.25943647446388896
41,0.1,recommended_solve,0.0001,169,0.2592273998528965
41,0.1,recommended_solve,0.0001,170,0.2589937081780847
41,0.1,recommended_solve,0.0001,171,0.25874027700193597
41,0.1,recommended_solve,0.0001,172,0.25852102721595416
41,0.1,recommended_solve,0.0001,173,0.2582754230520272
41,0.1,recommended_solve,0.0001,174,0.2579877819731654
41,0.1,recommended_solve,0.0001,175,0.257691488777798
41,0.1,recommended_solve,0.0001,176,0.25741836870381385
41,0.1,recommended_solve,0.0001,177,0.2571105337348618
41,0.1,recommended_solve,0.0001,178,0.25691772950024405
41,0.1,recommended_solve,0.0001,179,0.2566175992754438
41,0.1,recommended_solve,0.0001,180,0.2562929340376725
41,0.1,recommended_solve,0.0001,181,0.2559433226659429
41,0.1,recommended_solve,0.0001,182,0.25571803828605755
41,0.1,recommended_solve,0.0001,183,0.2554477922597983
41,0.1,recommended_solve,0.0001,184,0.25517006102229145
41,0.1,recommended_solve,0.0001,185,0.2548085163285667
41,0.1,recommended_solve,0.0001,186,0.2545410915748819
41,0.1,recommended_solve,0.0001,187,0.25425477086765785
41,0.1,recommended_solve,0.0001,188,0.2539220510905665
41,0.1,recommended_solve,0.0001,189,0.25353141006104707
41,0.1,recommended_solve,0.0001,190,0.25320070136479644
41,0.1,recommended_solve,0.0001,191,0.25284929343910284
41,0.1,recommended_solve,0.0001,192,0.25257383081666984
41,0.1,recommended_solve,0.0001,193,0.25222951581470776
41,0.1,recommended_solve,0.0001,194,0.2518319283121299
41,0.1,recommended_solve,0.0001,195,0.251384977179338
41,0.1,recommended_solve,0.0001,196,0.2509741702181305
41,0.1,recommended_solve,0.0001,197,0.2505940236724217
41,0.1,recommended_solve,0.0001,198,0.25017494534371076
41,0.1,recommended_solve,0.0001,199,0.2496126703901033
41,0.1,recommended_solve,0.0001,200,0.24920152348541078
41,0.1,recommended_solve,0.0001,201,0.24869230314082783
41,0.1,recommended_solve,0.0001,202,0.2480403539039889
41,0.1,recommended_solve,0.0001,203,0.24738387151690922
41,0.1,recommended_solve,0.0001,204,0.24671060666297548
41,0.1,recommended_solve,0.0001,205,0.245850901041128
41,0.1,recommended_solve,0.0001,206,0.24516402927034767
41,0.1,recommended_solve,0.0001,207,0.24441826176776008
41,0.1,recommended_solve,0.0001,208,0.24361314487234906
41,0.1,recommended_solve,0.0001,209,0.24259651098120744
41,0.1,recommended_solve,0.0001,210,0.24167485794049323
41,0.1,recommended_solve,0.0001,211,0.2407950321966436
41,0.1,recommended_solve,0.0001,212,0.23991739202595758
41,0.1,recommended_solve,0.0001,213,0.23894139292752198
41,0.1,recommended_solve,0.0001,214,0.23810955752476365
41,0.1,recommended_solve,0.0001,215,0.23713994307471703
41,0.1,recommended_solve,0.0001,216,0.23623501602150215
41,0.1,recommended_solve,0.0001,217,0.23542376515803362
41,0.1,recommended_solve,0.0001,218,0.23446744359031121
41,0.1,recommended_solve,0.0001,219,0.23353392986018057
41,0.1,recommended_solve,0.0001,220,0.23276313725819894
41,0.1,recommended_solve,0.0001,221,0.23200753326790827
41,0.1,recommended_solve,0.0001,222,0.23120798384820307
41,0.1,recommended_solve,0.0001,223,0.2303340965162274
41,0.1,recommended_solve,0.0001,224,0.2296028994957256
41,0.1,recommended_solve,0.0001,225,0.2289395538721172
41,0.1,recommended_solve,0.0001,226,0.22831937060244156
41,0.1,recommended_solve,0.0001,227,0.22773470223257888
41,0.1,recommended_solve,0.0001,228,0.22710378790843358
41,0.1,recommended_solve,0.0001,229,0.22670589470258337
41,0.1,recommended_solve,0.0001,230,0.2259836317775483
41,0.1,recommended_solve,0.0001,231,0.2255325320091556
41,0.1,recommended_solve,0.0001,232,0.22508157109789528
41,0.1,recommended_solve,0.0001,233,0.22452417745192765
41,0.1,recommended_solve,0.0001,234,0.22406650905366943
41,0.1,recommended_solve,0.0001,235,0.22359580169554022
41,0.1,recommended_solve,0.0001,236,0.22319913738807082
41,0.1,recommended_solve,0.0001,237,0.2228187712633682
41,0.1,recommended_solve,0.0001,238,0.22221445092187067
41,0.1,recommended_solve,0.0001,239,0.22190305828317244
41,0.1,recommended_solve,0.0001,240,0.2214782134384702
41,0.1,recommended_solve,0.0001,241,0.2212453988442421
41,0.1,recommended_solve,0.0001,242,0.22086997278490764
41,0.1,recommended_solve,0.0001,243,0.22054653941393854
41,0.1,recommended_solve,0.0001,244,0.22017220340458102
41,0.1,recommended_solve,0.0001,245,0.2199002356873823
41,0.1,recommended_solve,0.0001,246,0.21955951921028338
41,0.1,recommended_solve,0.0001,247,0.21915006638453094
41,0.1,recommended_solve,0.0001,248,0.2188439446680368
41,0.1,recommended_solve,0.0001,249,0.21857904635554265
41,0.1,recommended_solve,0.0001,250,0.21816750381003583
41,0.1,recommended_solve,0.0001,251,0.21782567279257756
41,0.1,recommended_solve,0.0001,252,0.21747945759178244
41,0.1,recommended_solve,0.0001,253,0.21720103311942085
41,0.1,recommended_solve,0.0001,254,0.21686330825482816
41,0.1,recommended_solve,0.0001,255,0.21655900041071866
41,0.1,recommended_solve,0.0001,256,0.21616258870261612
41,0.1,recommended_solve,0.0001,257,0.21585584917631068
41,0.1,recommended_solve,0.0001,258,0.2154772284433232
41,0.1,recommended_solve,0.0001,259,0.2151474327459871
41,0.1,recommended_solve,0.0001,260,0.21470492123207713
41,0.1,recommended_solve,0.0001,261,0.21435960257539055
41,0.1,recommended_solve,0.0001,262,0.21400210925195845
41,0.1,recommended_solve,0.0001,263,0.2135570042886786
41,0.1,recommended_solve,0.0001,264,0.213088251442861
41,0.1,recommended_solve,0.0001,265,0.21268867617912648
41,0.1,recommended_solve,0.0001,266,0.21213019486843945
41,0.1,recommended_solve,0.0001,267,0.21170336264505987
41,0.1,recommended_solve,0.0001,268,0.21121089049727004
41,0.1,recommended_solve,0.0001,269,0.21074140082147697
41,0.1,recommended_solve,0.0001,270,0.2101081297357018
41,0.1,recommended_solve,0.0001,271,0.20948555018953344
41,0.1,recommended_solve,0.0001,272,0.20906857653049515
41,0.1,recommended_solve,0.0001,273,0.20851482398566826
41,0.1,recommended_solve,0.0001,274,0.20782727378985408
41,0.1,recommended_solve,0.0001,275,0.2073391997626716
41,0.1,recommended_solve,0.0001,276,0.20677816251340947
41,0.1,recommended_solve,0.0001,277,0.20633152362494786
41,0.1,recommended_solve,0.0001,278,0.20563093770269972
41,0.1,recommended_solve,0.0001,279,0.2050941033092253
41,0.1,recommended_solve,0.0001,280,0.204577309895015
41,0.1,recommended_solve,0.0001,281,0.20411487593496588
41,0.1,recommended_solve,0.0001,282,0.20350961851706104
41,0.1,recommended_solve,0.0001,283,0.20303525917516793
41,0.1,recommended_solve,0.0001,284,0.20247277370669975
41,0.1,recommended_solve,0.0001,285,0.20193993436154467
41,0.1,recommended_solve,0.0001,286,0.2013125057530371
41,0.1,recommended_solve,0.0001,287,0.20095798518784372
41,0.1,recommended_solve,0.0001,288,0.20030232092492167
41,0.1,recommended_solve,0.0001,289,0.19985882873958838
41,0.1,recommended_solve,0.0001,290,0.19926250202341364
41,0.1,recommended_solve,0.0001,291,0.1987676655787162
41,0.1,recommended_solve,0.0001,292,0.1981079501063323
41,0.1,recommended_solve,0.0001,293,0.19767710384671625
41,0.1,recommended_solve,0.0001,294,0.19692058968621465
41,0.1,recommended_solve,0.0001,295,0.19624724658295714
41,0.1,recommended_solve,0.0001,296,0.19545265638007256
41,0.1,recommended_solve,0.0001,297,0.19487658690988152
41,0.1,recommended_solve,0.0001,298,0.1939747651058994
41,0.1,recommended_solve,0.0001,299,0.19328906969290466
41,0.1,recommended_solve,0.0001,300,0.19231980266960894
41,0.1,recommended_solve,0.001,0,1.0
41,0.1,recommended_solve,0.001,1,0.5827220746841946
41,0.1,recommended_solve,0.001,2,0.5360510618259626
41,0.1,recommended_solve,0.001,3,0.47712156298432096
41,0.1,recommended_solve,0.001,4,0.44034321210816685
41,0.1,recommended_solve,0.001,5,0.3989985293370842
41,0.1,recommended_solve,0.001,6,0.37588282970163783
41,0.1,recommended_solve,0.001,7,0.35217230010480954
41,0.1,recommended_solve,0.001,8,0.3331972634366371
41,0.1,recommended_solve,0.001,9,0.3170565352190436
41,0.1,recommended_solve,0.001,10,0.30467958300641623
41,0.1,recommended_solve,0.001,11,0.2933621109818721
41,0.1,recommended_solve,0.001,12,0.2864138916635594
41,0.1,recommended_solve,0.001,13,0.2802816209342314
41,0.1,recommended_solve,0.001,14,0.27761042118248097
41,0.1,recommended_solve,0.001,15,0.27511526036776174
41,0.1,recommended_solve,0.001,16,0.27398569519153376
41,0.1,recommended_solve,0.001,17,0.2729333138196165
41,0.1,recommended_solve,0.001,18,0.2727465581351694
41,0.1,recommended_solve,0.001,19,0.27243277204659316
41,0.1,recommended_solve,0.001,20,0.27219270217710906
41,0.1,recommended_solve,0.001,21,0.271946821383865
41,0.1,recommended_solve,0.001,22,0.27187462522753203
41,0.1,recommended_solve,0.001,23,0.27159262760718883
41,0.1,recommended_solve,0.001,24,0.2714502200943481
41,0.1,recommended_solve,0.001,25,0.2711953205542538
41,0.1,recommended_solve,0.001,26,0.27088029585978385
41,0.1,recommended_solve,0.001,27,0.2704520504043411
41,0.1,recommended_solve,0.001,28,0.27016959467594137
41,0.1,recommended_solve,0.001,29,0.2699767952997747
41,0.1,recommended_solve,0.001,30,0.269717505393938
41,0.1,recommended_solve,0.001,31,0.2692298603039843
41,0.1,recommended_solve,0.001,32,0.26868996249006516
41,0.1,recommended_solve,0.001,33,0.26827844840944937
41,0.1,recommended_solve,0.001,34,0.267910837731898
41,0.1,recommended_solve,0.001,35,0.26737580412172324
41,0.1,recommended_solve,0.001,36,0.2670524834432047
41,0.1,recommended_solve,0.001,37,0.26652474732475573
41,0.1,recommended_solve,0.001,38,0.2661252554080951
41,0.1,recommended_solve,0.001,39,0.2657383759512634
41,0.1,recommended_solve,0.001,40,0.2654463750225997
41,0.1,recommended_solve,0.001,41,0.265090992022276
41,0.1,recommended_solve,0.001,42,0.2647547659118744
41,0.1,recommended_solve,0.001,43,0.26435567697023954
41,0.1,recommended_solve,0.001,44,0.2640853224960713
41,0.1,recommended_solve,0.001,45,0.26363819580728465
41,0.1,recommended_solve,0.001,46,0.2633072662308848
41,0.1,recommended_solve,0.001,47,0.2628288538943699
41,0.1,recommended_solve,0.001,48,0.262373788531922
41,0.1,recommended_solve,0.001,49,0.26192720917927675
41,0.1,recommended_solve,0.001,50,0.26148577532117645
41,0.1,recommended_solve,0.001,51,0.26090940175750527
41,0.1,recommended_solve,0.001,52,0.2604386372319882
41,0.1,recommended_solve,0.001,53,0.2595104027278981
41,0.1,recommended_solve,0.001,54,0.25867979336868085
41,0.1,recommended_solve,0.001,55,0.2576639145585761
41,0.1,recommended_solve,0.001,56,0.25693378097844993
41,0.1,recommended_solve,0.001,57,0.2557838374677875
41,0.1,recommended_solve,0.001,58,0.2547986057637213
41,0.1,recommended_solve,0.001,59,0.2536985152654099
41,0.1,recommended_solve,0.001,60,0.25273119496705465
41,0.1,recommended_solve,0.001,61,0.2516492927810275
41,0.1,recommended_solve,0.001,62,0.25066347183403853
41,0.1,recommended_solve,0.001,63,0.24950673799305922
41,0.1,recommended_solve,0.001,64,0.2481340926750233
41,0.1,recommended_solve,0.001,65,0.2461359927687701
41,0.1,recommended_solve,0.001,66,0.2442215879974033
41,0.1,recommended_solve,0.001,67,0.24173642131317055
41,0.1,recommended_solve,0.001,68,0.23958655362456138
41,0.1,recommended_solve,0.001,69,0.2363644106556785
41,0.1,recommended_solve,0.001,70,0.23334585645055958
41,0.1,recommended_solve,0.001,71,0.23042084119377873
41,0.1,recommended_solve,0.001,72,0.2283568982427886
41,0.1,recommended_solve,0.001,73,0.22563737446996252
41,0.1,recommended_solve,0.001,74,0.22371586341360403
41,0.1,recommended_solve,0.001,75,0.22182863315158272
41,0.1,recommended_solve,0.001,76,0.22050814378471967
41,0.1,recommended_solve,0.001,77,0.21884185423480562
41,0.1,recommended_solve,0.001,78,0.21765410975696522
41,0.1,recommended_solve,0.001,79,0.21651878223331442
41,0.1,recommended_solve,0.001,80,0.215536471706967
41,0.1,recommended_solve,0.001,81,0.2143922289360084
41,0.1,recommended_solve,0.001,82,0.2135947130819197
41,0.1,recommended_solve,0.001,83,0.2125563400707997
41,0.1,recommended_solve,0.001,84,0.21161926659712774
41,0.1,recommended_solve,0.001,85,0.21033554888536396
41,0.1,recommended_solve,0.001,86,0.2090677370889778
41,0.1,recommended_solve,0.001,87,0.20732675689158958
41,0.1,recommended_solve,0.001,88,0.2058136362592248
41,0.1,recommended_solve,0.001,89,0.20393257051335786
41,0.1,recommended_solve,0.001,90,0.2021320964526002
41,0.1,recommended_solve,0.001,91,0.200271464182913
41,0.1,recommended_solve,0.001,92,0.19857236006919388
41,0.1,recommended_solve,0.001,93,0.19678115640721933
41,0.1,recommended_solve,0.001,94,0.19507512222684237
41,0.1,recommended_solve,0.001,95,0.1928522011971623
41,0.1,recommended_solve,0.001,96,0.190521064628215
41,0.1,recommended_solve,0.001,97,0.18758924109198918
41,0.1,recommended_solve,0.001,98,0.18461060688786327
41,0.1,recommended_solve,0.001,99,0.17998536100070794
41,0.1,recommended_solve,0.001,100,0.17516855478190804
41,0.1,recommended_solve,0.001,101,0.16834423895803693
41,0.1,recommended_solve,0.001,102,0.1617506268123062
41,0.1,recommended_solve,0.001,103,0.1526231894152298
41,0.1,recommended_solve,0.001,104,0.1449228110797474
41,0.1,recommended_solve,0.001,105,0.1355920878587433
41,0.1,recommended_solve,0.001,106,0.12861385487154076
41,0.1,recommended_solve,0.001,107,0.11930702278442326
41,0.1,recommended_solve,0.001,108,0.11317566422717794
41,0.1,recommended_solve,0.001,109,0.10582555486103913
41,0.1,recommended_solve,0.001,110,0.10045332341716223
41,0.1,recommended_solve,0.001,111,0.09501351138423103
41,0.1,recommended_solve,0.001,112,0.09111910767551247
41,0.1,recommended_solve,0.001,113,0.0868749356026514
41,0.1,recommended_solve,0.001,114,0.08376073399999312
41,0.1,recommended_solve,0.001,115,0.08053721172337813
41,0.1,recommended_solve,0.001,116,0.0783748945048379
41,0.1,recommended_solve,0.001,117,0.07639471311119234
41,0.1,recommended_solve,0.001,118,0.07504539054443964
41,0.1,recommended_solve,0.001,119,0.07392046219977302
41,0.1,recommended_solve,0.001,120,0.07301299234407005
41,0.1,recommended_solve,0.001,121,0.07229966175827181
41,0.1,recommended_solve,0.001,122,0.07176276729043123
41,0.1,recommended_solve,0.001,123,0.07133314405114834
41,0.1,recommended_solve,0.001,124,0.07095692624206362
41,0.1,recommended_solve,0.001,125,0.07067823891182366
41,0.1,recommended_solve,0.001,126,0.07042402035764765
41,0.1,recommended_solve,0.001,127,0.07020213347490012
41,0.1,recommended_solve,0.001,128,0.07002122923687328
41,0.1,recommended_solve,0.001,129,0.0698464659233487
41,0.1,recommended_solve,0.001,130,0.06969610482801838
41,0.1,recommended_solve,0.001,131,0.0695468784903634
41,0.1,recommended_solve,0.001,132,0.06935836032915989
41,0.1,recommended_solve,0.001,133,0.0691890122525821
41,0.1,recommended_solve,0.001,134,0.06903237953228308
41,0.1,recommended_solve,0.001,135,0.06890679931731174
41,0.1,recommended_solve,0.001,136,0.06876935946065395
41,0.1,recommended_solve,0.001,137,0.06868072818442633
41,0.1,recommended_solve,0.001,138,0.06856640188551652
41,0.1,recommended_solve,0.001,139,0.06848617760202196
41,0.1,recommended_solve,0.001,140,0.06840088466809371
41,0.1,recommended_solve,0.001,141,0.06834400895243484
41,0.1,recommended_solve,0.001,142,0.06827743944168371
41,0.1,recommended_solve,0.001,143,0.06822316094281082
41,0.1,recommended_solve,0.001,144,0.06817185701071095
41,0.1,recommended_solve,0.001,145,0.06811040570437397
41,0.1,recommended_solve,0.001,146,0.06804886988237539
41,0.1,recommended_solve,0.001,147,0.06801259076735094
41,0.1,recommended_solve,0.001,148,0.06797866241490813
41,0.1,recommended_solve,0.001,149,0.06795533640233002
41,0.1,recommended_solve,0.001,150,0.06792970201892284
41,0.1,recommended_solve,0.001,151,0.06789926092837212
41,0.1,recommended_solve,0.001,152,0.06787348536531507
41,0.1,recommended_solve,0.001,153,0.06783539897078947
41,0.1,recommended_solve,0.001,154,0.06779403920161162
41,0.1,recommended_solve,0.001,155,0.0677436899670252
41,0.1,recommended_solve,0.001,156,0.06769410927593067
41,0.1,recommended_solve,0.001,157,0.06765188558959012
41,0.1,recommended_solve,0.001,158,0.06758690891591689
41,0.1,recommended_solve,0.001,159,0.06753435912255071
41,0.1,recommended_solve,0.001,160,0.06746139916999778
41,0.1,recommended_solve,0.001,161,0.06740024832657511
41,0.1,recommended_solve,0.001,162,0.06731238166580093
41,0.1,recommended_solve,0.001,163,0.06722714453388991
41,0.1,recommended_solve,0.001,164,0.06711656131364326
41,0.1,recommended_solve,0.001,165,0.06700093518183989
41,0.1,recommended_solve,0.001,166,0.06687700181861156
41,0.1,recommended_solve,0.001,167,0.06675421782360973
41,0.1,recommended_solve,0.001,168,0.06662256736563317
41,0.1,recommended_solve,0.001,169,0.0665143292713347
41,0.1,recommended_solve,0.001,170,0.06639142612899036
41,0.1,recommended_solve,0.001,171,0.06629279428336357
41,0.1,recommended_solve,0.001,172,0.06614398330022213
41,0.1,recommended_solve,0.001,173,0.06603821134100216
41,0.1,recommended_solve,0.001,174,0.06591616150509555
41,0.1,recommended_solve,0.001,175,0.0657703806273488
41,0.1,recommended_solve,0.001,176,0.06561168446931842
41,0.1,recommended_solve,0.001,177,0.06545419023711728
41,0.1,recommended_solve,0.001,178,0.06527356850029305
41,0.1,recommended_solve,0.001,179,0.06505993217237702
41,0.1,recommended_solve,0.001,180,0.06480596691626453
41,0.1,recommended_solve,0.001,181,0.06460504425213488
41,0.1,recommended_solve,0.001,182,0.06433143704779029
41,0.1,recommended_solve,0.001,183,0.06398502043613899
41,0.1,recommended_solve,0.001,184,0.06357695086097065
41,0.1,recommended_solve,0.001,185,0.06318300722535407
41,0.1,recommended_solve,0.001,186,0.06275295895905394
41,0.1,recommended_solve,0.001,187,0.06227984739726595
41,0.1,recommended_solve,0.001,188,0.06165321307217121
41,0.1,recommended_solve,0.001,189,0.061111348051466986
41,0.1,recommended_solve,0.001,190,0.06048534652526116
41,0.1,recommended_solve,0.001,191,0.059853551425142135
41,0.1,recommended_solve,0.001,192,0.05910161773154417
41,0.1,recommended_solve,0.001,193,0.05834443193275748
41,0.1,recommended_solve,0.001,194,0.057489315939571024
41,0.1,recommended_solve,0.001,195,0.056581862894875594
41,0.1,recommended_solve,0.001,196,0.05567920238563213
41,0.1,recommended_solve,0.001,197,0.05471438836859975
41,0.1,recommended_solve,0.001,198,0.05389333273405198
41,0.1,recommended_solve,0.001,199,0.05296583267096122
41,0.1,recommended_solve,0.001,200,0.05223327907080199
41,0.1,recommended_solve,0.001,201,0.05142589256412315
41,0.1,recommended_solve,0.001,202,0.050793932181678894
41,0.1,recommended_solve,0.001,203,0.05006702634871859
41,0.1,recommended_solve,0.001,204,0.04951434674105527
41,0.1,recommended_solve,0.001,205,0.04884347240850753
41,0.1,recommended_solve,0.001,206,0.04830225905587912
41,0.1,recommended_solve,0.001,207,0.04771841446000987
41,0.1,recommended_solve,0.001,208,0.047232332744036924
41,0.1,recommended_solve,0.001,209,0.046677736604128224
41,0.1,recommended_solve,0.001,210,0.046214828419648316
41,0.1,recommended_solve,0.001,211,0.0457664878715893
41,0.1,recommended_solve,0.001,212,0.045328946959010005
41,0.1,recommended_solve,0.001,213,0.044847990109899545
41,0.1,recommended_solve,0.001,214,0.04437889169904848
41,0.1,recommended_solve,0.001,215,0.043849508975431446
41,0.1,recommended_solve,0.001,216,0.04325649919402855
41,0.1,recommended_solve,0.001,217,0.04268831342005026
41,0.1,recommended_solve,0.001,218,0.0420539028232316
41,0.1,recommended_solve,0.001,219,0.04148055461994372
41,0.1,recommended_solve,0.001,220,0.0408927987828944
41,0.1,recommended_solve,0.001,221,0.0404615906423005
41,0.1,recommended_solve,0.001,222,0.04006052568632982
41,0.1,recommended_solve,0.001,223,0.03976908936072001
41,0.1,recommended_solve,0.001,224,0.039481783940648905
41,0.1,recommended_solve,0.001,225,0.03926924881029898
41,0.1,recommended_solve,0.001,226,0.039046636245560505
41,0.1,recommended_solve,0.001,227,0.038863268855537654
41,0.1,recommended_solve,0.001,228,0.038638038120600154
41,0.1,recommended_solve,0.001,229,0.038454677336284784
41,0.1,recommended_solve,0.001,230,0.03824691054158067
41,0.1,recommended_solve,0.001,231,0.0381131299269656
41,0.1,recommended_solve,0.001,232,0.03794894613999764
41,0.1,recommended_solve,0.001,233,0.037826529822789945
41,0.1,recommended_solve,0.001,234,0.03767308064282965
41,0.1,recommended_solve,0.001,235,0.03756231734035267
41,0.1,recommended_solve,0.001,236,0.03745841771622677
41,0.1,recommended_solve,0.001,237,0.037366914158817606
41,0.1,recommended_solve,0.001,238,0.0372458503422077
41,0.1,recommended_solve,0.001,239,0.037155416916564946
41,0.1,recommended_solve,0.001,240,0.03702784496470748
41,0.1,recommended_solve,0.001,241,0.03692776312471537
41,0.1,recommended_solve,0.001,242,0.03681683972728016
41,0.1,recommended_solve,0.001,243,0.036732399400578986
41,0.1,recommended_solve,0.001,244,0.03662029164278907
41,0.1,recommended_solve,0.001,245,0.03650699443763844
41,0.1,recommended_solve,0.001,246,0.036381740660095495
41,0.1,recommended_solve,0.001,247,0.03627510645506935
41,0.1,recommended_solve,0.001,248,0.03614954865693072
41,0.1,recommended_solve,0.001,249,0.036057281956851456
41,0.1,recommended_solve,0.001,250,0.0359342541852047
41,0.1,recommended_solve,0.001,251,0.03583653865413158
41,0.1,recommended_solve,0.001,252,0.03573816183705149
41,0.1,recommended_solve,0.001,253,0.03565139340085918
41,0.1,recommended_solve,0.001,254,0.03555240199922393
41,0.1,recommended_solve,0.001,255,0.035472168457008776
41,0.1,recommended_solve,0.001,256,0.035380798449017745
41,0.1,recommended_solve,0.001,257,0.0352978243910559
41,0.1,recommended_solve,0.001,258,0.03519014266064678
41,0.1,recommended_solve,0.001,259,0.035112536117504846
41,0.1,recommended_solve,0.001,260,0.035014068811830557
41,0.1,recommended_solve,0.001,261,0.034941313290022195
41,0.1,recommended_solve,0.001,262,0.034863085209212163
41,0.1,recommended_solve,0.001,263,0.0347916036308844
41,0.1,recommended_solve,0.001,264,0.0346984612039949
41,0.1,recommended_solve,0.001,265,0.03461232078594411
41,0.1,recommended_solve,0.001,266,0.034486452525196665
41,0.1,recommended_solve,0.001,267,0.03437861098387914
41,0.1,recommended_solve,0.001,268,0.03422478732413794
41,0.1,recommended_solve,0.001,269,0.03411322981264072
41,0.1,recommended_solve,0.001,270,0.03394529225634467
41,0.1,recommended_solve,0.001,271,0.03378702057564023
41,0.1,recommended_solve,0.001,272,0.03356734997460635
41,0.1,recommended_solve,0.001,273,0.03338590029602792
41,0.1,recommended_solve,0.001,274,0.03318727064667978
41,0.1,recommended_solve,0.001,275,0.0330022806320975
41,0.1,recommended_solve,0.001,276,0.032786326862615754
41,0.1,recommended_solve,0.001,277,0.03257219763898809
41,0.1,recommended_solve,0.001,278,0.03234152057687428
41,0.1,recommended_solve,0.001,279,0.032168694434090636
41,0.1,recommended_solve,0.001,280,0.03194262086116669
41,0.1,recommended_solve,0.001,281,0.031766572038391075
41,0.1,recommended_solve,0.001,282,0.03157179250038484
41,0.1,recommended_solve,0.001,283,0.031411155292644294
41,0.1,recommended_solve,0.001,284,0.03122544671937199
41,0.1,recommended_solve,0.001,285,0.03105890765960296
41,0.1,recommended_solve,0.001,286,0.030920572043134385
41,0.1,recommended_solve,0.001,287,0.030798340776349277
41,0.1,recommended_solve,0.001,288,0.03064015049057734
41,0.1,recommended_solve,0.001,289,0.030513056008861325
41,0.1,recommended_solve,0.001,290,0.030340625702475227
41,0.1,recommended_solve,0.001,291,0.03020991840867302
41,0.1,recommended_solve,0.001,292,0.030021850336688864
41,0.1,recommended_solve,0.001,293,0.029844982418089937
41,0.1,recommended_solve,0.001,294,0.02959472755410178
41,0.1,recommended_solve,0.001,295,0.029342840507244717
41,0.1,recommended_solve,0.001,296,0.02903770796229379
41,0.1,recommended_solve,0.001,297,0.028731262644078152
41,0.1,recommended_solve,0.001,298,0.028281777661230648
41,0.1,recommended_solve,0.001,299,0.02789797268815108
41,0.1,recommended_solve,0.001,300,0.027430085618754547
41,0.1,recommended_solve,0.01,0,1.0
41,0.1,recommended_solve,0.01,1,0.43959029562947427
41,0.1,recommended_solve,0.01,2,0.35009180269473017
41,0.1,recommended_solve,0.01,3,0.29726585085206747
41,0.1,recommended_solve,0.01,4,0.2662056737227534
41,0.1,recommended_solve,0.01,5,0.2551750796218016
41,0.1,recommended_solve,0.01,6,0.2533604674956245
41,0.1,recommended_solve,0.01,7,0.2529170163683449
41,0.1,recommended_solve,0.01,8,0.2521200233584059
41,0.1,recommended_solve,0.01,9,0.25123448567778633
41,0.1,recommended_solve,0.01,10,0.24978911020205175
41,0.1,recommended_solve,0.01,11,0.24810392661735325
41,0.1,recommended_solve,0.01,12,0.24651990427185186
41,0.1,recommended_solve,0.01,13,0.24571183103583247
41,0.1,recommended_solve,0.01,14,0.24440646264240332
41,0.1,recommended_solve,0.01,15,0.2430047199012146
41,0.1,recommended_solve,0.01,16,0.24117519574130303
41,0.1,recommended_solve,0.01,17,0.23857406278963675
41,0.1,recommended_solve,0.01,18,0.23437128830534049
41,0.1,recommended_solve,0.01,19,0.23142780436747057
41,0.1,recommended_solve,0.01,20,0.22785483670958037
41,0.1,recommended_solve,0.01,21,0.2222644178205257
41,0.1,recommended_solve,0.01,22,0.21292240434070145
41,0.1,recommended_solve,0.01,23,0.20459703137060714
41,0.1,recommended_solve,0.01,24,0.19761381762572894
41,0.1,recommended_solve,0.01,25,0.19386305992999406
41,0.1,recommended_solve,0.01,26,0.19089204213458438
41,0.1,recommended_solve,0.01,27,0.18827873340899098
41,0.1,recommended_solve,0.01,28,0.18238939403025783
41,0.1,recommended_solve,0.01,29,0.17600391564919912
41,0.1,recommended_solve,0.01,30,0.16723011718386685
41,0.1,recommended_solve,0.01,31,0.15629369747269453
41,0.1,recommended_solve,0.01,32,0.13358773725785247
41,0.1,recommended_solve,0.01,33,0.10992261924691601
41,0.1,recommended_solve,0.01,34,0.08906248312704312
41,0.1,recommended_solve,0.01,35,0.07810066505720692
41,0.1,recommended_solve,0.01,36,0.06998741105151389
41,0.1,recommended_solve,0.01,37,0.06646895115464789
41,0.1,recommended_solve,0.01,38,0.06454164496891138
41,0.1,recommended_solve,0.01,39,0.06374301215016942
41,0.1,recommended_solve,0.01,40,0.06326317487591433
41,0.1,recommended_solve,0.01,41,0.06312071263921264
41,0.1,recommended_solve,0.01,42,0.06290536858479914
41,0.1,recommended_solve,0.01,43,0.06271944668368776
41,0.1,recommended_solve,0.01,44,0.06248638475811128
41,0.1,recommended_solve,0.01,45,0.062313712894148665
41,0.1,recommended_solve,0.01,46,0.06212161411949499
41,0.1,recommended_solve,0.01,47,0.062016857593649194
41,0.1,recommended_solve,0.01,48,0.061920843401530895
41,0.1,recommended_solve,0.01,49,0.06179837839963436
41,0.1,recommended_solve,0.01,50,0.06161928959530811
41,0.1,recommended_solve,0.01,51,0.061382121283375314
41,0.1,recommended_solve,0.01,52,0.060857601292253954
41,0.1,recommended_solve,0.01,53,0.0599659195476355
41,0.1,recommended_solve,0.01,54,0.05855119383028989
41,0.1,recommended_solve,0.01,55,0.05688805621524689
41,0.1,recommended_solve,0.01,56,0.054137340687517105
41,0.1,recommended_solve,0.01,57,0.05122890761634513
41,0.1,recommended_solve,0.01,58,0.047270485852167116
41,0.1,recommended_solve,0.01,59,0.04416885253063474
41,0.1,recommended_solve,0.01,60,0.04139040868162151
41,0.1,recommended_solve,0.01,61,0.03969748141063278
41,0.1,recommended_solve,0.01,62,0.037889426173315595
41,0.1,recommended_solve,0.01,63,0.03638796672192481
41,0.1,recommended_solve,0.01,64,0.035113133520733884
41,0.1,recommended_solve,0.01,65,0.03434974286755928
41,0.1,recommended_solve,0.01,66,0.03366210393318233
41,0.1,recommended_solve,0.01,67,0.033391895573053554
41,0.1,recommended_solve,0.01,68,0.033079634998923815
41,0.1,recommended_solve,0.01,69,0.03272957004710316
41,0.1,recommended_solve,0.01,70,0.0323543839993582
41,0.1,recommended_solve,0.01,71,0.032071709607986824
41,0.1,recommended_solve,0.01,72,0.03172063367614551
41,0.1,recommended_solve,0.01,73,0.03142986697334884
41,0.1,recommended_solve,0.01,74,0.031069355509166046
41,0.1,recommended_solve,0.01,75,0.030897379069348828
41,0.1,recommended_solve,0.01,76,0.030730068858599847
41,0.1,recommended_solve,0.01,77,0.03058257435075593
41,0.1,recommended_solve,0.01,78,0.030300250693994325
41,0.1,recommended_solve,0.01,79,0.029899665212039725
41,0.1,recommended_solve,0.01,80,0.02920141662104974
41,0.1,recommended_solve,0.01,81,0.028132294140128876
41,0.1,recommended_solve,0.01,82,0.026531656123126763
41,0.1,recommended_solve,0.01,83,0.02540921149012002
41,0.1,recommended_solve,0.01,84,0.02421071981245911
41,0.1,recommended_solve,0.01,85,0.023039369930412407
41,0.1,recommended_solve,0.01,86,0.021766273174483985
41,0.1,recommended_solve,0.01,87,0.020750612431434518
41,0.1,recommended_solve,0.01,88,0.019217658846521463
41,0.1,recommended_solve,0.01,89,0.01759266438893531
41,0.1,recommended_solve,0.01,90,0.015816561736492294
41,0.1,recommended_solve,0.01,91,0.014629900431278844
41,0.1,recommended_solve,0.01,92,0.013689423019568995
41,0.1,recommended_solve,0.01,93,0.013208637075384893
41,0.1,recommended_solve,0.01,94,0.012616217482772946
41,0.1,recommended_solve,0.01,95,0.011835370374785532
41,0.1,recommended_solve,0.01,96,0.010895979714418847
41,0.1,recommended_solve,0.01,97,0.010343591319233583
41,0.1,recommended_solve,0.01,98,0.009867872522395838
41,0.1,recommended_solve,0.01,99,0.0096196618319921
41,0.1,recommended_solve,0.01,100,0.009354648716174342
41,0.1,recommended_solve,0.01,101,0.00918944066098561
41,0.1,recommended_solve,0.01,102,0.008972750095239443
41,0.1,recommended_solve,0.01,103,0.008754834845469099
41,0.1,recommended_solve,0.01,104,0.008436708091023709
41,0.1,recommended_solve,0.01,105,0.008082632844241364
41,0.1,recommended_solve,0.01,106,0.007381823118200827
41,0.1,recommended_solve,0.01,107,0.006375631206966876
41,0.1,recommended_solve,0.01,108,0.005490730079226805
41,0.1,recommended_solve,0.01,109,0.004975961460884418
41,0.1,recommended_solve,0.01,110,0.004615595270098599
41,0.1,recommended_solve,0.01,111,0.004433914206974571
41,0.1,recommended_solve,0.01,112,0.004338860142928847
41,0.1,recommended_solve,0.01,113,0.00430927153726296
41,0.1,recommended_solve,0.01,114,0.00428935531887468
41,0.1,recommended_solve,0.01,115,0.004281248382942839
41,0.1,recommended_solve,0.01,116,0.004271162730305889
41,0.1,recommended_solve,0.01,117,0.004255281726181859
41,0.1,recommended_solve,0.01,118,0.004229431299440522
41,0.1,recommended_solve,0.01,119,0.00417050679210169
41,0.1,recommended_solve,0.01,120,0.00402264886342788
41,0.1,recommended_solve,0.01,121,0.003822285877447813
41,0.1,recommended_solve,0.01,122,0.0035327510274571505
41,0.1,recommended_solve,0.01,123,0.0032333136053707156
41,0.1,recommended_solve,0.01,124,0.002924404407791366
41,0.1,recommended_solve,0.01,125,0.0027733733917420906
41,0.1,recommended_solve,0.01,126,0.002660487080440061
41,0.1,recommended_solve,0.01,127,0.0026111814452682825
41,0.1,recommended_solve,0.01,128,0.002580469971984118
41,0.1,recommended_solve,0.01,129,0.002573232843997652
41,0.1,recommended_solve,0.01,130,0.002568274557209363
41,0.1,recommended_solve,0.01,131,0.0025662136188792013
41,0.1,recommended_solve,0.01,132,0.0025649916452728247
41,0.1,recommended_solve,0.01,133,0.002564499689695815
41,0.1,recommended_solve,0.01,134,0.0025639639084727808
41,0.1,recommended_solve,0.01,135,0.0025635197652771682
41,0.1,recommended_solve,0.01,136,0.002562773159265763
41,0.1,recommended_solve,0.01,137,0.0025605891321180537
41,0.1,recommended_solve,0.01,138,0.0025547422764054624
41,0.1,recommended_solve,0.01,139,0.0025452642832997038
41,0.1,recommended_solve,0.01,140,0.0025305984966651567
41,0.1,recommended_solve,0.01,141,0.002516675285463784
41,0.1,recommended_solve,0.01,142,0.0025007697518475177
41,0.1,recommended_solve,0.01,143,0.0024909711530523883
41,0.1,recommended_solve,0.01,144,0.002485399094329027
41,0.1,recommended_solve,0.01,145,0.0024822246620257145
41,0.1,recommended_solve,0.01,146,0.002477383939832512
41,0.1,recommended_solve,0.01,147,0.0024692293202713124
41,0.1,recommended_solve,0.01,148,0.0024511902006202108
41,0.1,recommended_solve,0.01,149,0.0024254231627638704
41,0.1,recommended_solve,0.01,150,0.0023795048504685833
41,0.1,recommended_solve,0.01,151,0.0023234718818289837
41,0.1,recommended_solve,0.01,152,0.002207039145008176
41,0.1,recommended_solve,0.01,153,0.001995560739990846
41,0.1,recommended_solve,0.01,154,0.0016904229496701845
41,0.1,recommended_solve,0.01,155,0.0015300200414794763
41,0.1,recommended_solve,0.01,156,0.0014531897213708497
41,0.1,recommended_solve,0.01,157,0.0014326611961615527
41,0.1,recommended_solve,0.01,158,0.0014218842558341108
41,0.1,recommended_solve,0.01,159,0.0014190396442121643
41,0.1,recommended_solve,0.01,160,0.0014165469507644113
41,0.1,recommended_solve,0.01,161,0.0014138951177172338
41,0.1,recommended_solve,0.01,162,0.0014079172473479783
41,0.1,recommended_solve,0.01,163,0.0013926424670799534
41,0.1,recommended_solve,0.01,164,0.0013471087447524874
41,0.1,recommended_solve,0.01,165,0.0012220186733086942
41,0.1,recommended_solve,0.01,166,0.000994695886248785
41,0.1,recommended_solve,0.01,167,0.0007261864375120588
41,0.1,recommended_solve,0.01,168,0.0003947515476988255
41,0.1,recommended_solve,0.01,169,0.0002088841048567928
41,0.1,recommended_solve,0.01,170,0.00010575251524885648
41,0.1,recommended_solve,0.01,171,5.613195485899463e-05
41,0.1,recommended_solve,0.01,172,2.7858566663036017e-05
41,0.1,recommended_solve,0.01,173,1.5341740510280947e-05
41,0.1,recommended_solve,0.01,174,7.901735997795625e-06
41,0.1,recommended_solve,0.01,175,4.353612240604795e-06
41,0.1,recommended_solve,0.01,176,2.0239277452654766e-06
41,0.1,recommended_solve,0.01,177,1.01446176740178e-06
41,0.1,recommended_solve,0.01,178,5.535073507165477e-07
41,0.2,probe,1e-12,0,1.0
41,0.2,probe,1e-12,1,0.5427008412765834
41,0.2,probe,1e-12,2,0.5137788596835074
41,0.2,probe,1e-12,3,0.47322179945675164
41,0.2,probe,1e-12,4,0.4525406874654746
41,0.2,probe,1e-12,5,0.4358310320273751
41,0.2,probe,1e-12,6,0.4201960858729291
41,0.2,probe,1e-12,7,0.40844828410124323
41,0.2,probe,1e-12,8,0.40352137116659875
41,0.2,probe,1e-12,9,0.3970120738928906
41,0.2,probe,1e-12,10,0.3939347227198112
41,0.2,probe,1e-12,11,0.3898407513338719
41,0.2,probe,1e-12,12,0.3887116901963328
41,0.2,probe,1e-12,13,0.386316537656908
41,0.2,probe,1e-12,14,0.38445740009424983
41,0.2,probe,1e-12,15,0.3833052520688373
41,0.2,probe,1e-12,16,0.38274658283093166
41,0.2,probe,1e-12,17,0.38171152900834593
41,0.2,probe,1e-12,18,0.38090279921859516
41,0.2,probe,1e-12,19,0.3804165350765029
41,0.2,probe,1e-12,20,0.38012083871551744
41,0.2,probe,1e-12,21,0.3795432901186987
41,0.2,probe,1e-12,22,0.3790020416245092
41,0.2,probe,1e-12,23,0.37862354314792673
41,0.2,probe,1e-12,24,0.37842003331198987
41,0.2,probe,1e-12,25,0.3780704682703378
41,0.2,probe,1e-12,26,0.37779965869302146
41,0.2,probe,1e-12,27,0.37763173558808055
41,0.2,probe,1e-12,28,0.3774105835140955
41,0.2,probe,1e-12,29,0.3771401881546768
41,0.2,probe,1e-12,30,0.37691103740504966
41,0.2,probe,1e-12,31,0.3766972146472397
41,0.2,probe,1e-12,32,0.37647053192757385
41,0.2,probe,1e-12,33,0.3762205178326668
41,0.2,probe,1e-12,34,0.3760450756073874
41,0.2,probe,1e-12,35,0.37577966700636173
41,0.2,probe,1e-12,36,0.3754915094696297
41,0.2,probe,1e-12,37,0.3752008935656739
41,0.2,probe,1e-12,38,0.3749947778495521
41,0.2,probe,1e-12,39,0.37481325417294387
41,0.2,probe,1e-12,40,0.3745027452812354
41,0.2,probe,1e-12,41,0.3740521185285615
41,0.2,probe,1e-12,42,0.3737528143799511
41,0.2,probe,1e-12,43,0.3735048749421598
41,0.2,probe,1e-12,44,0.3731377928365797
41,0.2,probe,1e-12,45,0.37283569810125
41,0.2,probe,1e-12,46,0.3726017647617584
41,0.2,probe,1e-12,47,0.3723473310345288
41,0.2,probe,1e-12,48,0.37210307956750643
41,0.2,probe,1e-12,49,0.3719252268280754
41,0.2,probe,1e-12,50,0.371604597030441
41,0.2,probe,1e-12,51,0.37138620394117633
41,0.2,probe,1e-12,52,0.37117170702851227
41,0.2,probe,1e-12,53,0.37105475299385526
41,0.2,probe,1e-12,54,0.3708366982913838
41,0.2,probe,1e-12,55,0.37061118078553107
41,0.2,probe,1e-12,56,0.3704692370480983
41,0.2,probe,1e-12,57,0.37038716377013187
41,0.2,probe,1e-12,58,0.37017814230141005
41,0.2,probe,1e-12,59,0.3700187632146152
41,0.2,probe,1e-12,60,0.3698514397937091
41,0.2,probe,1e-12,61,0.3697724731871621
41,0.2,probe,1e-12,62,0.36954101740028045
41,0.2,probe,1e-12,63,0.3692888565630918
41,0.2,probe,1e-12,64,0.369094355520239
41,0.2,probe,1e-12,65,0.3690103249291236
41,0.2,probe,1e-12,66,0.36880674539603636
41,0.2,probe,1e-12,67,0.3685810764861978
41,0.2,probe,1e-12,68,0.36837052361976774
41,0.2,probe,1e-12,69,0.3682614843723246
41,0.2,probe,1e-12,70,0.3681809992375976
41,0.2,probe,1e-12,71,0.36810416324054746
41,0.2,probe,1e-12,72,0.3679180846853105
41,0.2,probe,1e-12,73,0.36779291907299294
41,0.2,probe,1e-12,74,0.3676974710674557
41,0.2,probe,1e-12,75,0.3676146395913629
41,0.2,probe,1e-12,76,0.3675371467248217
41,0.2,probe,1e-12,77,0.3674969485836698
41,0.2,probe,1e-12,78,0.36743582465787633
41,0.2,probe,1e-12,79,0.36733840278203406
41,0.2,probe,1e-12,80,0.3672354350158424
41,0.2,probe,1e-12,81,0.3671486541027184
41,0.2,probe,1e-12,82,0.3670554553064376
41,0.2,probe,1e-12,83,0.3670306869859228
41,0.2,probe,1e-12,84,0.36692875151633797
41,0.2,probe,1e-12,85,0.36683003592392527
41,0.2,probe,1e-12,86,0.3667682938977358
41,0.2,probe,1e-12,87,0.3667423570037708
41,0.2,probe,1e-12,88,0.36664701956798984
41,0.2,probe,1e-12,89,0.3665430731213263
41,0.2,probe,1e-12,90,0.3665007092130264
41,0.2,probe,1e-12,91,0.36647353464639404
41,0.2,probe,1e-12,92,0.36643184786172467
41,0.2,probe,1e-12,93,0.36639711298118866
41,0.2,probe,1e-12,94,0.3663604919511598
41,0.2,probe,1e-12,95,0.366353277270869
41,0.2,probe,1e-12,96,0.3663147516541854
41,0.2,probe,1e-12,97,0.3663040459340971
41,0.2,probe,1e-12,98,0.36628522032456695
41,0.2,probe,1e-12,99,0.3662468424330642
41,0.2,probe,1e-12,100,0.36621710890757203
41,0.2,recommended_solve,1e-10,0,1.0
41,0.2,recommended_solve,1e-10,1,0.542680377395186
41,0.2,recommended_solve,1e-10,2,0.5137583292703858
41,0.2,recommended_solve,1e-10,3,0.4732155514946494
41,0.2,recommended_solve,1e-10,4,0.452612991547211
41,0.2,recommended_solve,1e-10,5,0.43583374616016224
41,0.2,recommended_solve,1e-10,6,0.420036382073736
41,0.2,recommended_solve,1e-10,7,0.40849655998370543
41,0.2,recommended_solve,1e-10,8,0.4036767395038445
41,0.2,recommended_solve,1e-10,9,0.39703435105858176
41,0.2,recommended_solve,1e-10,10,0.39395149892106224
41,0.2,recommended_solve,1e-10,11,0.3898421033143983
41,0.2,recommended_solve,1e-10,12,0.3887908723318389
41,0.2,recommended_solve,1e-10,13,0.38638578196842627
41,0.2,recommended_solve,1e-10,14,0.3844324385266363
41,0.2,recommended_solve,1e-10,15,0.3833218880470813
41,0.2,recommended_solve,1e-10,16,0.3827414934408914
41,0.2,recommended_solve,1e-10,17,0.3817086783425373
41,0.2,recommended_solve,1e-10,18,0.38091000108548184
41,0.2,recommended_solve,1e-10,19,0.3804037182829079
41,0.2,recommended_solve,1e-10,20,0.38013259921173603
41,0.2,recommended_solve,1e-10,21,0.3795217110311294
41,0.2,recommended_solve,1e-10,22,0.37890183706639363
41,0.2,recommended_solve,1e-10,23,0.3785740697832762
41,0.2,recommended_solve,1e-10,24,0.378364480153795
41,0.2,recommended_solve,1e-10,25,0.3779924471021567
41,0.2,recommended_solve,1e-10,26,0.3777817694456341
41,0.2,recommended_solve,1e-10,27,0.3775954399473562
41,0.2,recommended_solve,1e-10,28,0.3772933972966539
41,0.2,recommended_solve,1e-10,29,0.37707419842096296
41,0.2,recommended_solve,1e-10,30,0.376875744166327
41,0.2,recommended_solve,1e-10,31,0.3766060920775749
41,0.2,recommended_solve,1e-10,32,0.37642934627080027
41,0.2,recommended_solve,1e-10,33,0.37617045162946167
41,0.2,recommended_solve,1e-10,34,0.37592487002643216
41,0.2,recommended_solve,1e-10,35,0.3756986504378564
41,0.2,recommended_solve,1e-10,36,0.3754290768206149
41,0.2,recommended_solve,1e-10,37,0.37511973575333135
41,0.2,recommended_solve,1e-10,38,0.3749566040792257
41,0.2,recommended_solve,1e-10,39,0.37475640523932735
41,0.2,recommended_solve,1e-10,40,0.37443064021695427
41,0.2,recommended_solve,1e-10,41,0.37403943616612023
41,0.2,recommended_solve,1e-10,42,0.3737031295060217
41,0.2,recommended_solve,1e-10,43,0.37345300150948796
41,0.2,recommended_solve,1e-10,44,0.37312610518453804
41,0.2,recommended_solve,1e-10,45,0.37275258201011796
41,0.2,recommended_solve,1e-10,46,0.37251274045025257
41,0.2,recommended_solve,1e-10,47,0.3723318367795174
41,0.2,recommended_solve,1e-10,48,0.3720549660479724
41,0.2,recommended_solve,1e-10,49,0.3718341235738907
41,0.2,recommended_solve,1e-10,50,0.37156530920022707
41,0.2,recommended_solve,1e-10,51,0.37132561478226367
41,0.2,recommended_solve,1e-10,52,0.37109748426207023
41,0.2,recommended_solve,1e-10,53,0.3710075486343317
41,0.2,recommended_solve,1e-10,54,0.3707760080379149
41,0.2,recommended_solve,1e-10,55,0.37052301303352664
41,0.2,recommended_solve,1e-10,56,0.3703803828567812
41,0.2,recommended_solve,1e-10,57,0.37031236483942376
41,0.2,recommended_solve,1e-10,58,0.3700947423193967
41,0.2,recommended_solve,1e-10,59,0.36993387950252565
41,0.2,recommended_solve,1e-10,60,0.3697803328604696
41,0.2,recommended_solve,1e-10,61,0.36968538117066035
41,0.2,recommended_solve,1e-10,62,0.3694530127027469
41,0.2,recommended_solve,1e-10,63,0.3692186870744533
41,0.2,recommended_solve,1e-10,64,0.36901515844410987
41,0.2,recommended_solve,1e-10,65,0.3689235123262697
41,0.2,recommended_solve,1e-10,66,0.36874057653697245
41,0.2,recommended_solve,1e-10,67,0.36850957372540705
41,0.2,recommended_solve,1e-10,68,0.3683025239881659
41,0.2,recommended_solve,1e-10,69,0.368187489140576
41,0.2,recommended_solve,1e-10,70,0.3680941562969719
41,0.2,recommended_solve,1e-10,71,0.36803617225039714
41,0.2,recommended_solve,1e-10,72,0.36783540690579036
41,0.2,recommended_solve,1e-10,73,0.36770551785601213
41,0.2,recommended_solve,1e-10,74,0.3676285606402245
41,0.2,recommended_solve,1e-10,75,0.36754188915493924
41,0.2,recommended_solve,1e-10,76,0.3674383336562622
41,0.2,recommended_solve,1e-10,77,0.3674078663501373
41,0.2,recommended_solve,1e-10,78,0.36735033600198247
41,0.2,recommended_solve,1e-10,79,0.3672470388156039
41,0.2,recommended_solve,1e-10,80,0.3671521128566229
41,0.2,recommended_solve,1e-10,81,0.3670431475192898
41,0.2,recommended_solve,1e-10,82,0.3669736905518383
41,0.2,recommended_solve,1e-10,83,0.36694717119856624
41,0.2,recommended_solve,1e-10,84,0.3668167483640162
41,0.2,recommended_solve,1e-10,85,0.36671259474454826
41,0.2,recommended_solve,1e-10,86,0.3666568090585427
41,0.2,recommended_solve,1e-10,87,0.36663230023557375
41,0.2,recommended_solve,1e-10,88,0.36655058334782653
41,0.2,recommended_solve,1e-10,89,0.36640957345653224
41,0.2,recommended_solve,1e-10,90,0.366370015314478
41,0.2,recommended_solve,1e-10,91,0.36634106825969187
41,0.2,recommended_solve,1e-10,92,0.36630886857102335
41,0.2,recommended_solve,1e-10,93,0.3662656418975276
41,0.2,recommended_solve,1e-10,94,0.36622720995032715
41,0.2,recommended_solve,1e-10,95,0.3662192728939906
41,0.2,recommended_solve,1e-10,96,0.3661810396797653
41,0.2,recommended_solve,1e-10,97,0.36616721709595834
41,0.2,recommended_solve,1e-10,98,0.3661586580214612
41,0.2,recommended_solve,1e-10,99,0.3661119967847923
41,0.2,recommended_solve,1e-10,100,0.36606065826568296
41,0.2,recommended_solve,1e-10,101,0.3660587349856063
41,0.2,recommended_solve,1e-10,102,0.36604482514922027
41,0.2,recommended_solve,1e-10,103,0.3660033786182991
41,0.2,recommended_solve,1e-10,104,0.36598975317912785
41,0.2,recommended_solve,1e-10,105,0.36598208672590743
41,0.2,recommended_solve,1e-10,106,0.36596179978544796
41,0.2,recommended_solve,1e-10,107,0.3659533900076179
41,0.2,recommended_solve,1e-10,108,0.36594609213376955
41,0.2,recommended_solve,1e-10,109,0.3659272898536304
41,0.2,recommended_solve,1e-10,110,0.36592044234342214
41,0.2,recommended_solve,1e-10,111,0.3659202550619716
41,0.2,recommended_solve,1e-10,112,0.3659073066161633
41,0.2,recommended_solve,1e-10,113,0.3659033294546644
41,0.2,recommended_solve,1e-10,114,0.36590323796977225
41,0.2,recommended_solve,1e-10,115,0.36590269388389024
41,0.2,recommended_solve,1e-10,116,0.36588274143097976
41,0.2,recommended_solve,1e-10,117,0.36587820904815005
41,0.2,recommended_solve,1e-10,118,0.3658763655976939
41,0.2,recommended_solve,1e-10,119,0.3658755622443534
41,0.2,recommended_solve,1e-10,120,0.36587389683479815
41,0.2,recommended_solve,1e-10,121,0.36587329620173514
41,0.2,recommended_solve,1e-10,122,0.36586859824259416
41,0.2,recommended_solve,1e-10,123,0.3658644920252281
41,0.2,recommended_solve,1e-10,124,0.36586436740245193
41,0.2,recommended_solve,1e-10,125,0.36585008427398313
41,0.2,recommended_solve,1e-10,126,0.36584587033805643
41,0.2,recommended_solve,1e-10,127,0.3658453259595793
41,0.2,recommended_solve,1e-10,128,0.36583701398738033
41,0.2,recommended_solve,1e-10,129,0.365835477423645
41,0.2,recommended_solve,1e-10,130,0.36583318225112565
41,0.2,recommended_solve,1e-10,131,0.3658263446841337
41,0.2,recommended_solve,1e-10,132,0.3658196174942384
41,0.2,recommended_solve,1e-10,133,0.36581930202526597
41,0.2,recommended_solve,1e-10,134,0.3658136477312554
41,0.2,recommended_solve,1e-10,135,0.36581360942167496
41,0.2,recommended_solve,1e-10,136,0.365813595510324
41,0.2,recommended_solve,1e-10,137,0.3658100539699939
41,0.2,recommended_solve,1e-10,138,0.36580995792447646
41,0.2,recommended_solve,1e-10,139,0.36580987965746425
41,0.2,recommended_solve,1e-10,140,0.36580923367716645
41,0.2,recommended_solve,1e-10,141,0.3658078214688259
41,0.2,recommended_solve,1e-10,142,0.36580670904323487
41,0.2,recommended_solve,1e-10,143,0.36579458963235106
41,0.2,recommended_solve,1e-10,144,0.3657943028484984
41,0.2,recommended_solve,1e-10,145,0.36579426798286696
41,0.2,recommended_solve,1e-10,146,0.36578119714441343
41,0.2,recommended_solve,1e-10,147,0.36577967259288324
41,0.2,recommended_solve,1e-10,148,0.3657781510252739
41,0.2,recommended_solve,1e-10,149,0.3657744488512981
41,0.2,recommended_solve,1e-10,150,0.3657684964233618
41,0.2,recommended_solve,1e-10,151,0.36576844765115235
41,0.2,recommended_solve,1e-10,152,0.36576843425565286
41,0.2,recommended_solve,1e-10,153,0.3657683624454479
41,0.2,recommended_solve,1e-10,154,0.3657491491482464
41,0.2,recommended_solve,1e-10,155,0.3657479140418455
41,0.2,recommended_solve,1e-10,156,0.36574715557633447
41,0.2,recommended_solve,1e-10,157,0.3657455231596698
41,0.2,recommended_solve,1e-10,158,0.3657388400245525
41,0.2,recommended_solve,1e-10,159,0.3657361482188304
41,0.2,recommended_solve,1e-10,160,0.36573431626304437
41,0.2,recommended_solve,1e-10,161,0.3657279746977055
41,0.2,recommended_solve,1e-10,162,0.36572635226429856
41,0.2,recommended_solve,1e-10,163,0.36571240078185846
41,0.2,recommended_solve,1e-10,164,0.3657026558962898
41,0.2,recommended_solve,1e-10,165,0.36569339878432383
41,0.2,recommended_solve,1e-10,166,0.3656873119719705
41,0.2,recommended_solve,1e-10,167,0.36568659270693077
41,0.2,recommended_solve,1e-10,168,0.36568324808787717
41,0.2,recommended_solve,1e-10,169,0.3656788899344282
41,0.2,recommended_solve,1e-10,170,0.36567629442916233
41,0.2,recommended_solve,1e-10,171,0.3656699041857282
41,0.2,recommended_solve,1e-10,172,0.36566894696410734
41,0.2,recommended_solve,1e-10,173,0.36566812270101606
41,0.2,recommended_solve,1e-10,174,0.3656626257920345
41,0.2,recommended_solve,1e-10,175,0.365661529734886
41,0.2,recommended_solve,1e-10,176,0.36566053584320657
41,0.2,recommended_solve,1e-10,177,0.36566029448014936
41,0.2,recommended_solve,1e-10,178,0.365649777126682
41,0.2,recommended_solve,1e-10,179,0.36564737595773333
41,0.2,recommended_solve,1e-10,180,0.3656453715343525
41,0.2,recommended_solve,1e-10,181,0.36564231594990454
41,0.2,recommended_solve,1e-10,182,0.365638249519979
41,0.2,recommended_solve,1e-10,183,0.3656307928706719
41,0.2,recommended_solve,1e-10,184,0.3656278644717318
41,0.2,recommended_solve,1e-10,185,0.3656107112992877
41,0.2,recommended_solve,1e-10,186,0.3655938776908178
41,0.2,recommended_solve,1e-10,187,0.36558834653598754
41,0.2,recommended_solve,1e-10,188,0.36558519241023724
41,0.2,recommended_solve,1e-10,189,0.3655714861177464
41,0.2,recommended_solve,1e-10,190,0.36555919153931027
41,0.2,recommended_solve,1e-10,191,0.36555709884603566
41,0.2,recommended_solve,1e-10,192,0.365555430367036
41,0.2,recommended_solve,1e-10,193,0.3655554080535073
41,0.2,recommended_solve,1e-10,194,0.3655540892511243
41,0.2,recommended_solve,1e-10,195,0.36555296153383454
41,0.2,recommended_solve,1e-10,196,0.36554675165396494
41,0.2,recommended_solve,1e-10,197,0.36554646700901583
41,0.2,recommended_solve,1e-10,198,0.3655464113112897
41,0.2,recommended_solve,1e-10,199,0.36554631191412995
41,0.2,recommended_solve,1e-10,200,0.3655461453809952
41,0.2,recommended_solve,1e-10,201,0.3655458058071265
41,0.2,recommended_solve,1e-10,202,0.3655453485709372
41,0.2,recommended_solve,1e-10,203,0.36554525515277314
41,0.2,recommended_solve,1e-10,204,0.36554469069132756
41,0.2,recommended_solve,1e-10,205,0.3655440796430472
41,0.2,recommended_solve,1e-10,206,0.3655421163911265
41,0.2,recommended_solve,1e-10,207,0.36553801764333915
41,0.2,recommended_solve,1e-10,208,0.36553375455943593
41,0.2,recommended_solve,1e-10,209,0.3655300897154919
41,0.2,recommended_solve,1e-10,210,0.36552613410191453
41,0.2,recommended_solve,1e-10,211,0.36552537805770074
41,0.2,recommended_solve,1e-10,212,0.3655242909659837
41,0.2,recommended_solve,1e-10,213,0.3655229168307401
41,0.2,recommended_solve,1e-10,214,0.36551208179992944
41,0.2,recommended_solve,1e-10,215,0.3655100389536925
41,0.2,recommended_solve,1e-10,216,0.36550872240212146
41,0.2,recommended_solve,1e-10,217,0.36550753418499465
41,0.2,recommended_solve,1e-10,218,0.3655039594106364
41,0.2,recommended_solve,1e-10,219,0.36549636981911066
41,0.2,recommended_solve,1e-10,220,0.3654963657607785
41,0.2,recommended_solve,1e-10,221,0.3654950278865474
41,0.2,recommended_solve,1e-10,222,0.3654920956587024
41,0.2,recommended_solve,1e-10,223,0.3654820381931479
41,0.2,recommended_solve,1e-10,224,0.3654801309114205
41,0.2,recommended_solve,1e-10,225,0.36548009180027924
41,0.2,recommended_solve,1e-10,226,0.36547745632115486
41,0.2,recommended_solve,1e-10,227,0.36547681938607546
41,0.2,recommended_solve,1e-10,228,0.3654671176917354
41,0.2,recommended_solve,1e-10,229,0.36545583618406696
41,0.2,recommended_solve,1e-10,230,0.3654553264293608
41,0.2,recommended_solve,1e-10,231,0.36544173448269496
41,0.2,recommended_solve,1e-10,232,0.3654295802165437
41,0.2,recommended_solve,1e-10,233,0.365428737085189
41,0.2,recommended_solve,1e-10,234,0.3654274276826448
41,0.2,recommended_solve,1e-10,235,0.3654273267820312
41,0.2,recommended_solve,1e-10,236,0.36542404684768715
41,0.2,recommended_solve,1e-10,237,0.3654178361035456
41,0.2,recommended_solve,1e-10,238,0.36541781013326613
41,0.2,recommended_solve,1e-10,239,0.3654163819270705
41,0.2,recommended_solve,1e-10,240,0.3654122337562538
41,0.2,recommended_solve,1e-10,241,0.3653860194081283
41,0.2,recommended_solve,1e-10,242,0.365382409730801
41,0.2,recommended_solve,1e-10,243,0.3653813958726758
41,0.2,recommended_solve,1e-10,244,0.3653614969566077
41,0.2,recommended_solve,1e-10,245,0.3653546543030751
41,0.2,recommended_solve,1e-10,246,0.36533944500564874
41,0.2,recommended_solve,1e-10,247,0.36533633900657325
41,0.2,recommended_solve,1e-10,248,0.36532920828251453
41,0.2,recommended_solve,1e-10,249,0.3653220768304399
41,0.2,recommended_solve,1e-10,250,0.3653172882769887
41,0.2,recommended_solve,1e-10,251,0.3653170069077744
41,0.2,recommended_solve,1e-10,252,0.3652947057769512
41,0.2,recommended_solve,1e-10,253,0.36528593499704687
41,0.2,recommended_solve,1e-10,254,0.3652837975272185
41,0.2,recommended_solve,1e-10,255,0.36528324792083333
41,0.2,recommended_solve,1e-10,256,0.36527162238275523
41,0.2,recommended_solve,1e-10,257,0.3652592389429596
41,0.2,recommended_solve,1e-10,258,0.3652544955614768
41,0.2,recommended_solve,1e-10,259,0.36524928656827116
41,0.2,recommended_solve,1e-10,260,0.36524850734108194
41,0.2,recommended_solve,1e-10,261,0.3652320393570521
41,0.2,recommended_solve,1e-10,262,0.3652175139056806
41,0.2,recommended_solve,1e-10,263,0.3652150184852878
41,0.2,recommended_solve,1e-10,264,0.3652121676695693
41,0.2,recommended_solve,1e-10,265,0.3651919027189872
41,0.2,recommended_solve,1e-10,266,0.3651816317380029
41,0.2,recommended_solve,1e-10,267,0.36517814982991925
41,0.2,recommended_solve,1e-10,268,0.3651638150404271
41,0.2,recommended_solve,1e-10,269,0.3651545350520367
41,0.2,recommended_solve,1e-10,270,0.36515416095123465
41,0.2,recommended_solve,1e-10,271,0.36514209931988917
41,0.2,recommended_solve,1e-10,272,0.36513628242173146
41,0.2,recommended_solve,1e-10,273,0.3651260875660773
41,0.2,recommended_solve,1e-10,274,0.36512536793987915
41,0.2,recommended_solve,1e-10,275,0.3651182209303466
41,0.2,recommended_solve,1e-10,276,0.3651171389074256
41,0.2,recommended_solve,1e-10,277,0.36511417689351466
41,0.2,recommended_solve,1e-10,278,0.36510847579642963
41,0.2,recommended_solve,1e-10,279,0.36510397189033444
41,0.2,recommended_solve,1e-10,280,0.3650971282412025
41,0.2,recommended_solve,1e-10,281,0.3650888622402389
41,0.2,recommended_solve,1e-10,282,0.3650848042543112
41,0.2,recommended_solve,1e-10,283,0.36506799834561454
41,0.2,recommended_solve,1e-10,284,0.36505505436009994
41,0.2,recommended_solve,1e-10,285,0.36504233651196877
41,0.2,recommended_solve,1e-10,286,0.36503535801800524
41,0.2,recommended_solve,1e-10,287,0.3650215962058773
41,0.2,recommended_solve,1e-10,288,0.3650070573186192
41,0.2,recommended_solve,1e-10,289,0.36499643371557944
41,0.2,recommended_solve,1e-10,290,0.3649934266264469
41,0.2,recommended_solve,1e-10,291,0.36496610527531553
41,0.2,recommended_solve,1e-10,292,0.3649608456198816
41,0.2,recommended_solve,1e-10,293,0.36493580232778644
41,0.2,recommended_solve,1e-10,294,0.3649073484341419
41,0.2,recommended_solve,1e-10,295,0.36489198637073833
41,0.2,recommended_solve,1e-10,296,0.3648874178750265
41,0.2,recommended_solve,1e-10,297,0.3648438442990283
41,0.2,recommended_solve,1e-10,298,0.3648186924445529
41,0.2,recommended_solve,1e-10,299,0.3648074360004249
41,0.2,recommended_solve,1e-10,300,0.3647597117289595
41,0.2,recommended_solve,1e-08,0,1.0
41,0.2,recommended_solve,1e-08,1,0.5426927032224413
41,0.2,recommended_solve,1e-08,2,0.513756395692145
41,0.2,recommended_solve,1e-08,3,0.47326051423081067
41,0.2,recommended_solve,1e-08,4,0.4526087329289516
41,0.2,recommended_solve,1e-08,5,0.43583730635474144
41,0.2,recommended_solve,1e-08,6,0.42028298165638556
41,0.2,recommended_solve,1e-08,7,0.40849029812465215
41,0.2,recommended_solve,1e-08,8,0.40350908943024877
41,0.2,recommended_solve,1e-08,9,0.39702027932000195
41,0.2,recommended_solve,1e-08,10,0.3939658163825392
41,0.2,recommended_solve,1e-08,11,0.3898624350555265
41,0.2,recommended_solve,1e-08,12,0.3887394392877566
41,0.2,recommended_solve,1e-08,13,0.386302694723011
41,0.2,recommended_solve,1e-08,14,0.3844488004912613
41,0.2,recommended_solve,1e-08,15,0.3833085951538981
41,0.2,recommended_solve,1e-08,16,0.38272458147437194
41,0.2,recommended_solve,1e-08,17,0.38168496511947236
41,0.2,recommended_solve,1e-08,18,0.38087364516660976
41,0.2,recommended_solve,1e-08,19,0.3803653406970373
41,0.2,recommended_solve,1e-08,20,0.3800633008410892
41,0.2,recommended_solve,1e-08,21,0.3794775666319527
41,0.2,recommended_solve,1e-08,22,0.3789163280929484
41,0.2,recommended_solve,1e-08,23,0.37852494242871354
41,0.2,recommended_solve,1e-08,24,0.3783155515872008
41,0.2,recommended_solve,1e-08,25,0.37792572333099406
41,0.2,recommended_solve,1e-08,26,0.3776440463150209
41,0.2,recommended_solve,1e-08,27,0.3774649833061717
41,0.2,recommended_solve,1e-08,28,0.3772163222242679
41,0.2,recommended_solve,1e-08,29,0.37693494351821943
41,0.2,recommended_solve,1e-08,30,0.3766773329513409
41,0.2,recommended_solve,1e-08,31,0.3764182884285773
41,0.2,recommended_solve,1e-08,32,0.37617937141867425
41,0.2,recommended_solve,1e-08,33,0.37589266511631625
41,0.2,recommended_solve,1e-08,34,0.37567530235014474
41,0.2,recommended_solve,1e-08,35,0.3753751462483906
41,0.2,recommended_solve,1e-08,36,0.3750373323283409
41,0.2,recommended_solve,1e-08,37,0.37467345060997836
41,0.2,recommended_solve,1e-08,38,0.37442152164757136
41,0.2,recommended_solve,1e-08,39,0.37419544466372934
41,0.2,recommended_solve,1e-08,40,0.37380893297191614
41,0.2,recommended_solve,1e-08,41,0.37326379671316734
41,0.2,recommended_solve,1e-08,42,0.3729068883339655
41,0.2,recommended_solve,1e-08,43,0.3725771409987161
41,0.2,recommended_solve,1e-08,44,0.37211872314708333
41,0.2,recommended_solve,1e-08,45,0.3717712572367526
41,0.2,recommended_solve,1e-08,46,0.37143128281017973
41,0.2,recommended_solve,1e-08,47,0.3711179430257833
41,0.2,recommended_solve,1e-08,48,0.37082744352110947
41,0.2,recommended_solve,1e-08,49,0.3705999114770845
41,0.2,recommended_solve,1e-08,50,0.37014197950571875
41,0.2,recommended_solve,1e-08,51,0.3698587883821506
41,0.2,recommended_solve,1e-08,52,0.36956166228597015
41,0.2,recommended_solve,1e-08,53,0.36938505568279273
41,0.2,recommended_solve,1e-08,54,0.36910915734254146
41,0.2,recommended_solve,1e-08,55,0.3687678445053085
41,0.2,recommended_solve,1e-08,56,0.36854631814589006
41,0.2,recommended_solve,1e-08,57,0.3684556040876986
41,0.2,recommended_solve,1e-08,58,0.3680988683142697
41,0.2,recommended_solve,1e-08,59,0.3677998110288363
41,0.2,recommended_solve,1e-08,60,0.36759749853259105
41,0.2,recommended_solve,1e-08,61,0.3674970147866788
41,0.2,recommended_solve,1e-08,62,0.36714099396133887
41,0.2,recommended_solve,1e-08,63,0.3667324751990864
41,0.2,recommended_solve,1e-08,64,0.3663681607360728
41,0.2,recommended_solve,1e-08,65,0.3661793190482378
41,0.2,recommended_solve,1e-08,66,0.36589123914804533
41,0.2,recommended_solve,1e-08,67,0.36560365097511915
41,0.2,recommended_solve,1e-08,68,0.36530812944350377
41,0.2,recommended_solve,1e-08,69,0.3651271807295819
41,0.2,recommended_solve,1e-08,70,0.36492057456287247
41,0.2,recommended_solve,1e-08,71,0.36477708024090283
41,0.2,recommended_solve,1e-08,72,0.36453272635387696
41,0.2,recommended_solve,1e-08,73,0.36437950969462735
41,0.2,recommended_solve,1e-08,74,0.36419660755792166
41,0.2,recommended_solve,1e-08,75,0.3640065603334262
41,0.2,recommended_solve,1e-08,76,0.3638552226202256
41,0.2,recommended_solve,1e-08,77,0.3637513344052062
41,0.2,recommended_solve,1e-08,78,0.3636240327413228
41,0.2,recommended_solve,1e-08,79,0.3634743806606571
41,0.2,recommended_solve,1e-08,80,0.3632187721916046
41,0.2,recommended_solve,1e-08,81,0.36301210871831896
41,0.2,recommended_solve,1e-08,82,0.36283910577078154
41,0.2,recommended_solve,1e-08,83,0.3627446900425052
41,0.2,recommended_solve,1e-08,84,0.36253659211719763
41,0.2,recommended_solve,1e-08,85,0.3623681160645169
41,0.2,recommended_solve,1e-08,86,0.3621804212300354
41,0.2,recommended_solve,1e-08,87,0.36207365898522037
41,0.2,recommended_solve,1e-08,88,0.36188554554754443
41,0.2,recommended_solve,1e-08,89,0.3617379722372754
41,0.2,recommended_solve,1e-08,90,0.36158487257396366
41,0.2,recommended_solve,1e-08,91,0.3614918837743277
41,0.2,recommended_solve,1e-08,92,0.3613704427331795
41,0.2,recommended_solve,1e-08,93,0.36129024899232987
41,0.2,recommended_solve,1e-08,94,0.36117912195129226
41,0.2,recommended_solve,1e-08,95,0.36112881594772295
41,0.2,recommended_solve,1e-08,96,0.36099697868820413
41,0.2,recommended_solve,1e-08,97,0.3609481716203634
41,0.2,recommended_solve,1e-08,98,0.3608630856579217
41,0.2,recommended_solve,1e-08,99,0.36076744751829265
41,0.2,recommended_solve,1e-08,100,0.36064489520272003
41,0.2,recommended_solve,1e-08,101,0.3605898742799235
41,0.2,recommended_solve,1e-08,102,0.360482044422634
41,0.2,recommended_solve,1e-08,103,0.3604152193852941
41,0.2,recommended_solve,1e-08,104,0.3603485489478031
41,0.2,recommended_solve,1e-08,105,0.36027188479680916
41,0.2,recommended_solve,1e-08,106,0.3601817926123688
41,0.2,recommended_solve,1e-08,107,0.3601327607949321
41,0.2,recommended_solve,1e-08,108,0.36005615659435664
41,0.2,recommended_solve,1e-08,109,0.3600179714163686
41,0.2,recommended_solve,1e-08,110,0.35996018579200967
41,0.2,recommended_solve,1e-08,111,0.3598832983721596
41,0.2,recommended_solve,1e-08,112,0.3598149673193418
41,0.2,recommended_solve,1e-08,113,0.3597650496764555
41,0.2,recommended_solve,1e-08,114,0.35971085968443683
41,0.2,recommended_solve,1e-08,115,0.3596583166136184
41,0.2,recommended_solve,1e-08,116,0.35959209446573626
41,0.2,recommended_solve,1e-08,117,0.35949546742526917
41,0.2,recommended_solve,1e-08,118,0.35939592029855855
41,0.2,recommended_solve,1e-08,119,0.35931883466494763
41,0.2,recommended_solve,1e-08,120,0.35927173758323455
41,0.2,recommended_solve,1e-08,121,0.35919725905523897
41,0.2,recommended_solve,1e-08,122,0.3590573580548788
41,0.2,recommended_solve,1e-08,123,0.3589135757545651
41,0.2,recommended_solve,1e-08,124,0.3587655164010085
41,0.2,recommended_solve,1e-08,125,0.3584974984939616
41,0.2,recommended_solve,1e-08,126,0.35826686967524896
41,0.2,recommended_solve,1e-08,127,0.35805144495483404
41,0.2,recommended_solve,1e-08,128,0.3578112420125487
41,0.2,recommended_solve,1e-08,129,0.35749178773329543
41,0.2,recommended_solve,1e-08,130,0.35713084453288213
41,0.2,recommended_solve,1e-08,131,0.3566492743560227
41,0.2,recommended_solve,1e-08,132,0.35627875792086244
41,0.2,recommended_solve,1e-08,133,0.35589659462645984
41,0.2,recommended_solve,1e-08,134,0.3554626918128555
41,0.2,recommended_solve,1e-08,135,0.355044802634404
41,0.2,recommended_solve,1e-08,136,0.35458271484838483
41,0.2,recommended_solve,1e-08,137,0.3540573086048655
41,0.2,recommended_solve,1e-08,138,0.3535947461382224
41,0.2,recommended_solve,1e-08,139,0.3530215744263338
41,0.2,recommended_solve,1e-08,140,0.3525227461728679
41,0.2,recommended_solve,1e-08,141,0.3518996232031363
41,0.2,recommended_solve,1e-08,142,0.35108780384253574
41,0.2,recommended_solve,1e-08,143,0.35017934346135526
41,0.2,recommended_solve,1e-08,144,0.3492420452626415
41,0.2,recommended_solve,1e-08,145,0.34811894701428114
41,0.2,recommended_solve,1e-08,146,0.3468259880504123
41,0.2,recommended_solve,1e-08,147,0.3452140072022011
41,0.2,recommended_solve,1e-08,148,0.34355504355162686
41,0.2,recommended_solve,1e-08,149,0.34176890308716434
41,0.2,recommended_solve,1e-08,150,0.33994099626233176
41,0.2,recommended_solve,1e-08,151,0.33764145304381166
41,0.2,recommended_solve,1e-08,152,0.33560299198867394
41,0.2,recommended_solve,1e-08,153,0.3327976080444207
41,0.2,recommended_solve,1e-08,154,0.3302167932081037
41,0.2,recommended_solve,1e-08,155,0.327123875303322
41,0.2,recommended_solve,1e-08,156,0.32465901208420533
41,0.2,recommended_solve,1e-08,157,0.3219528524063852
41,0.2,recommended_solve,1e-08,158,0.31957475776260896
41,0.2,recommended_solve,1e-08,159,0.31691562472393603
41,0.2,recommended_solve,1e-08,160,0.31494405517894203
41,0.2,recommended_solve,1e-08,161,0.3127785700850407
41,0.2,recommended_solve,1e-08,162,0.3110594713483584
41,0.2,recommended_solve,1e-08,163,0.3091941224495174
41,0.2,recommended_solve,1e-08,164,0.3078777898634115
41,0.2,recommended_solve,1e-08,165,0.3062990634499569
41,0.2,recommended_solve,1e-08,166,0.30514274172230665
41,0.2,recommended_solve,1e-08,167,0.30371947187257264
41,0.2,recommended_solve,1e-08,168,0.3026076610883806
41,0.2,recommended_solve,1e-08,169,0.3011837227667402
41,0.2,recommended_solve,1e-08,170,0.3001275407634628
41,0.2,recommended_solve,1e-08,171,0.2988915728459357
41,0.2,recommended_solve,1e-08,172,0.2977909031034388
41,0.2,recommended_solve,1e-08,173,0.29628769972145436
41,0.2,recommended_solve,1e-08,174,0.29503986307827607
41,0.2,recommended_solve,1e-08,175,0.2933996840626885
41,0.2,recommended_solve,1e-08,176,0.29200702153573205
41,0.2,recommended_solve,1e-08,177,0.2904928839563793
41,0.2,recommended_solve,1e-08,178,0.2890753213990509
41,0.2,recommended_solve,1e-08,179,0.28743776589816755
41,0.2,recommended_solve,1e-08,180,0.28616302381387215
41,0.2,recommended_solve,1e-08,181,0.28430325734541323
41,0.2,recommended_solve,1e-08,182,0.28279755165329395
41,0.2,recommended_solve,1e-08,183,0.28114480560646277
41,0.2,recommended_solve,1e-08,184,0.27968702037625554
41,0.2,recommended_solve,1e-08,185,0.27800799243296503
41,0.2,recommended_solve,1e-08,186,0.2768921358993412
41,0.2,recommended_solve,1e-08,187,0.27556182645275407
41,0.2,recommended_solve,1e-08,188,0.2746430926616655
41,0.2,recommended_solve,1e-08,189,0.2735066715809054
41,0.2,recommended_solve,1e-08,190,0.27276640560063176
41,0.2,recommended_solve,1e-08,191,0.27199323515601365
41,0.2,recommended_solve,1e-08,192,0.2713680242273379
41,0.2,recommended_solve,1e-08,193,0.2707321555063508
41,0.2,recommended_solve,1e-08,194,0.2701966119016626
41,0.2,recommended_solve,1e-08,195,0.26959874882699997
41,0.2,recommended_solve,1e-08,196,0.269245985824264
41,0.2,recommended_solve,1e-08,197,0.26885478871753277
41,0.2,recommended_solve,1e-08,198,0.2684747211042638
41,0.2,recommended_solve,1e-08,199,0.2681346753221212
41,0.2,recommended_solve,1e-08,200,0.26783968761292515
41,0.2,recommended_solve,1e-08,201,0.26751326558209376
41,0.2,recommended_solve,1e-08,202,0.2672416627758277
41,0.2,recommended_solve,1e-08,203,0.26687007472498114
41,0.2,recommended_solve,1e-08,204,0.26650497380907356
41,0.2,recommended_solve,1e-08,205,0.26610780470949885
41,0.2,recommended_solve,1e-08,206,0.2657855502739376
41,0.2,recommended_solve,1e-08,207,0.2652874567926235
41,0.2,recommended_solve,1e-08,208,0.2649317725077729
41,0.2,recommended_solve,1e-08,209,0.26454081006340946
41,0.2,recommended_solve,1e-08,210,0.2641443126912367
41,0.2,recommended_solve,1e-08,211,0.2636206012905236
41,0.2,recommended_solve,1e-08,212,0.26324800898954787
41,0.2,recommended_solve,1e-08,213,0.26273286540529606
41,0.2,recommended_solve,1e-08,214,0.26237616915633527
41,0.2,recommended_solve,1e-08,215,0.2619068019118983
41,0.2,recommended_solve,1e-08,216,0.2614996335411222
41,0.2,recommended_solve,1e-08,217,0.2610344494021047
41,0.2,recommended_solve,1e-08,218,0.2606067897318785
41,0.2,recommended_solve,1e-08,219,0.260111960114728
41,0.2,recommended_solve,1e-08,220,0.25959478144156406
41,0.2,recommended_solve,1e-08,221,0.2590765741891881
41,0.2,recommended_solve,1e-08,222,0.2585483285065492
41,0.2,recommended_solve,1e-08,223,0.2580733305307018
41,0.2,recommended_solve,1e-08,224,0.2576768248621667
41,0.2,recommended_solve,1e-08,225,0.2572624195953125
41,0.2,recommended_solve,1e-08,226,0.2569061413620326
41,0.2,recommended_solve,1e-08,227,0.25651610437230943
41,0.2,recommended_solve,1e-08,228,0.2562057659468143
41,0.2,recommended_solve,1e-08,229,0.25575874265350573
41,0.2,recommended_solve,1e-08,230,0.2554244083712218
41,0.2,recommended_solve,1e-08,231,0.25495867909666864
41,0.2,recommended_solve,1e-08,232,0.2546880116853713
41,0.2,recommended_solve,1e-08,233,0.25427346554649916
41,0.2,recommended_solve,1e-08,234,0.25398371505062106
41,0.2,recommended_solve,1e-08,235,0.2535868454818518
41,0.2,recommended_solve,1e-08,236,0.25329560112114624
41,0.2,recommended_solve,1e-08,237,0.2527919003648611
41,0.2,recommended_solve,1e-08,238,0.2524416131073637
41,0.2,recommended_solve,1e-08,239,0.2520021721726867
41,0.2,recommended_solve,1e-08,240,0.2515949288651705
41,0.2,recommended_solve,1e-08,241,0.25102887683188385
41,0.2,recommended_solve,1e-08,242,0.2505054421118024
41,0.2,recommended_solve,1e-08,243,0.25007068562122586
41,0.2,recommended_solve,1e-08,244,0.24970631402455867
41,0.2,recommended_solve,1e-08,245,0.24921716303661348
41,0.2,recommended_solve,1e-08,246,0.24889218843304867
41,0.2,recommended_solve,1e-08,247,0.2484477957554242
41,0.2,recommended_solve,1e-08,248,0.2482078636150949
41,0.2,recommended_solve,1e-08,249,0.247920946527978
41,0.2,recommended_solve,1e-08,250,0.2476615517294204
41,0.2,recommended_solve,1e-08,251,0.24735725245504192
41,0.2,recommended_solve,1e-08,252,0.2471122134103173
41,0.2,recommended_solve,1e-08,253,0.24678101840904404
41,0.2,recommended_solve,1e-08,254,0.24659896026955302
41,0.2,recommended_solve,1e-08,255,0.24628223831491508
41,0.2,recommended_solve,1e-08,256,0.24603465948004394
41,0.2,recommended_solve,1e-08,257,0.24570959140894497
41,0.2,recommended_solve,1e-08,258,0.2454535622150564
41,0.2,recommended_solve,1e-08,259,0.24520009178146954
41,0.2,recommended_solve,1e-08,260,0.24497626251734703
41,0.2,recommended_solve,1e-08,261,0.24470796911099904
41,0.2,recommended_solve,1e-08,262,0.24452409644321554
41,0.2,recommended_solve,1e-08,263,0.24432399953564968
41,0.2,recommended_solve,1e-08,264,0.24416227069931534
41,0.2,recommended_solve,1e-08,265,0.2439948268586573
41,0.2,recommended_solve,1e-08,266,0.2438618409495553
41,0.2,recommended_solve,1e-08,267,0.2437372545130201
41,0.2,recommended_solve,1e-08,268,0.24363165267201983
41,0.2,recommended_solve,1e-08,269,0.24354944892608113
41,0.2,recommended_solve,1e-08,270,0.24348857706707513
41,0.2,recommended_solve,1e-08,271,0.24339527931902583
41,0.2,recommended_solve,1e-08,272,0.24329217164615982
41,0.2,recommended_solve,1e-08,273,0.24322437102092626
41,0.2,recommended_solve,1e-08,274,0.2431831226512965
41,0.2,recommended_solve,1e-08,275,0.2431095320801138
41,0.2,recommended_solve,1e-08,276,0.24305077702713793
41,0.2,recommended_solve,1e-08,277,0.2429792207276877
41,0.2,recommended_solve,1e-08,278,0.24291544397295686
41,0.2,recommended_solve,1e-08,279,0.24278497311799188
41,0.2,recommended_solve,1e-08,280,0.2427073401848903
41,0.2,recommended_solve,1e-08,281,0.24259901928225605
41,0.2,recommended_solve,1e-08,282,0.2424753192621802
41,0.2,recommended_solve,1e-08,283,0.24234259843788328
41,0.2,recommended_solve,1e-08,284,0.24225243178793662
41,0.2,recommended_solve,1e-08,285,0.24212084220161553
41,0.2,recommended_solve,1e-08,286,0.24200520707362824
41,0.2,recommended_solve,1e-08,287,0.24186739825126535
41,0.2,recommended_solve,1e-08,288,0.24176559521566043
41,0.2,recommended_solve,1e-08,289,0.24165852962992115
41,0.2,recommended_solve,1e-08,290,0.2415157079970565
41,0.2,recommended_solve,1e-08,291,0.24137157223221542
41,0.2,recommended_solve,1e-08,292,0.24122573537095326
41,0.2,recommended_solve,1e-08,293,0.24101936417383865
41,0.2,recommended_solve,1e-08,294,0.24083903865079534
41,0.2,recommended_solve,1e-08,295,0.24067180457163984
41,0.2,recommended_solve,1e-08,296,0.24051056186579672
41,0.2,recommended_solve,1e-08,297,0.24029996834345496
41,0.2,recommended_solve,1e-08,298,0.2401399874474706
41,0.2,recommended_solve,1e-08,299,0.23993262947496583
41,0.2,recommended_solve,1e-08,300,0.23973653563704922
41,0.2,recommended_solve,1e-06,0,1.0
41,0.2,recommended_solve,1e-06,1,0.542645276747574
41,0.2,recommended_solve,1e-06,2,0.5136304602443327
41,0.2,recommended_solve,1e-06,3,0.47288911040338183
41,0.2,recommended_solve,1e-06,4,0.45198601348662876
41,0.2,recommended_solve,1e-06,5,0.4348159386901738
41,0.2,recommended_solve,1e-06,6,0.41846041458824357
41,0.2,recommended_solve,1e-06,7,0.4062082464829056
41,0.2,recommended_solve,1e-06,8,0.40098175676310677
41,0.2,recommended_solve,1e-06,9,0.3936590673502734
41,0.2,recommended_solve,1e-06,10,0.39002325965474144
41,0.2,recommended_solve,1e-06,11,0.3851255563632991
41,0.2,recommended_solve,1e-06,12,0.3834395008251109
41,0.2,recommended_solve,1e-06,13,0.38002943170005615
41,0.2,recommended_solve,1e-06,14,0.3771994121656843
41,0.2,recommended_solve,1e-06,15,0.3749947307054114
41,0.2,recommended_solve,1e-06,16,0.37363796382111125
41,0.2,recommended_solve,1e-06,17,0.3711898370304158
41,0.2,recommended_solve,1e-06,18,0.3689961122067814
41,0.2,recommended_solve,1e-06,19,0.3670707073066697
41,0.2,recommended_solve,1e-06,20,0.3654289737008823
41,0.2,recommended_solve,1e-06,21,0.3624812132877305
41,0.2,recommended_solve,1e-06,22,0.35983377253100995
41,0.2,recommended_solve,1e-06,23,0.35694356725902193
41,0.2,recommended_solve,1e-06,24,0.3544583223083918
41,0.2,recommended_solve,1e-06,25,0.3507686937351896
41,0.2,recommended_solve,1e-06,26,0.34732653306841327
41,0.2,recommended_solve,1e-06,27,0.3435541652117337
41,0.2,recommended_solve,1e-06,28,0.33959639951891285
41,0.2,recommended_solve,1e-06,29,0.3346577035321139
41,0.2,recommended_solve,1e-06,30,0.33057241506219925
41,0.2,recommended_solve,1e-06,31,0.32503041090307855
41,0.2,recommended_solve,1e-06,32,0.320009236416358
41,0.2,recommended_solve,1e-06,33,0.3138731785591119
41,0.2,recommended_solve,1e-06,34,0.3086951362889337
41,0.2,recommended_solve,1e-06,35,0.3023729967768481
41,0.2,recommended_solve,1e-06,36,0.29682590009928467
41,0.2,recommended_solve,1e-06,37,0.29042099259195997
41,0.2,recommended_solve,1e-06,38,0.28522735657621934
41,0.2,recommended_solve,1e-06,39,0.2800241109445755
41,0.2,recommended_solve,1e-06,40,0.274904202347746
41,0.2,recommended_solve,1e-06,41,0.2699265222317019
41,0.2,recommended_solve,1e-06,42,0.26557199394070535
41,0.2,recommended_solve,1e-06,43,0.262211379399878
41,0.2,recommended_solve,1e-06,44,0.25893456139169885
41,0.2,recommended_solve,1e-06,45,0.2565823072485314
41,0.2,recommended_solve,1e-06,46,0.25428567472586255
41,0.2,recommended_solve,1e-06,47,0.2528548395282742
41,0.2,recommended_solve,1e-06,48,0.25105388747171936
41,0.2,recommended_solve,1e-06,49,0.24948057144933128
41,0.2,recommended_solve,1e-06,50,0.2477324907839803
41,0.2,recommended_solve,1e-06,51,0.24659383005565758
41,0.2,recommended_solve,1e-06,52,0.24510118793452643
41,0.2,recommended_solve,1e-06,53,0.24404102085903165
41,0.2,recommended_solve,1e-06,54,0.2427033160956318
41,0.2,recommended_solve,1e-06,55,0.24183234069404544
41,0.2,recommended_solve,1e-06,56,0.24072691804134067
41,0.2,recommended_solve,1e-06,57,0.23994356761375388
41,0.2,recommended_solve,1e-06,58,0.23880046961825913
41,0.2,recommended_solve,1e-06,59,0.23798802334887978
41,0.2,recommended_solve,1e-06,60,0.23685549945560658
41,0.2,recommended_solve,1e-06,61,0.2361331195106259
41,0.2,recommended_solve,1e-06,62,0.23510539230240388
41,0.2,recommended_solve,1e-06,63,0.23410433913302722
41,0.2,recommended_solve,1e-06,64,0.23292327877608143
41,0.2,recommended_solve,1e-06,65,0.23225257791323914
41,0.2,recommended_solve,1e-06,66,0.23127396753343885
41,0.2,recommended_solve,1e-06,67,0.23051532700989813
41,0.2,recommended_solve,1e-06,68,0.229660960400489
41,0.2,recommended_solve,1e-06,69,0.22908520342936764
41,0.2,recommended_solve,1e-06,70,0.22844959970803771
41,0.2,recommended_solve,1e-06,71,0.2279425496944833
41,0.2,recommended_solve,1e-06,72,0.22718673369847434
41,0.2,recommended_solve,1e-06,73,0.22657078888188212
41,0.2,recommended_solve,1e-06,74,0.2259145046541079
41,0.2,recommended_solve,1e-06,75,0.22527445572993765
41,0.2,recommended_solve,1e-06,76,0.22458295001020076
41,0.2,recommended_solve,1e-06,77,0.2239211682447422
41,0.2,recommended_solve,1e-06,78,0.22307014210843534
41,0.2,recommended_solve,1e-06,79,0.22230622874178252
41,0.2,recommended_solve,1e-06,80,0.22134892138062826
41,0.2,recommended_solve,1e-06,81,0.22044184253395965
41,0.2,recommended_solve,1e-06,82,0.21961722180668147
41,0.2,recommended_solve,1e-06,83,0.21896132915791114
41,0.2,recommended_solve,1e-06,84,0.21813090844160066
41,0.2,recommended_solve,1e-06,85,0.21743182764567315
41,0.2,recommended_solve,1e-06,86,0.21663168991716777
41,0.2,recommended_solve,1e-06,87,0.21611627154423368
41,0.2,recommended_solve,1e-06,88,0.21536187539976112
41,0.2,recommended_solve,1e-06,89,0.21478755281627526
41,0.2,recommended_solve,1e-06,90,0.2142361989199545
41,0.2,recommended_solve,1e-06,91,0.21379115729881487
41,0.2,recommended_solve,1e-06,92,0.2132007706734771
41,0.2,recommended_solve,1e-06,93,0.2128621212045304
41,0.2,recommended_solve,1e-06,94,0.2124050205242474
41,0.2,recommended_solve,1e-06,95,0.21200142203940603
41,0.2,recommended_solve,1e-06,96,0.21155844530731782
41,0.2,recommended_solve,1e-06,97,0.21125132929567086
41,0.2,recommended_solve,1e-06,98,0.21083620079266147
41,0.2,recommended_solve,1e-06,99,0.2104881031624248
41,0.2,recommended_solve,1e-06,100,0.21002787149394328
41,0.2,recommended_solve,1e-06,101,0.20975175753301184
41,0.2,recommended_solve,1e-06,102,0.20938907659313685
41,0.2,recommended_solve,1e-06,103,0.20912777828617354
41,0.2,recommended_solve,1e-06,104,0.20886838331194948
41,0.2,recommended_solve,1e-06,105,0.20861986771839372
41,0.2,recommended_solve,1e-06,106,0.20836812069321003
41,0.2,recommended_solve,1e-06,107,0.2081451010940792
41,0.2,recommended_solve,1e-06,108,0.20783142386892786
41,0.2,recommended_solve,1e-06,109,0.207611120609643
41,0.2,recommended_solve,1e-06,110,0.2073430785660391
41,0.2,recommended_solve,1e-06,111,0.20714559029559085
41,0.2,recommended_solve,1e-06,112,0.20684473897431485
41,0.2,recommended_solve,1e-06,113,0.20661353745391145
41,0.2,recommended_solve,1e-06,114,0.20632878500333218
41,0.2,recommended_solve,1e-06,115,0.2061282082378881
41,0.2,recommended_solve,1e-06,116,0.2058136408816093
41,0.2,recommended_solve,1e-06,117,0.2055448016575197
41,0.2,recommended_solve,1e-06,118,0.2051933631965039
41,0.2,recommended_solve,1e-06,119,0.2049310269403492
41,0.2,recommended_solve,1e-06,120,0.20466881032547862
41,0.2,recommended_solve,1e-06,121,0.20445312045487066
41,0.2,recommended_solve,1e-06,122,0.20407979109472818
41,0.2,recommended_solve,1e-06,123,0.2037771974169623
41,0.2,recommended_solve,1e-06,124,0.20341881254288266
41,0.2,recommended_solve,1e-06,125,0.2031009020295056
41,0.2,recommended_solve,1e-06,126,0.202732118226668
41,0.2,recommended_solve,1e-06,127,0.2024904112136036
41,0.2,recommended_solve,1e-06,128,0.20223106601701857
41,0.2,recommended_solve,1e-06,129,0.20202888615123607
41,0.2,recommended_solve,1e-06,130,0.2017846027399644
41,0.2,recommended_solve,1e-06,131,0.20160942335198145
41,0.2,recommended_solve,1e-06,132,0.20139888715046328
41,0.2,recommended_solve,1e-06,133,0.20127617346519344
41,0.2,recommended_solve,1e-06,134,0.20110043929717686
41,0.2,recommended_solve,1e-06,135,0.20101486773597124
41,0.2,recommended_solve,1e-06,136,0.2008742405174524
41,0.2,recommended_solve,1e-06,137,0.20078639858599945
41,0.2,recommended_solve,1e-06,138,0.2006680556688181
41,0.2,recommended_solve,1e-06,139,0.20059855595309717
41,0.2,recommended_solve,1e-06,140,0.20050353763779233
41,0.2,recommended_solve,1e-06,141,0.20035829479287479
41,0.2,recommended_solve,1e-06,142,0.20025600720024284
41,0.2,recommended_solve,1e-06,143,0.20016990234854393
41,0.2,recommended_solve,1e-06,144,0.2000626959779649
41,0.2,recommended_solve,1e-06,145,0.1999590037829568
41,0.2,recommended_solve,1e-06,146,0.19983798236506667
41,0.2,recommended_solve,1e-06,147,0.19973374391931664
41,0.2,recommended_solve,1e-06,148,0.19961325006587693
41,0.2,recommended_solve,1e-06,149,0.1995305484502634
41,0.2,recommended_solve,1e-06,150,0.19942272267845987
41,0.2,recommended_solve,1e-06,151,0.1993725769619369
41,0.2,recommended_solve,1e-06,152,0.19928677580435963
41,0.2,recommended_solve,1e-06,153,0.1991910883800645
41,0.2,recommended_solve,1e-06,154,0.19906205766278293
41,0.2,recommended_solve,1e-06,155,0.1990112386929809
41,0.2,recommended_solve,1e-06,156,0.19895318304462703
41,0.2,recommended_solve,1e-06,157,0.19888047655992572
41,0.2,recommended_solve,1e-06,158,0.19881310308888817
41,0.2,recommended_solve,1e-06,159,0.1987211970621915
41,0.2,recommended_solve,1e-06,160,0.19867038060319941
41,0.2,recommended_solve,1e-06,161,0.19858627161155462
41,0.2,recommended_solve,1e-06,162,0.19853101578067006
41,0.2,recommended_solve,1e-06,163,0.19844817607153636
41,0.2,recommended_solve,1e-06,164,0.19838241153649783
41,0.2,recommended_solve,1e-06,165,0.19831859225169327
41,0.2,recommended_solve,1e-06,166,0.19827932786324567
41,0.2,recommended_solve,1e-06,167,0.19819101349193574
41,0.2,recommended_solve,1e-06,168,0.1981431934130499
41,0.2,recommended_solve,1e-06,169,0.19804676376302396
41,0.2,recommended_solve,1e-06,170,0.19799596856669008
41,0.2,recommended_solve,1e-06,171,0.19789419225634233
41,0.2,recommended_solve,1e-06,172,0.19781906133221244
41,0.2,recommended_solve,1e-06,173,0.19774459456678392
41,0.2,recommended_solve,1e-06,174,0.19769341179017647
41,0.2,recommended_solve,1e-06,175,0.1976168114222125
41,0.2,recommended_solve,1e-06,176,0.19754910675357726
41,0.2,recommended_solve,1e-06,177,0.19747198218451037
41,0.2,recommended_solve,1e-06,178,0.19741752981755298
41,0.2,recommended_solve,1e-06,179,0.19736141110809532
41,0.2,recommended_solve,1e-06,180,0.19734142083530457
41,0.2,recommended_solve,1e-06,181,0.19729444193939677
41,0.2,recommended_solve,1e-06,182,0.19725845586621948
41,0.2,recommended_solve,1e-06,183,0.19722265036402578
41,0.2,recommended_solve,1e-06,184,0.19720076983653478
41,0.2,recommended_solve,1e-06,185,0.19715657501136713
41,0.2,recommended_solve,1e-06,186,0.19713833225002597
41,0.2,recommended_solve,1e-06,187,0.19711435874601443
41,0.2,recommended_solve,1e-06,188,0.19710891310484982
41,0.2,recommended_solve,1e-06,189,0.19707536554307808
41,0.2,recommended_solve,1e-06,190,0.19706042654771172
41,0.2,recommended_solve,1e-06,191,0.197046722800773
41,0.2,recommended_solve,1e-06,192,0.19703759434561458
41,0.2,recommended_solve,1e-06,193,0.1970191368288989
41,0.2,recommended_solve,1e-06,194,0.19699744866313437
41,0.2,recommended_solve,1e-06,195,0.1969723800417813
41,0.2,recommended_solve,1e-06,196,0.1969468095576266
41,0.2,recommended_solve,1e-06,197,0.19692555836966166
41,0.2,recommended_solve,1e-06,198,0.1969078033048681
41,0.2,recommended_solve,1e-06,199,0.19689098920314138
41,0.2,recommended_solve,1e-06,200,0.1968717298328013
41,0.2,recommended_solve,1e-06,201,0.19685587848578978
41,0.2,recommended_solve,1e-06,202,0.19684522461892262
41,0.2,recommended_solve,1e-06,203,0.1968238671451726
41,0.2,recommended_solve,1e-06,204,0.19679900736302802
41,0.2,recommended_solve,1e-06,205,0.196769697808634
41,0.2,recommended_solve,1e-06,206,0.19674417429381003
41,0.2,recommended_solve,1e-06,207,0.1967105346163972
41,0.2,recommended_solve,1e-06,208,0.19668264418541315
41,0.2,recommended_solve,1e-06,209,0.19665661826886696
41,0.2,recommended_solve,1e-06,210,0.1966304670825991
41,0.2,recommended_solve,1e-06,211,0.1966072010041575
41,0.2,recommended_solve,1e-06,212,0.19658678623020776
41,0.2,recommended_solve,1e-06,213,0.19656757549584297
41,0.2,recommended_solve,1e-06,214,0.19655527620473404
41,0.2,recommended_solve,1e-06,215,0.19652679181551125
41,0.2,recommended_solve,1e-06,216,0.19651785215797518
41,0.2,recommended_solve,1e-06,217,0.19650560145135143
41,0.2,recommended_solve,1e-06,218,0.19650133879099918
41,0.2,recommended_solve,1e-06,219,0.19648949376494534
41,0.2,recommended_solve,1e-06,220,0.19647669535451615
41,0.2,recommended_solve,1e-06,221,0.1964647369860166
41,0.2,recommended_solve,1e-06,222,0.19644653631808162
41,0.2,recommended_solve,1e-06,223,0.19643882505402638
41,0.2,recommended_solve,1e-06,224,0.1964344061156665
41,0.2,recommended_solve,1e-06,225,0.19643239386769967
41,0.2,recommended_solve,1e-06,226,0.19642312298424283
41,0.2,recommended_solve,1e-06,227,0.1964136121558678
41,0.2,recommended_solve,1e-06,228,0.19640208064611667
41,0.2,recommended_solve,1e-06,229,0.19639469159607129
41,0.2,recommended_solve,1e-06,230,0.1963819233158309
41,0.2,recommended_solve,1e-06,231,0.1963705457902666
41,0.2,recommended_solve,1e-06,232,0.1963656462909767
41,0.2,recommended_solve,1e-06,233,0.1963546571514199
41,0.2,recommended_solve,1e-06,234,0.19635457384944627
41,0.2,recommended_solve,1e-06,235,0.19634828925011996
41,0.2,recommended_solve,1e-06,236,0.19633970527796016
41,0.2,recommended_solve,1e-06,237,0.1963360664768006
41,0.2,recommended_solve,1e-06,238,0.1963334742441113
41,0.2,recommended_solve,1e-06,239,0.19632988357190864
41,0.2,recommended_solve,1e-06,240,0.1963239741051704
41,0.2,recommended_solve,1e-06,241,0.19631179301827784
41,0.2,recommended_solve,1e-06,242,0.1963016744528629
41,0.2,recommended_solve,1e-06,243,0.1962986360566369
41,0.2,recommended_solve,1e-06,244,0.196290926037158
41,0.2,recommended_solve,1e-06,245,0.19628499216097775
41,0.2,recommended_solve,1e-06,246,0.1962752117040506
41,0.2,recommended_solve,1e-06,247,0.1962694804490751
41,0.2,recommended_solve,1e-06,248,0.1962645817639349
41,0.2,recommended_solve,1e-06,249,0.19626077459602354
41,0.2,recommended_solve,1e-06,250,0.19625833288977448
41,0.2,recommended_solve,1e-06,251,0.19625539424985233
41,0.2,recommended_solve,1e-06,252,0.19624122200851582
41,0.2,recommended_solve,1e-06,253,0.196237917677037
41,0.2,recommended_solve,1e-06,254,0.19623671452085317
41,0.2,recommended_solve,1e-06,255,0.1962337396483334
41,0.2,recommended_solve,1e-06,256,0.1962301164592194
41,0.2,recommended_solve,1e-06,257,0.1962285656347479
41,0.2,recommended_solve,1e-06,258,0.1962278600554739
41,0.2,recommended_solve,1e-06,259,0.19622314759362453
41,0.2,recommended_solve,1e-06,260,0.19621941233577173
41,0.2,recommended_solve,1e-06,261,0.19621837126790193
41,0.2,recommended_solve,1e-06,262,0.196215734840691
41,0.2,recommended_solve,1e-06,263,0.19620960161990597
41,0.2,recommended_solve,1e-06,264,0.19620399789271764
41,0.2,recommended_solve,1e-06,265,0.19619827171381332
41,0.2,recommended_solve,1e-06,266,0.19619698004762026
41,0.2,recommended_solve,1e-06,267,0.19618797335490168
41,0.2,recommended_solve,1e-06,268,0.1961870064823632
41,0.2,recommended_solve,1e-06,269,0.19618522915607509
41,0.2,recommended_solve,1e-06,270,0.1961852284578288
41,0.2,recommended_solve,1e-06,271,0.1961815487193499
41,0.2,recommended_solve,1e-06,272,0.19617267214276865
41,0.2,recommended_solve,1e-06,273,0.19616780375983203
41,0.2,recommended_solve,1e-06,274,0.19616446006118368
41,0.2,recommended_solve,1e-06,275,0.19616401307611825
41,0.2,recommended_solve,1e-06,276,0.1961611258278815
41,0.2,recommended_solve,1e-06,277,0.19615664175878073
41,0.2,recommended_solve,1e-06,278,0.19614905802594765
41,0.2,recommended_solve,1e-06,279,0.19614562753731526
41,0.2,recommended_solve,1e-06,280,0.19614040839293673
41,0.2,recommended_solve,1e-06,281,0.1961355874398305
41,0.2,recommended_solve,1e-06,282,0.19613479254239363
41,0.2,recommended_solve,1e-06,283,0.1961328366435323
41,0.2,recommended_solve,1e-06,284,0.1961318483464579
41,0.2,recommended_solve,1e-06,285,0.19613183419058464
41,0.2,recommended_solve,1e-06,286,0.1961313658332495
41,0.2,recommended_solve,1e-06,287,0.1961294014780073
41,0.2,recommended_solve,1e-06,288,0.19612920893371877
41,0.2,recommended_solve,1e-06,289,0.19612920625225372
41,0.2,recommended_solve,1e-06,290,0.19612896082380318
41,0.2,recommended_solve,1e-06,291,0.1961288828767288
41,0.2,recommended_solve,1e-06,292,0.1961261635124308
41,0.2,recommended_solve,1e-06,293,0.19612203735346706
41,0.2,recommended_solve,1e-06,294,0.19612133618787486
41,0.2,recommended_solve,1e-06,295,0.19611965358047534
41,0.2,recommended_solve,1e-06,296,0.19611692213262735
41,0.2,recommended_solve,1e-06,297,0.19611691240762893
41,0.2,recommended_solve,1e-06,298,0.19611689828545886
41,0.2,recommended_solve,1e-06,299,0.19611636192013374
41,0.2,recommended_solve,1e-06,300,0.19611512117622096
41,0.2,recommended_solve,1e-05,0,1.0
41,0.2,recommended_solve,1e-05,1,0.542330346062061
41,0.2,recommended_solve,1e-05,2,0.5121578409270874
41,0.2,recommended_solve,1e-05,3,0.46868753518907047
41,0.2,recommended_solve,1e-05,4,0.44587416065682317
41,0.2,recommended_solve,1e-05,5,0.4246573833824117
41,0.2,recommended_solve,1e-05,6,0.40375893752291453
41,0.2,recommended_solve,1e-05,7,0.38596133440640024
41,0.2,recommended_solve,1e-05,8,0.37621631745951595
41,0.2,recommended_solve,1e-05,9,0.36321454841486556
41,0.2,recommended_solve,1e-05,10,0.35562347062164845
41,0.2,recommended_solve,1e-05,11,0.3438899974685198
41,0.2,recommended_solve,1e-05,12,0.336404003564684
41,0.2,recommended_solve,1e-05,13,0.32476131843472245
41,0.2,recommended_solve,1e-05,14,0.31549552034716094
41,0.2,recommended_solve,1e-05,15,0.3062770961548782
41,0.2,recommended_solve,1e-05,16,0.2996444159549794
41,0.2,recommended_solve,1e-05,17,0.29013564104864276
41,0.2,recommended_solve,1e-05,18,0.2833693003740705
41,0.2,recommended_solve,1e-05,19,0.276195706070445
41,0.2,recommended_solve,1e-05,20,0.271345551572466
41,0.2,recommended_solve,1e-05,21,0.26514515172095954
41,0.2,recommended_solve,1e-05,22,0.26096849839102887
41,0.2,recommended_solve,1e-05,23,0.2567528715080254
41,0.2,recommended_solve,1e-05,24,0.2538047789678462
41,0.2,recommended_solve,1e-05,25,0.25024437287499746
41,0.2,recommended_solve,1e-05,26,0.24802613265108908
41,0.2,recommended_solve,1e-05,27,0.24560906038305966
41,0.2,recommended_solve,1e-05,28,0.24371895719636014
41,0.2,recommended_solve,1e-05,29,0.24159660397860455
41,0.2,recommended_solve,1e-05,30,0.24025828287975523
41,0.2,recommended_solve,1e-05,31,0.23849725503510855
41,0.2,recommended_solve,1e-05,32,0.23705820882423342
41,0.2,recommended_solve,1e-05,33,0.23526273764603367
41,0.2,recommended_solve,1e-05,34,0.23390398027119988
41,0.2,recommended_solve,1e-05,35,0.23240166020493375
41,0.2,recommended_solve,1e-05,36,0.23123338582202455
41,0.2,recommended_solve,1e-05,37,0.22969869370124005
41,0.2,recommended_solve,1e-05,38,0.2284442854718619
41,0.2,recommended_solve,1e-05,39,0.22712255360881647
41,0.2,recommended_solve,1e-05,40,0.22599562181901758
41,0.2,recommended_solve,1e-05,41,0.22471191447974637
41,0.2,recommended_solve,1e-05,42,0.22369997265747038
41,0.2,recommended_solve,1e-05,43,0.22254105687969633
41,0.2,recommended_solve,1e-05,44,0.221660502501896
41,0.2,recommended_solve,1e-05,45,0.22072762782963823
41,0.2,recommended_solve,1e-05,46,0.2199825218925473
41,0.2,recommended_solve,1e-05,47,0.21914209777075377
41,0.2,recommended_solve,1e-05,48,0.21837522778078075
41,0.2,recommended_solve,1e-05,49,0.21740474641035984
41,0.2,recommended_solve,1e-05,50,0.21654214923251555
41,0.2,recommended_solve,1e-05,51,0.215701749178424
41,0.2,recommended_solve,1e-05,52,0.2150908755739647
41,0.2,recommended_solve,1e-05,53,0.2144028524388999
41,0.2,recommended_solve,1e-05,54,0.2138981558769199
41,0.2,recommended_solve,1e-05,55,0.2132873691414129
41,0.2,recommended_solve,1e-05,56,0.21285353810684324
41,0.2,recommended_solve,1e-05,57,0.21240187157413828
41,0.2,recommended_solve,1e-05,58,0.21205567739328524
41,0.2,recommended_solve,1e-05,59,0.21157500758197686
41,0.2,recommended_solve,1e-05,60,0.21120485046584642
41,0.2,recommended_solve,1e-05,61,0.21077636211250314
41,0.2,recommended_solve,1e-05,62,0.2104794718513059
41,0.2,recommended_solve,1e-05,63,0.20999860161109435
41,0.2,recommended_solve,1e-05,64,0.20961159222780745
41,0.2,recommended_solve,1e-05,65,0.20923601859046906
41,0.2,recommended_solve,1e-05,66,0.20895379644525833
41,0.2,recommended_solve,1e-05,67,0.20859676342951303
41,0.2,recommended_solve,1e-05,68,0.20836035154216115
41,0.2,recommended_solve,1e-05,69,0.20800791701768434
41,0.2,recommended_solve,1e-05,70,0.20769966260170905
41,0.2,recommended_solve,1e-05,71,0.20730606411265987
41,0.2,recommended_solve,1e-05,72,0.20699230305647895
41,0.2,recommended_solve,1e-05,73,0.2066624030474834
41,0.2,recommended_solve,1e-05,74,0.20636175356743616
41,0.2,recommended_solve,1e-05,75,0.20597984666064154
41,0.2,recommended_solve,1e-05,76,0.2056691069975999
41,0.2,recommended_solve,1e-05,77,0.2053598868097125
41,0.2,recommended_solve,1e-05,78,0.205110468610013
41,0.2,recommended_solve,1e-05,79,0.2047778721614482
41,0.2,recommended_solve,1e-05,80,0.20450100673928417
41,0.2,recommended_solve,1e-05,81,0.20419890127368245
41,0.2,recommended_solve,1e-05,82,0.20391750414703053
41,0.2,recommended_solve,1e-05,83,0.20361811158735668
41,0.2,recommended_solve,1e-05,84,0.20331006955277967
41,0.2,recommended_solve,1e-05,85,0.20302620066584554
41,0.2,recommended_solve,1e-05,86,0.2027126003652841
41,0.2,recommended_solve,1e-05,87,0.2023573519295315
41,0.2,recommended_solve,1e-05,88,0.20206312069053847
41,0.2,recommended_solve,1e-05,89,0.20176080510592467
41,0.2,recommended_solve,1e-05,90,0.20146952232842844
41,0.2,recommended_solve,1e-05,91,0.20115453009844295
41,0.2,recommended_solve,1e-05,92,0.20091505247409736
41,0.2,recommended_solve,1e-05,93,0.20062558986777224
41,0.2,recommended_solve,1e-05,94,0.2003773482579997
41,0.2,recommended_solve,1e-05,95,0.20018170019302162
41,0.2,recommended_solve,1e-05,96,0.2000503833167777
41,0.2,recommended_solve,1e-05,97,0.19982650523851758
41,0.2,recommended_solve,1e-05,98,0.19967361095089617
41,0.2,recommended_solve,1e-05,99,0.19944874034523016
41,0.2,recommended_solve,1e-05,100,0.19931817226780574
41,0.2,recommended_solve,1e-05,101,0.19912677720185126
41,0.2,recommended_solve,1e-05,102,0.19901711878081982
41,0.2,recommended_solve,1e-05,103,0.19885486026728094
41,0.2,recommended_solve,1e-05,104,0.1987342043862886
41,0.2,recommended_solve,1e-05,105,0.19860571815168154
41,0.2,recommended_solve,1e-05,106,0.19849321809339018
41,0.2,recommended_solve,1e-05,107,0.19831113213611173
41,0.2,recommended_solve,1e-05,108,0.19815409032477987
41,0.2,recommended_solve,1e-05,109,0.19797957087093213
41,0.2,recommended_solve,1e-05,110,0.19791069410004147
41,0.2,recommended_solve,1e-05,111,0.19775125227662574
41,0.2,recommended_solve,1e-05,112,0.19765268477811876
41,0.2,recommended_solve,1e-05,113,0.1975477773628927
41,0.2,recommended_solve,1e-05,114,0.19749556162502463
41,0.2,recommended_solve,1e-05,115,0.1973801644426837
41,0.2,recommended_solve,1e-05,116,0.19730820337243085
41,0.2,recommended_solve,1e-05,117,0.19721374065902958
41,0.2,recommended_solve,1e-05,118,0.19713208250424114
41,0.2,recommended_solve,1e-05,119,0.19702941258709855
41,0.2,recommended_solve,1e-05,120,0.196992465010922
41,0.2,recommended_solve,1e-05,121,0.19694462018728967
41,0.2,recommended_solve,1e-05,122,0.1968643971896905
41,0.2,recommended_solve,1e-05,123,0.19678206483560862
41,0.2,recommended_solve,1e-05,124,0.19675341654936612
41,0.2,recommended_solve,1e-05,125,0.19669929842945996
41,0.2,recommended_solve,1e-05,126,0.19664835798574887
41,0.2,recommended_solve,1e-05,127,0.19659722148480327
41,0.2,recommended_solve,1e-05,128,0.19657718722213086
41,0.2,recommended_solve,1e-05,129,0.19654952404990678
41,0.2,recommended_solve,1e-05,130,0.196522187906667
41,0.2,recommended_solve,1e-05,131,0.19648482396977293
41,0.2,recommended_solve,1e-05,132,0.19644870556772615
41,0.2,recommended_solve,1e-05,133,0.19641188130581375
41,0.2,recommended_solve,1e-05,134,0.19639482183719756
41,0.2,recommended_solve,1e-05,135,0.1963579444356854
41,0.2,recommended_solve,1e-05,136,0.19634519608170473
41,0.2,recommended_solve,1e-05,137,0.19631625085242035
41,0.2,recommended_solve,1e-05,138,0.19629930925073602
41,0.2,recommended_solve,1e-05,139,0.19626886474994265
41,0.2,recommended_solve,1e-05,140,0.19625634071549714
41,0.2,recommended_solve,1e-05,141,0.19624426295289124
41,0.2,recommended_solve,1e-05,142,0.19622831050470455
41,0.2,recommended_solve,1e-05,143,0.19620032276611768
41,0.2,recommended_solve,1e-05,144,0.19619061626624704
41,0.2,recommended_solve,1e-05,145,0.19618565983317815
41,0.2,recommended_solve,1e-05,146,0.19618002725029188
41,0.2,recommended_solve,1e-05,147,0.196171536111329
41,0.2,recommended_solve,1e-05,148,0.19615894358294989
41,0.2,recommended_solve,1e-05,149,0.19615102677362942
41,0.2,recommended_solve,1e-05,150,0.1961399794983184
41,0.2,recommended_solve,1e-05,151,0.19613893469939767
41,0.2,recommended_solve,1e-05,152,0.19613085712191533
41,0.2,recommended_solve,1e-05,153,0.19612094026467408
41,0.2,recommended_solve,1e-05,154,0.19610367423262337
41,0.2,recommended_solve,1e-05,155,0.19609932751082276
41,0.2,recommended_solve,1e-05,156,0.19609107938936937
41,0.2,recommended_solve,1e-05,157,0.19608614593683282
41,0.2,recommended_solve,1e-05,158,0.19608136326311326
41,0.2,recommended_solve,1e-05,159,0.19607844042029388
41,0.2,recommended_solve,1e-05,160,0.19607117156387252
41,0.2,recommended_solve,1e-05,161,0.19606355177528595
41,0.2,recommended_solve,1e-05,162,0.1960598793426848
41,0.2,recommended_solve,1e-05,163,0.19605549808214834
41,0.2,recommended_solve,1e-05,164,0.19605018103113975
41,0.2,recommended_solve,1e-05,165,0.19605017352139115
41,0.2,recommended_solve,1e-05,166,0.1960486658754009
41,0.2,recommended_solve,1e-05,167,0.1960405920146491
41,0.2,recommended_solve,1e-05,168,0.19603876974133336
41,0.2,recommended_solve,1e-05,169,0.19603748889252648
41,0.2,recommended_solve,1e-05,170,0.19603543528837236
41,0.2,recommended_solve,1e-05,171,0.19603002247583304
41,0.2,recommended_solve,1e-05,172,0.19601850789276895
41,0.2,recommended_solve,1e-05,173,0.1960163588927624
41,0.2,recommended_solve,1e-05,174,0.19601300635564267
41,0.2,recommended_solve,1e-05,175,0.19600987253659444
41,0.2,recommended_solve,1e-05,176,0.19600877348861367
41,0.2,recommended_solve,1e-05,177,0.19600157103579305
41,0.2,recommended_solve,1e-05,178,0.1959856841191829
41,0.2,recommended_solve,1e-05,179,0.195972416618592
41,0.2,recommended_solve,1e-05,180,0.19597057893200798
41,0.2,recommended_solve,1e-05,181,0.19597055570510696
41,0.2,recommended_solve,1e-05,182,0.19596236776009074
41,0.2,recommended_solve,1e-05,183,0.1959542307975327
41,0.2,recommended_solve,1e-05,184,0.19594329594608084
41,0.2,recommended_solve,1e-05,185,0.19594168189046637
41,0.2,recommended_solve,1e-05,186,0.19593491844290292
41,0.2,recommended_solve,1e-05,187,0.19592883427355692
41,0.2,recommended_solve,1e-05,188,0.1959214956439723
41,0.2,recommended_solve,1e-05,189,0.19591641649451896
41,0.2,recommended_solve,1e-05,190,0.1959117727854375
41,0.2,recommended_solve,1e-05,191,0.1959099126952842
41,0.2,recommended_solve,1e-05,192,0.19590291216157593
41,0.2,recommended_solve,1e-05,193,0.1958952609300805
41,0.2,recommended_solve,1e-05,194,0.19588779739705622
41,0.2,recommended_solve,1e-05,195,0.19587867655372035
41,0.2,recommended_solve,1e-05,196,0.1958726857711372
41,0.2,recommended_solve,1e-05,197,0.19586556540538214
41,0.2,recommended_solve,1e-05,198,0.1958546848956884
41,0.2,recommended_solve,1e-05,199,0.19585028594895615
41,0.2,recommended_solve,1e-05,200,0.19584655034600415
41,0.2,recommended_solve,1e-05,201,0.19584278277831435
41,0.2,recommended_solve,1e-05,202,0.19583960737760683
41,0.2,recommended_solve,1e-05,203,0.19582459878447075
41,0.2,recommended_solve,1e-05,204,0.19580704749669842
41,0.2,recommended_solve,1e-05,205,0.19579246607873896
41,0.2,recommended_solve,1e-05,206,0.19577762588436592
41,0.2,recommended_solve,1e-05,207,0.19576982702201431
41,0.2,recommended_solve,1e-05,208,0.19574867628286868
41,0.2,recommended_solve,1e-05,209,0.19573614796303326
41,0.2,recommended_solve,1e-05,210,0.1957255086482142
41,0.2,recommended_solve,1e-05,211,0.19571379906526779
41,0.2,recommended_solve,1e-05,212,0.19570264095955367
41,0.2,recommended_solve,1e-05,213,0.19569664289282138
41,0.2,recommended_solve,1e-05,214,0.19567283967209181
41,0.2,recommended_solve,1e-05,215,0.1956500513380761
41,0.2,recommended_solve,1e-05,216,0.19562589622284715
41,0.2,recommended_solve,1e-05,217,0.19560762138048654
41,0.2,recommended_solve,1e-05,218,0.1955946098196016
41,0.2,recommended_solve,1e-05,219,0.19557691219909565
41,0.2,recommended_solve,1e-05,220,0.19554859214913778
41,0.2,recommended_solve,1e-05,221,0.19552019318177472
41,0.2,recommended_solve,1e-05,222,0.1954858000953584
41,0.2,recommended_solve,1e-05,223,0.19545050594774505
41,0.2,recommended_solve,1e-05,224,0.19541963705860457
41,0.2,recommended_solve,1e-05,225,0.19538059507487487
41,0.2,recommended_solve,1e-05,226,0.19535046617940943
41,0.2,recommended_solve,1e-05,227,0.19532636476582604
41,0.2,recommended_solve,1e-05,228,0.19526769956223478
41,0.2,recommended_solve,1e-05,229,0.1952387705473926
41,0.2,recommended_solve,1e-05,230,0.19520657907844566
41,0.2,recommended_solve,1e-05,231,0.19516640907242308
41,0.2,recommended_solve,1e-05,232,0.19513619291134265
41,0.2,recommended_solve,1e-05,233,0.19511148724814875
41,0.2,recommended_solve,1e-05,234,0.19509132566261964
41,0.2,recommended_solve,1e-05,235,0.19505069412380555
41,0.2,recommended_solve,1e-05,236,0.19501361554217422
41,0.2,recommended_solve,1e-05,237,0.19497533751981763
41,0.2,recommended_solve,1e-05,238,0.1949466685924482
41,0.2,recommended_solve,1e-05,239,0.19488898596969617
41,0.2,recommended_solve,1e-05,240,0.1948680165540499
41,0.2,recommended_solve,1e-05,241,0.19481088933186483
41,0.2,recommended_solve,1e-05,242,0.19478279695520764
41,0.2,recommended_solve,1e-05,243,0.19472039244479386
41,0.2,recommended_solve,1e-05,244,0.1946921787628411
41,0.2,recommended_solve,1e-05,245,0.19467099717059133
41,0.2,recommended_solve,1e-05,246,0.19463925153497033
41,0.2,recommended_solve,1e-05,247,0.19460968388287098
41,0.2,recommended_solve,1e-05,248,0.19459394505824856
41,0.2,recommended_solve,1e-05,249,0.1945659225214208
41,0.2,recommended_solve,1e-05,250,0.19455393340403856
41,0.2,recommended_solve,1e-05,251,0.19453138128073116
41,0.2,recommended_solve,1e-05,252,0.19451735294056488
41,0.2,recommended_solve,1e-05,253,0.19448843503172356
41,0.2,recommended_solve,1e-05,254,0.19447393314985062
41,0.2,recommended_solve,1e-05,255,0.19445032919441194
41,0.2,recommended_solve,1e-05,256,0.19443059745554633
41,0.2,recommended_solve,1e-05,257,0.19440322090510936
41,0.2,recommended_solve,1e-05,258,0.19438385720649
41,0.2,recommended_solve,1e-05,259,0.19435299886354768
41,0.2,recommended_solve,1e-05,260,0.1943158698442733
41,0.2,recommended_solve,1e-05,261,0.19428024634971955
41,0.2,recommended_solve,1e-05,262,0.19425766292886967
41,0.2,recommended_solve,1e-05,263,0.19421470870623794
41,0.2,recommended_solve,1e-05,264,0.1941864818342886
41,0.2,recommended_solve,1e-05,265,0.19415962284170107
41,0.2,recommended_solve,1e-05,266,0.1941235189506138
41,0.2,recommended_solve,1e-05,267,0.19407488943456033
41,0.2,recommended_solve,1e-05,268,0.1940482381547054
41,0.2,recommended_solve,1e-05,269,0.19402343968426652
41,0.2,recommended_solve,1e-05,270,0.19400803041570167
41,0.2,recommended_solve,1e-05,271,0.19395251245680975
41,0.2,recommended_solve,1e-05,272,0.19390296801263868
41,0.2,recommended_solve,1e-05,273,0.1938470412978541
41,0.2,recommended_solve,1e-05,274,0.19381250744751977
41,0.2,recommended_solve,1e-05,275,0.193766059200145
41,0.2,recommended_solve,1e-05,276,0.19372140437711527
41,0.2,recommended_solve,1e-05,277,0.19369163824490782
41,0.2,recommended_solve,1e-05,278,0.19364688801210803
41,0.2,recommended_solve,1e-05,279,0.19357681953005576
41,0.2,recommended_solve,1e-05,280,0.19352510298892742
41,0.2,recommended_solve,1e-05,281,0.1934914213731019
41,0.2,recommended_solve,1e-05,282,0.19344818956536047
41,0.2,recommended_solve,1e-05,283,0.19339996395182468
41,0.2,recommended_solve,1e-05,284,0.19334880399145946
41,0.2,recommended_solve,1e-05,285,0.19329827347391618
41,0.2,recommended_solve,1e-05,286,0.19325347764472203
41,0.2,recommended_solve,1e-05,287,0.19318726294249905
41,0.2,recommended_solve,1e-05,288,0.19310423543485492
41,0.2,recommended_solve,1e-05,289,0.1930226115784796
41,0.2,recommended_solve,1e-05,290,0.19295437964859263
41,0.2,recommended_solve,1e-05,291,0.1928736409022059
41,0.2,recommended_solve,1e-05,292,0.19277596229068725
41,0.2,recommended_solve,1e-05,293,0.19267952854286916
41,0.2,recommended_solve,1e-05,294,0.19261076896546236
41,0.2,recommended_solve,1e-05,295,0.19252188014084765
41,0.2,recommended_solve,1e-05,296,0.19245855401505074
41,0.2,recommended_solve,1e-05,297,0.19240410845664874
41,0.2,recommended_solve,1e-05,298,0.1923288394078549
41,0.2,recommended_solve,1e-05,299,0.19227444750337622
41,0.2,recommended_solve,1e-05,300,0.19218506389226278
41,0.2,recommended_solve,0.0001,0,1.0
41,0.2,recommended_solve,0.0001,1,0.5386475475476764
41,0.2,recommended_solve,0.0001,2,0.4999619423475008
41,0.2,recommended_solve,0.0001,3,0.4387834878859357
41,0.2,recommended_solve,0.0001,4,0.3982411990999492
41,0.2,recommended_solve,0.0001,5,0.3554393728309887
41,0.2,recommended_solve,0.0001,6,0.318572204459618
41,0.2,recommended_solve,0.0001,7,0.29298346848257567
41,0.2,recommended_solve,0.0001,8,0.28169695059754035
41,0.2,recommended_solve,0.0001,9,0.2678808094425154
41,0.2,recommended_solve,0.0001,10,0.26012219041666496
41,0.2,recommended_solve,0.0001,11,0.2515943222641983
41,0.2,recommended_solve,0.0001,12,0.2478934462705326
41,0.2,recommended_solve,0.0001,13,0.24258321649362627
41,0.2,recommended_solve,0.0001,14,0.23889607865963905
41,0.2,recommended_solve,0.0001,15,0.23579704673756233
41,0.2,recommended_solve,0.0001,16,0.23403429766241565
41,0.2,recommended_solve,0.0001,17,0.23186567830369303
41,0.2,recommended_solve,0.0001,18,0.23043125529855124
41,0.2,recommended_solve,0.0001,19,0.22922591440450865
41,0.2,recommended_solve,0.0001,20,0.22843107047895497
41,0.2,recommended_solve,0.0001,21,0.2272675995054762
41,0.2,recommended_solve,0.0001,22,0.22662946787161808
41,0.2,recommended_solve,0.0001,23,0.22615966142929148
41,0.2,recommended_solve,0.0001,24,0.22571134313420035
41,0.2,recommended_solve,0.0001,25,0.22512785962792473
41,0.2,recommended_solve,0.0001,26,0.2247178012546829
41,0.2,recommended_solve,0.0001,27,0.22427440455689387
41,0.2,recommended_solve,0.0001,28,0.22387295700849721
41,0.2,recommended_solve,0.0001,29,0.22326356598540287
41,0.2,recommended_solve,0.0001,30,0.222855647544433
41,0.2,recommended_solve,0.0001,31,0.2223028671156287
41,0.2,recommended_solve,0.0001,32,0.22181846915586198
41,0.2,recommended_solve,0.0001,33,0.2211155294386286
41,0.2,recommended_solve,0.0001,34,0.22054367297378535
41,0.2,recommended_solve,0.0001,35,0.21984686522331542
41,0.2,recommended_solve,0.0001,36,0.21927612399383797
41,0.2,recommended_solve,0.0001,37,0.2183984838107731
41,0.2,recommended_solve,0.0001,38,0.21753489892035405
41,0.2,recommended_solve,0.0001,39,0.21654178981828995
41,0.2,recommended_solve,0.0001,40,0.21566469417516063
41,0.2,recommended_solve,0.0001,41,0.21471642637613747
41,0.2,recommended_solve,0.0001,42,0.21389523617940256
41,0.2,recommended_solve,0.0001,43,0.21297330169248313
41,0.2,recommended_solve,0.0001,44,0.21230853951189785
41,0.2,recommended_solve,0.0001,45,0.2115282941908317
41,0.2,recommended_solve,0.0001,46,0.210886348926106
41,0.2,recommended_solve,0.0001,47,0.21013790586073927
41,0.2,recommended_solve,0.0001,48,0.20955200889019437
41,0.2,recommended_solve,0.0001,49,0.20906856172437163
41,0.2,recommended_solve,0.0001,50,0.20854648011684512
41,0.2,recommended_solve,0.0001,51,0.20810094349639618
41,0.2,recommended_solve,0.0001,52,0.20766506009200314
41,0.2,recommended_solve,0.0001,53,0.2073424889957996
41,0.2,recommended_solve,0.0001,54,0.2069796515800132
41,0.2,recommended_solve,0.0001,55,0.20663867284758752
41,0.2,recommended_solve,0.0001,56,0.20618715251697034
41,0.2,recommended_solve,0.0001,57,0.20585115087920958
41,0.2,recommended_solve,0.0001,58,0.2053346733565454
41,0.2,recommended_solve,0.0001,59,0.2049744110724879
41,0.2,recommended_solve,0.0001,60,0.2045202268534154
41,0.2,recommended_solve,0.0001,61,0.20407206024683763
41,0.2,recommended_solve,0.0001,62,0.20366657429020707
41,0.2,recommended_solve,0.0001,63,0.20342688995556854
41,0.2,recommended_solve,0.0001,64,0.20296010349494165
41,0.2,recommended_solve,0.0001,65,0.20266122133050565
41,0.2,recommended_solve,0.0001,66,0.20229937011037444
41,0.2,recommended_solve,0.0001,67,0.2020461645360745
41,0.2,recommended_solve,0.0001,68,0.20170827228953828
41,0.2,recommended_solve,0.0001,69,0.20138020440774515
41,0.2,recommended_solve,0.0001,70,0.20097424584121357
41,0.2,recommended_solve,0.0001,71,0.2007120617877773
41,0.2,recommended_solve,0.0001,72,0.2003645486403812
41,0.2,recommended_solve,0.0001,73,0.20010850017731044
41,0.2,recommended_solve,0.0001,74,0.1997176617480088
41,0.2,recommended_solve,0.0001,75,0.19940839699116683
41,0.2,recommended_solve,0.0001,76,0.1990881279796931
41,0.2,recommended_solve,0.0001,77,0.19887140334688147
41,0.2,recommended_solve,0.0001,78,0.19853744478214752
41,0.2,recommended_solve,0.0001,79,0.19829459001886365
41,0.2,recommended_solve,0.0001,80,0.19801978843530885
41,0.2,recommended_solve,0.0001,81,0.19785185596604882
41,0.2,recommended_solve,0.0001,82,0.1975420183953966
41,0.2,recommended_solve,0.0001,83,0.19732812188707344
41,0.2,recommended_solve,0.0001,84,0.19706555440174572
41,0.2,recommended_solve,0.0001,85,0.19684746024903282
41,0.2,recommended_solve,0.0001,86,0.19657426430830593
41,0.2,recommended_solve,0.0001,87,0.196329519117596
41,0.2,recommended_solve,0.0001,88,0.19613896224545557
41,0.2,recommended_solve,0.0001,89,0.19596973873422785
41,0.2,recommended_solve,0.0001,90,0.19583190885215657
41,0.2,recommended_solve,0.0001,91,0.19564333297486927
41,0.2,recommended_solve,0.0001,92,0.19552807541836406
41,0.2,recommended_solve,0.0001,93,0.19537052768371305
41,0.2,recommended_solve,0.0001,94,0.19528701728627082
41,0.2,recommended_solve,0.0001,95,0.1951774450680083
41,0.2,recommended_solve,0.0001,96,0.19512745406863197
41,0.2,recommended_solve,0.0001,97,0.19505737682316188
41,0.2,recommended_solve,0.0001,98,0.19501489274257303
41,0.2,recommended_solve,0.0001,99,0.19495790689697895
41,0.2,recommended_solve,0.0001,100,0.19493291218251668
41,0.2,recommended_solve,0.0001,101,0.19486021938573775
41,0.2,recommended_solve,0.0001,102,0.19483384643471435
41,0.2,recommended_solve,0.0001,103,0.19478842647020375
41,0.2,recommended_solve,0.0001,104,0.1947676124452425
41,0.2,recommended_solve,0.0001,105,0.19471980823835708
41,0.2,recommended_solve,0.0001,106,0.19469817831618125
41,0.2,recommended_solve,0.0001,107,0.19466905039685192
41,0.2,recommended_solve,0.0001,108,0.19464982462996522
41,0.2,recommended_solve,0.0001,109,0.19462604309258766
41,0.2,recommended_solve,0.0001,110,0.19461136422665232
41,0.2,recommended_solve,0.0001,111,0.194576968947358
41,0.2,recommended_solve,0.0001,112,0.19456416266007495
41,0.2,recommended_solve,0.0001,113,0.19453741697925891
41,0.2,recommended_solve,0.0001,114,0.19452115174062348
41,0.2,recommended_solve,0.0001,115,0.1945051287888584
41,0.2,recommended_solve,0.0001,116,0.19448861363415487
41,0.2,recommended_solve,0.0001,117,0.19446629642231764
41,0.2,recommended_solve,0.0001,118,0.19444541156311476
41,0.2,recommended_solve,0.0001,119,0.19441980788836377
41,0.2,recommended_solve,0.0001,120,0.19437907070188812
41,0.2,recommended_solve,0.0001,121,0.1943366065159521
41,0.2,recommended_solve,0.0001,122,0.1943101108846483
41,0.2,recommended_solve,0.0001,123,0.19427421175550807
41,0.2,recommended_solve,0.0001,124,0.1942229959917171
41,0.2,recommended_solve,0.0001,125,0.19416131535326814
41,0.2,recommended_solve,0.0001,126,0.19411767049485137
41,0.2,recommended_solve,0.0001,127,0.19406421199400722
41,0.2,recommended_solve,0.0001,128,0.1940107827551315
41,0.2,recommended_solve,0.0001,129,0.19394510497826808
41,0.2,recommended_solve,0.0001,130,0.19386197935826688
41,0.2,recommended_solve,0.0001,131,0.19377497782597716
41,0.2,recommended_solve,0.0001,132,0.1936987648962283
41,0.2,recommended_solve,0.0001,133,0.19360732968556904
41,0.2,recommended_solve,0.0001,134,0.19352329669785867
41,0.2,recommended_solve,0.0001,135,0.19340207084253572
41,0.2,recommended_solve,0.0001,136,0.1933278705119749
41,0.2,recommended_solve,0.0001,137,0.19324385819077905
41,0.2,recommended_solve,0.0001,138,0.19313877364544238
41,0.2,recommended_solve,0.0001,139,0.19302967831514511
41,0.2,recommended_solve,0.0001,140,0.1929374390420557
41,0.2,recommended_solve,0.0001,141,0.19281497429667777
41,0.2,recommended_solve,0.0001,142,0.19269131225360864
41,0.2,recommended_solve,0.0001,143,0.19256353970770126
41,0.2,recommended_solve,0.0001,144,0.19248214435656857
41,0.2,recommended_solve,0.0001,145,0.19234706631821089
41,0.2,recommended_solve,0.0001,146,0.19222319008612684
41,0.2,recommended_solve,0.0001,147,0.19206668641110297
41,0.2,recommended_solve,0.0001,148,0.19191148817508175
41,0.2,recommended_solve,0.0001,149,0.19167965398841852
41,0.2,recommended_solve,0.0001,150,0.19148834362017078
41,0.2,recommended_solve,0.0001,151,0.19125952714935485
41,0.2,recommended_solve,0.0001,152,0.19103989277709624
41,0.2,recommended_solve,0.0001,153,0.19073072596818458
41,0.2,recommended_solve,0.0001,154,0.19030262639852705
41,0.2,recommended_solve,0.0001,155,0.18991134284401898
41,0.2,recommended_solve,0.0001,156,0.18950560795998087
41,0.2,recommended_solve,0.0001,157,0.18906468753644026
41,0.2,recommended_solve,0.0001,158,0.18842971953847718
41,0.2,recommended_solve,0.0001,159,0.18780278684557483
41,0.2,recommended_solve,0.0001,160,0.1870411970979761
41,0.2,recommended_solve,0.0001,161,0.1861859912461866
41,0.2,recommended_solve,0.0001,162,0.18542636168468477
41,0.2,recommended_solve,0.0001,163,0.18470510918528563
41,0.2,recommended_solve,0.0001,164,0.18404959624920872
41,0.2,recommended_solve,0.0001,165,0.18344939142388403
41,0.2,recommended_solve,0.0001,166,0.18282604445216358
41,0.2,recommended_solve,0.0001,167,0.1823029640201792
41,0.2,recommended_solve,0.0001,168,0.18183666940437723
41,0.2,recommended_solve,0.0001,169,0.18136243202862942
41,0.2,recommended_solve,0.0001,170,0.18090128477634806
41,0.2,recommended_solve,0.0001,171,0.18043667222001591
41,0.2,recommended_solve,0.0001,172,0.17994760641893437
41,0.2,recommended_solve,0.0001,173,0.17949334521893684
41,0.2,recommended_solve,0.0001,174,0.17900968111283652
41,0.2,recommended_solve,0.0001,175,0.1786011983269961
41,0.2,recommended_solve,0.0001,176,0.17813618892558342
41,0.2,recommended_solve,0.0001,177,0.17762277200834867
41,0.2,recommended_solve,0.0001,178,0.17706376108226882
41,0.2,recommended_solve,0.0001,179,0.17661450910098062
41,0.2,recommended_solve,0.0001,180,0.17607458602960732
41,0.2,recommended_solve,0.0001,181,0.17560307067438782
41,0.2,recommended_solve,0.0001,182,0.17492093332477116
41,0.2,recommended_solve,0.0001,183,0.17433733732199688
41,0.2,recommended_solve,0.0001,184,0.1735339411999104
41,0.2,recommended_solve,0.0001,185,0.1728972982962224
41,0.2,recommended_solve,0.0001,186,0.1720188478567789
41,0.2,recommended_solve,0.0001,187,0.17133528538372428
41,0.2,recommended_solve,0.0001,188,0.17036203953936796
41,0.2,recommended_solve,0.0001,189,0.16958871659924865
41,0.2,recommended_solve,0.0001,190,0.1685642007176098
41,0.2,recommended_solve,0.0001,191,0.16772568135049137
41,0.2,recommended_solve,0.0001,192,0.1665202746003412
41,0.2,recommended_solve,0.0001,193,0.16576072830583516
41,0.2,recommended_solve,0.0001,194,0.16488362635337137
41,0.2,recommended_solve,0.0001,195,0.1642625405729233
41,0.2,recommended_solve,0.0001,196,0.16348557051968796
41,0.2,recommended_solve,0.0001,197,0.16294848930040462
41,0.2,recommended_solve,0.0001,198,0.16232096196199886
41,0.2,recommended_solve,0.0001,199,0.16188005743970363
41,0.2,recommended_solve,0.0001,200,0.16133437388130253
41,0.2,recommended_solve,0.0001,201,0.16095220636543356
41,0.2,recommended_solve,0.0001,202,0.16047449083127338
41,0.2,recommended_solve,0.0001,203,0.16015086543549295
41,0.2,recommended_solve,0.0001,204,0.15973231808250404
41,0.2,recommended_solve,0.0001,205,0.1593919309486605
41,0.2,recommended_solve,0.0001,206,0.1589679632371894
41,0.2,recommended_solve,0.0001,207,0.15863579290143043
41,0.2,recommended_solve,0.0001,208,0.1582302554206486
41,0.2,recommended_solve,0.0001,209,0.1579128045321138
41,0.2,recommended_solve,0.0001,210,0.15752304157180944
41,0.2,recommended_solve,0.0001,211,0.15710156257543878
41,0.2,recommended_solve,0.0001,212,0.15660696395648752
41,0.2,recommended_solve,0.0001,213,0.1560904776457353
41,0.2,recommended_solve,0.0001,214,0.1555018217423438
41,0.2,recommended_solve,0.0001,215,0.1548569335947844
41,0.2,recommended_solve,0.0001,216,0.15417665676660686
41,0.2,recommended_solve,0.0001,217,0.1533141980642828
41,0.2,recommended_solve,0.0001,218,0.15250074746222458
41,0.2,recommended_solve,0.0001,219,0.15150780184782492
41,0.2,recommended_solve,0.0001,220,0.15036778422925376
41,0.2,recommended_solve,0.0001,221,0.14904975126634049
41,0.2,recommended_solve,0.0001,222,0.1477691115353884
41,0.2,recommended_solve,0.0001,223,0.14638125468444502
41,0.2,recommended_solve,0.0001,224,0.14499480554575514
41,0.2,recommended_solve,0.0001,225,0.14325469698377996
41,0.2,recommended_solve,0.0001,226,0.14157406485271262
41,0.2,recommended_solve,0.0001,227,0.13960579698209985
41,0.2,recommended_solve,0.0001,228,0.13805788591204549
41,0.2,recommended_solve,0.0001,229,0.13623201002569024
41,0.2,recommended_solve,0.0001,230,0.13462421083068105
41,0.2,recommended_solve,0.0001,231,0.1326349513172104
41,0.2,recommended_solve,0.0001,232,0.13117530018252196
41,0.2,recommended_solve,0.0001,233,0.12940956162822062
41,0.2,recommended_solve,0.0001,234,0.12802642421212718
41,0.2,recommended_solve,0.0001,235,0.12624049206071122
41,0.2,recommended_solve,0.0001,236,0.12494781478353889
41,0.2,recommended_solve,0.0001,237,0.12345425625610566
41,0.2,recommended_solve,0.0001,238,0.12232259309564111
41,0.2,recommended_solve,0.0001,239,0.12090063518367473
41,0.2,recommended_solve,0.0001,240,0.11984536097497808
41,0.2,recommended_solve,0.0001,241,0.11850530185001927
41,0.2,recommended_solve,0.0001,242,0.11766320510412322
41,0.2,recommended_solve,0.0001,243,0.11660079546348164
41,0.2,recommended_solve,0.0001,244,0.11575925489823828
41,0.2,recommended_solve,0.0001,245,0.11487178858240021
41,0.2,recommended_solve,0.0001,246,0.11426831661827282
41,0.2,recommended_solve,0.0001,247,0.1135931710213745
41,0.2,recommended_solve,0.0001,248,0.11311240764193436
41,0.2,recommended_solve,0.0001,249,0.11259874420867277
41,0.2,recommended_solve,0.0001,250,0.11218146789963694
41,0.2,recommended_solve,0.0001,251,0.1116975460936935
41,0.2,recommended_solve,0.0001,252,0.1112977821924704
41,0.2,recommended_solve,0.0001,253,0.11085091699211459
41,0.2,recommended_solve,0.0001,254,0.11048031358233976
41,0.2,recommended_solve,0.0001,255,0.10997808715129997
41,0.2,recommended_solve,0.0001,256,0.1095792432532989
41,0.2,recommended_solve,0.0001,257,0.10913479210371343
41,0.2,recommended_solve,0.0001,258,0.10869805729481494
41,0.2,recommended_solve,0.0001,259,0.10823557740729389
41,0.2,recommended_solve,0.0001,260,0.10782125032539824
41,0.2,recommended_solve,0.0001,261,0.10726789222154395
41,0.2,recommended_solve,0.0001,262,0.10674171872257877
41,0.2,recommended_solve,0.0001,263,0.10615770435207797
41,0.2,recommended_solve,0.0001,264,0.10563878469448074
41,0.2,recommended_solve,0.0001,265,0.10498929787418593
41,0.2,recommended_solve,0.0001,266,0.10442061100488763
41,0.2,recommended_solve,0.0001,267,0.10364203273611643
41,0.2,recommended_solve,0.0001,268,0.10299510703509482
41,0.2,recommended_solve,0.0001,269,0.10213880338917095
41,0.2,recommended_solve,0.0001,270,0.10137623554805111
41,0.2,recommended_solve,0.0001,271,0.10034063397260795
41,0.2,recommended_solve,0.0001,272,0.09926294893277636
41,0.2,recommended_solve,0.0001,273,0.0979123477414826
41,0.2,recommended_solve,0.0001,274,0.09665317633611753
41,0.2,recommended_solve,0.0001,275,0.09508486794566072
41,0.2,recommended_solve,0.0001,276,0.09364735447299802
41,0.2,recommended_solve,0.0001,277,0.09180296326136475
41,0.2,recommended_solve,0.0001,278,0.09006901818375714
41,0.2,recommended_solve,0.0001,279,0.0879447881977712
41,0.2,recommended_solve,0.0001,280,0.08591971222387684
41,0.2,recommended_solve,0.0001,281,0.08330464351162833
41,0.2,recommended_solve,0.0001,282,0.08066277400861467
41,0.2,recommended_solve,0.0001,283,0.07756190367092265
41,0.2,recommended_solve,0.0001,284,0.07460361672539213
41,0.2,recommended_solve,0.0001,285,0.07130922670615146
41,0.2,recommended_solve,0.0001,286,0.06805721617644678
41,0.2,recommended_solve,0.0001,287,0.06449114067772115
41,0.2,recommended_solve,0.0001,288,0.060865252306375614
41,0.2,recommended_solve,0.0001,289,0.057165907037705625
41,0.2,recommended_solve,0.0001,290,0.053486537037647025
41,0.2,recommended_solve,0.0001,291,0.050067866092359116
41,0.2,recommended_solve,0.0001,292,0.0468653901780059
41,0.2,recommended_solve,0.0001,293,0.044077345373878835
41,0.2,recommended_solve,0.0001,294,0.041265065744935346
41,0.2,recommended_solve,0.0001,295,0.038908729404587616
41,0.2,recommended_solve,0.0001,296,0.036520272773116695
41,0.2,recommended_solve,0.0001,297,0.03466361946173629
41,0.2,recommended_solve,0.0001,298,0.03285942609658243
41,0.2,recommended_solve,0.0001,299,0.0315109429351641
41,0.2,recommended_solve,0.0001,300,0.030161182685870504
41,0.2,recommended_solve,0.001,0,1.0
41,0.2,recommended_solve,0.001,1,0.505715024588423
41,0.2,recommended_solve,0.001,2,0.42733987787457134
41,0.2,recommended_solve,0.001,3,0.35196154077154995
41,0.2,recommended_solve,0.001,4,0.315526859900505
41,0.2,recommended_solve,0.001,5,0.27770833756794183
41,0.2,recommended_solve,0.001,6,0.25768340735710593
41,0.2,recommended_solve,0.001,7,0.2431697552415267
41,0.2,recommended_solve,0.001,8,0.23865982290662785
41,0.2,recommended_solve,0.001,9,0.2339949739499975
41,0.2,recommended_solve,0.001,10,0.2317541808683899
41,0.2,recommended_solve,0.001,11,0.2307614025977589
41,0.2,recommended_solve,0.001,12,0.23045147517316428
41,0.2,recommended_solve,0.001,13,0.22929950259793708
41,0.2,recommended_solve,0.001,14,0.2284160430665799
41,0.2,recommended_solve,0.001,15,0.22799917906753359
41,0.2,recommended_solve,0.001,16,0.22763695009354754
41,0.2,recommended_solve,0.001,17,0.22664672580601464
41,0.2,recommended_solve,0.001,18,0.22589507713724125
41,0.2,recommended_solve,0.001,19,0.22530131080054758
41,0.2,recommended_solve,0.001,20,0.2246955234631733
41,0.2,recommended_solve,0.001,21,0.22363914577799246
41,0.2,recommended_solve,0.001,22,0.2228165381800769
41,0.2,recommended_solve,0.001,23,0.2220036229813686
41,0.2,recommended_solve,0.001,24,0.2212035831008512
41,0.2,recommended_solve,0.001,25,0.2195093993018891
41,0.2,recommended_solve,0.001,26,0.21834553471419713
41,0.2,recommended_solve,0.001,27,0.2170485954726704
41,0.2,recommended_solve,0.001,28,0.21625392941970295
41,0.2,recommended_solve,0.001,29,0.21498963389297568
41,0.2,recommended_solve,0.001,30,0.21415720575240116
41,0.2,recommended_solve,0.001,31,0.2133080382056363
41,0.2,recommended_solve,0.001,32,0.21267560508794847
41,0.2,recommended_solve,0.001,33,0.21179769003884752
41,0.2,recommended_solve,0.001,34,0.21106074339417552
41,0.2,recommended_solve,0.001,35,0.21006761875461188
41,0.2,recommended_solve,0.001,36,0.20933511134061142
41,0.2,recommended_solve,0.001,37,0.20827712656569317
41,0.2,recommended_solve,0.001,38,0.2074811980196704
41,0.2,recommended_solve,0.001,39,0.20642847060492373
41,0.2,recommended_solve,0.001,40,0.20544074979732949
41,0.2,recommended_solve,0.001,41,0.20414116986613146
41,0.2,recommended_solve,0.001,42,0.20314227959046555
41,0.2,recommended_solve,0.001,43,0.20190771765394053
41,0.2,recommended_solve,0.001,44,0.20117871565128384
41,0.2,recommended_solve,0.001,45,0.20042838492766057
41,0.2,recommended_solve,0.001,46,0.19990824795639314
41,0.2,recommended_solve,0.001,47,0.19923765095602392
41,0.2,recommended_solve,0.001,48,0.19879814545159982
41,0.2,recommended_solve,0.001,49,0.19823166073168635
41,0.2,recommended_solve,0.001,50,0.19778870971189214
41,0.2,recommended_solve,0.001,51,0.19703025434104113
41,0.2,recommended_solve,0.001,52,0.19650427671127838
41,0.2,recommended_solve,0.001,53,0.19586153551607954
41,0.2,recommended_solve,0.001,54,0.19541256087615286
41,0.2,recommended_solve,0.001,55,0.1946072414124774
41,0.2,recommended_solve,0.001,56,0.1940050517917209
41,0.2,recommended_solve,0.001,57,0.19315243368296417
41,0.2,recommended_solve,0.001,58,0.19247904070794689
41,0.2,recommended_solve,0.001,59,0.19138711993936405
41,0.2,recommended_solve,0.001,60,0.1905682702573587
41,0.2,recommended_solve,0.001,61,0.18973080488468294
41,0.2,recommended_solve,0.001,62,0.18911484818699334
41,0.2,recommended_solve,0.001,63,0.18831783465497973
41,0.2,recommended_solve,0.001,64,0.18774623200084023
41,0.2,recommended_solve,0.001,65,0.18724613124308115
41,0.2,recommended_solve,0.001,66,0.18689772776009989
41,0.2,recommended_solve,0.001,67,0.18648108453488393
41,0.2,recommended_solve,0.001,68,0.18619358139043404
41,0.2,recommended_solve,0.001,69,0.18598767280916007
41,0.2,recommended_solve,0.001,70,0.18585083886457207
41,0.2,recommended_solve,0.001,71,0.185654527177598
41,0.2,recommended_solve,0.001,72,0.1855451945740458
41,0.2,recommended_solve,0.001,73,0.18544970738528205
41,0.2,recommended_solve,0.001,74,0.18535516046558434
41,0.2,recommended_solve,0.001,75,0.1851289340808242
41,0.2,recommended_solve,0.001,76,0.18499119529323862
41,0.2,recommended_solve,0.001,77,0.18481306410099949
41,0.2,recommended_solve,0.001,78,0.18467344149178064
41,0.2,recommended_solve,0.001,79,0.1844578735537896
41,0.2,recommended_solve,0.001,80,0.1842581545233086
41,0.2,recommended_solve,0.001,81,0.18395860711415823
41,0.2,recommended_solve,0.001,82,0.1836893890446955
41,0.2,recommended_solve,0.001,83,0.18340873209721456
41,0.2,recommended_solve,0.001,84,0.18314109195489112
41,0.2,recommended_solve,0.001,85,0.1826164460013601
41,0.2,recommended_solve,0.001,86,0.18213492693983024
41,0.2,recommended_solve,0.001,87,0.18149756665940606
41,0.2,recommended_solve,0.001,88,0.18088261755782578
41,0.2,recommended_solve,0.001,89,0.17978096795062312
41,0.2,recommended_solve,0.001,90,0.1786025843312371
41,0.2,recommended_solve,0.001,91,0.17717466967955506
41,0.2,recommended_solve,0.001,92,0.17595494008051507
41,0.2,recommended_solve,0.001,93,0.1743616826803699
41,0.2,recommended_solve,0.001,94,0.17317627188378015
41,0.2,recommended_solve,0.001,95,0.17187891789955784
41,0.2,recommended_solve,0.001,96,0.1710030476475937
41,0.2,recommended_solve,0.001,97,0.1696767780146499
41,0.2,recommended_solve,0.001,98,0.16874900575936222
41,0.2,recommended_solve,0.001,99,0.16763412194624705
41,0.2,recommended_solve,0.001,100,0.16678407568393255
41,0.2,recommended_solve,0.001,101,0.16542972724791663
41,0.2,recommended_solve,0.001,102,0.16422839293528202
41,0.2,recommended_solve,0.001,103,0.16216987213235548
41,0.2,recommended_solve,0.001,104,0.15981797078429014
41,0.2,recommended_solve,0.001,105,0.15549708502069912
41,0.2,recommended_solve,0.001,106,0.15120207051422266
41,0.2,recommended_solve,0.001,107,0.14492987373590413
41,0.2,recommended_solve,0.001,108,0.13969604022044
41,0.2,recommended_solve,0.001,109,0.13347659992951366
41,0.2,recommended_solve,0.001,110,0.12966206185139803
41,0.2,recommended_solve,0.001,111,0.1255323141023656
41,0.2,recommended_solve,0.001,112,0.12291264936072815
41,0.2,recommended_solve,0.001,113,0.12002038503353804
41,0.2,recommended_solve,0.001,114,0.1181336568734319
41,0.2,recommended_solve,0.001,115,0.11598394054972343
41,0.2,recommended_solve,0.001,116,0.11446681647317646
41,0.2,recommended_solve,0.001,117,0.11250563334332102
41,0.2,recommended_solve,0.001,118,0.11095354374755036
41,0.2,recommended_solve,0.001,119,0.10874833701900723
41,0.2,recommended_solve,0.001,120,0.10716463622073882
41,0.2,recommended_solve,0.001,121,0.10516783906502311
41,0.2,recommended_solve,0.001,122,0.10368450249618369
41,0.2,recommended_solve,0.001,123,0.10163208229465343
41,0.2,recommended_solve,0.001,124,0.0999555166351501
41,0.2,recommended_solve,0.001,125,0.09739467582267881
41,0.2,recommended_solve,0.001,126,0.0952995243845776
41,0.2,recommended_solve,0.001,127,0.09237390042595478
41,0.2,recommended_solve,0.001,128,0.09018294890443847
41,0.2,recommended_solve,0.001,129,0.08774800572680784
41,0.2,recommended_solve,0.001,130,0.08604419727655635
41,0.2,recommended_solve,0.001,131,0.08411912584295149
41,0.2,recommended_solve,0.001,132,0.08256106111968271
41,0.2,recommended_solve,0.001,133,0.08063592679740159
41,0.2,recommended_solve,0.001,134,0.07903257470118953
41,0.2,recommended_solve,0.001,135,0.07722395720235921
41,0.2,recommended_solve,0.001,136,0.07584963686419935
41,0.2,recommended_solve,0.001,137,0.07432313546945836
41,0.2,recommended_solve,0.001,138,0.07312682082763748
41,0.2,recommended_solve,0.001,139,0.07170762546692092
41,0.2,recommended_solve,0.001,140,0.07049192963759181
41,0.2,recommended_solve,0.001,141,0.0689031761104171
41,0.2,recommended_solve,0.001,142,0.06741327021086395
41,0.2,recommended_solve,0.001,143,0.06570740992548851
41,0.2,recommended_solve,0.001,144,0.06444027224191384
41,0.2,recommended_solve,0.001,145,0.06337080937616578
41,0.2,recommended_solve,0.001,146,0.0627663829476628
41,0.2,recommended_solve,0.001,147,0.06212824130015869
41,0.2,recommended_solve,0.001,148,0.061718035074931586
41,0.2,recommended_solve,0.001,149,0.061244059699268334
41,0.2,recommended_solve,0.001,150,0.060941679712627976
41,0.2,recommended_solve,0.001,151,0.060560446056331665
41,0.2,recommended_solve,0.001,152,0.0602515779837559
41,0.2,recommended_solve,0.001,153,0.05978110456474865
41,0.2,recommended_solve,0.001,154,0.059309038053870104
41,0.2,recommended_solve,0.001,155,0.05854988348025457
41,0.2,recommended_solve,0.001,156,0.05771598824293498
41,0.2,recommended_solve,0.001,157,0.05629540361838934
41,0.2,recommended_solve,0.001,158,0.054683843060433626
41,0.2,recommended_solve,0.001,159,0.05240123087513236
41,0.2,recommended_solve,0.001,160,0.05059010920775989
41,0.2,recommended_solve,0.001,161,0.04862811100872971
41,0.2,recommended_solve,0.001,162,0.04733883935984976
41,0.2,recommended_solve,0.001,163,0.04603035557404699
41,0.2,recommended_solve,0.001,164,0.045296286459172164
41,0.2,recommended_solve,0.001,165,0.04454724924860695
41,0.2,recommended_solve,0.001,166,0.04411262429250333
41,0.2,recommended_solve,0.001,167,0.04361628680016711
41,0.2,recommended_solve,0.001,168,0.04328691413037679
41,0.2,recommended_solve,0.001,169,0.042846547385687495
41,0.2,recommended_solve,0.001,170,0.04251455082740567
41,0.2,recommended_solve,0.001,171,0.04208144269084273
41,0.2,recommended_solve,0.001,172,0.04168211459081107
41,0.2,recommended_solve,0.001,173,0.04116487273708721
41,0.2,recommended_solve,0.001,174,0.0407769321303447
41,0.2,recommended_solve,0.001,175,0.04032758517600089
41,0.2,recommended_solve,0.001,176,0.03998063979460784
41,0.2,recommended_solve,0.001,177,0.03956308242806451
41,0.2,recommended_solve,0.001,178,0.03929528315023358
41,0.2,recommended_solve,0.001,179,0.03901801359055696
41,0.2,recommended_solve,0.001,180,0.03888082893778194
41,0.2,recommended_solve,0.001,181,0.03872994023850607
41,0.2,recommended_solve,0.001,182,0.03862734180588476
41,0.2,recommended_solve,0.001,183,0.03849299469449225
41,0.2,recommended_solve,0.001,184,0.03838705138118463
41,0.2,recommended_solve,0.001,185,0.03824169180111012
41,0.2,recommended_solve,0.001,186,0.0381186961686703
41,0.2,recommended_solve,0.001,187,0.037919972405045126
41,0.2,recommended_solve,0.001,188,0.03768356451717497
41,0.2,recommended_solve,0.001,189,0.03733136089776825
41,0.2,recommended_solve,0.001,190,0.036988944639907075
41,0.2,recommended_solve,0.001,191,0.03643394877526698
41,0.2,recommended_solve,0.001,192,0.03582516335440268
41,0.2,recommended_solve,0.001,193,0.0348307829744117
41,0.2,recommended_solve,0.001,194,0.03394504358187688
41,0.2,recommended_solve,0.001,195,0.032661947458624295
41,0.2,recommended_solve,0.001,196,0.03159335193308612
41,0.2,recommended_solve,0.001,197,0.03033300867040566
41,0.2,recommended_solve,0.001,198,0.029455892478691917
41,0.2,recommended_solve,0.001,199,0.028350918445897242
41,0.2,recommended_solve,0.001,200,0.02764199197645369
41,0.2,recommended_solve,0.001,201,0.02694396179576032
41,0.2,recommended_solve,0.001,202,0.026519038833886777
41,0.2,recommended_solve,0.001,203,0.02607509566873974
41,0.2,recommended_solve,0.001,204,0.025795112172604644
41,0.2,recommended_solve,0.001,205,0.02548280954013602
41,0.2,recommended_solve,0.001,206,0.025297746605953256
41,0.2,recommended_solve,0.001,207,0.025105044635140024
41,0.2,recommended_solve,0.001,208,0.02499854555419425
41,0.2,recommended_solve,0.001,209,0.024884766982800958
41,0.2,recommended_solve,0.001,210,0.02482721691955354
41,0.2,recommended_solve,0.001,211,0.024760325123985766
41,0.2,recommended_solve,0.001,212,0.024721085058078563
41,0.2,recommended_solve,0.001,213,0.024672877377122888
41,0.2,recommended_solve,0.001,214,0.024646007292518014
41,0.2,recommended_solve,0.001,215,0.024616641375166098
41,0.2,recommended_solve,0.001,216,0.024600338795275338
41,0.2,recommended_solve,0.001,217,0.02458146885221202
41,0.2,recommended_solve,0.001,218,0.024574555815795745
41,0.2,recommended_solve,0.001,219,0.024566634459986185
41,0.2,recommended_solve,0.001,220,0.02456214040636485
41,0.2,recommended_solve,0.001,221,0.024559351826294158
41,0.2,recommended_solve,0.001,222,0.02455585951473523
41,0.2,recommended_solve,0.001,223,0.024550934904698136
41,0.2,recommended_solve,0.001,224,0.024548989305607217
41,0.2,recommended_solve,0.001,225,0.024547419945093255
41,0.2,recommended_solve,0.001,226,0.024545398202206095
41,0.2,recommended_solve,0.001,227,0.02454064176237736
41,0.2,recommended_solve,0.001,228,0.024535566623420945
41,0.2,recommended_solve,0.001,229,0.024528933578881328
41,0.2,recommended_solve,0.001,230,0.024518979677031254
41,0.2,recommended_solve,0.001,231,0.024500560819788707
41,0.2,recommended_solve,0.001,232,0.024472644783321593
41,0.2,recommended_solve,0.001,233,0.02442528917784853
41,0.2,recommended_solve,0.001,234,0.024362125422785083
41,0.2,recommended_solve,0.001,235,0.02423812521985552
41,0.2,recommended_solve,0.001,236,0.024056489010410468
41,0.2,recommended_solve,0.001,237,0.023731945102124164
41,0.2,recommended_solve,0.001,238,0.02329041521001896
41,0.2,recommended_solve,0.001,239,0.022548122788360773
41,0.2,recommended_solve,0.001,240,0.02164041982883229
41,0.2,recommended_solve,0.001,241,0.020282390700021014
41,0.2,recommended_solve,0.001,242,0.01878645656739193
41,0.2,recommended_solve,0.001,243,0.01671325538285242
41,0.2,recommended_solve,0.001,244,0.014632742064972283
41,0.2,recommended_solve,0.001,245,0.012159015487935547
41,0.2,recommended_solve,0.001,246,0.010165988111573996
41,0.2,recommended_solve,0.001,247,0.008184487645290924
41,0.2,recommended_solve,0.001,248,0.006797713120388543
41,0.2,recommended_solve,0.001,249,0.005515800813891156
41,0.2,recommended_solve,0.001,250,0.004747952675959325
41,0.2,recommended_solve,0.001,251,0.004103309669943011
41,0.2,recommended_solve,0.001,252,0.003745996430460586
41,0.2,recommended_solve,0.001,253,0.0034272170822264377
41,0.2,recommended_solve,0.001,254,0.0032658293343431383
41,0.2,recommended_solve,0.001,255,0.0031130026382060164
41,0.2,recommended_solve,0.001,256,0.0030481345560629722
41,0.2,recommended_solve,0.001,257,0.0029911489298618346
41,0.2,recommended_solve,0.001,258,0.0029646914925165035
41,0.2,recommended_solve,0.001,259,0.002941173841241715
41,0.2,recommended_solve,0.001,260,0.0029292992080891013
41,0.2,recommended_solve,0.001,261,0.0029184560179492725
41,0.2,recommended_solve,0.001,262,0.002913740548571955
41,0.2,recommended_solve,0.001,263,0.0029088081812088723
41,0.2,recommended_solve,0.001,264,0.002907115625729836
41,0.2,recommended_solve,0.001,265,0.0029056273068145165
41,0.2,recommended_solve,0.001,266,0.002904969813111349
41,0.2,recommended_solve,0.001,267,0.002903938710783984
41,0.2,recommended_solve,0.001,268,0.002903002320680507
41,0.2,recommended_solve,0.001,269,0.0029019535192978296
41,0.2,recommended_solve,0.001,270,0.002900845947803283
41,0.2,recommended_solve,0.001,271,0.002898888219076823
41,0.2,recommended_solve,0.001,272,0.002896566319864051
41,0.2,recommended_solve,0.001,273,0.0028928077706522667
41,0.2,recommended_solve,0.001,274,0.0028876887807608603
41,0.2,recommended_solve,0.001,275,0.0028794331853783384
41,0.2,recommended_solve,0.001,276,0.002869286970070182
41,0.2,recommended_solve,0.001,277,0.0028526402113441844
41,0.2,recommended_solve,0.001,278,0.0028294790929774133
41,0.2,recommended_solve,0.001,279,0.002781780377208283
41,0.2,recommended_solve,0.001,280,0.0027200052063438675
41,0.2,recommended_solve,0.001,281,0.002613487307787626
41,0.2,recommended_solve,0.001,282,0.002487080614387764
41,0.2,recommended_solve,0.001,283,0.002311277507101317
41,0.2,recommended_solve,0.001,284,0.0021457855688747354
41,0.2,recommended_solve,0.001,285,0.0019916708394629133
41,0.2,recommended_solve,0.001,286,0.0018882008543752813
41,0.2,recommended_solve,0.001,287,0.0018066543627551761
41,0.2,recommended_solve,0.001,288,0.0017538500483742917
41,0.2,recommended_solve,0.001,289,0.0017173101146735121
41,0.2,recommended_solve,0.001,290,0.001697901009268246
41,0.2,recommended_solve,0.001,291,0.0016853359510073022
41,0.2,recommended_solve,0.001,292,0.0016783296365124227
41,0.2,recommended_solve,0.001,293,0.001673264947958044
41,0.2,recommended_solve,0.001,294,0.001670815817261509
41,0.2,recommended_solve,0.001,295,0.0016694043653280638
41,0.2,recommended_solve,0.001,296,0.0016687515969085655
41,0.2,recommended_solve,0.001,297,0.0016683392380352183
41,0.2,recommended_solve,0.001,298,0.0016681822721341805
41,0.2,recommended_solve,0.001,299,0.001668116614036605
41,0.2,recommended_solve,0.001,300,0.0016680289625225619
41,0.2,recommended_solve,0.01,0,1.0
41,0.2,recommended_solve,0.01,1,0.3896579386749627
41,0.2,recommended_solve,0.01,2,0.29502485150980684
41,0.2,recommended_solve,0.01,3,0.24499730900952651
41,0.2,recommended_solve,0.01,4,0.22614303931601717
41,0.2,recommended_solve,0.01,5,0.22298031113829106
41,0.2,recommended_solve,0.01,6,0.22223695382445866
41,0.2,recommended_solve,0.01,7,0.22130860330619231
41,0.2,recommended_solve,0.01,8,0.22011238785592077
41,0.2,recommended_solve,0.01,9,0.21900118409000655
41,0.2,recommended_solve,0.01,10,0.21716390005882394
41,0.2,recommended_solve,0.01,11,0.21526813294001995
41,0.2,recommended_solve,0.01,12,0.21374193494349908
41,0.2,recommended_solve,0.01,13,0.2116621545178376
41,0.2,recommended_solve,0.01,14,0.2091552518455615
41,0.2,recommended_solve,0.01,15,0.2069914642539891
41,0.2,recommended_solve,0.01,16,0.20476496769661712
41,0.2,recommended_solve,0.01,17,0.20170599982797405
41,0.2,recommended_solve,0.01,18,0.19788317284999696
41,0.2,recommended_solve,0.01,19,0.19332288122804317
41,0.2,recommended_solve,0.01,20,0.18863525347051063
41,0.2,recommended_solve,0.01,21,0.18457231926810716
41,0.2,recommended_solve,0.01,22,0.18221448463768974
41,0.2,recommended_solve,0.01,23,0.17974635747226805
41,0.2,recommended_solve,0.01,24,0.17745115616382376
41,0.2,recommended_solve,0.01,25,0.175010746458835
41,0.2,recommended_solve,0.01,26,0.1729143289077555
41,0.2,recommended_solve,0.01,27,0.1692579245907056
41,0.2,recommended_solve,0.01,28,0.16357814504223894
41,0.2,recommended_solve,0.01,29,0.1560928281781073
41,0.2,recommended_solve,0.01,30,0.15113043410828314
41,0.2,recommended_solve,0.01,31,0.14661203380866508
41,0.2,recommended_solve,0.01,32,0.14422144736440606
41,0.2,recommended_solve,0.01,33,0.14254041247084043
41,0.2,recommended_solve,0.01,34,0.1416920022836562
41,0.2,recommended_solve,0.01,35,0.14089920146005325
41,0.2,recommended_solve,0.01,36,0.14023577702641185
41,0.2,recommended_solve,0.01,37,0.1393590564303165
41,0.2,recommended_solve,0.01,38,0.13852926205292818
41,0.2,recommended_solve,0.01,39,0.13731646440872106
41,0.2,recommended_solve,0.01,40,0.13569311491123148
41,0.2,recommended_solve,0.01,41,0.13384326237895885
41,0.2,recommended_solve,0.01,42,0.1313266405569907
41,0.2,recommended_solve,0.01,43,0.1267609026292728
41,0.2,recommended_solve,0.01,44,0.12035481873635383
41,0.2,recommended_solve,0.01,45,0.11110106734915946
41,0.2,recommended_solve,0.01,46,0.10495142442194264
41,0.2,recommended_solve,0.01,47,0.10044865130681561
41,0.2,recommended_solve,0.01,48,0.09584916881730561
41,0.2,recommended_solve,0.01,49,0.0906048153564006
41,0.2,recommended_solve,0.01,50,0.0848806521302608
41,0.2,recommended_solve,0.01,51,0.07873498047893862
41,0.2,recommended_solve,0.01,52,0.07275090503762455
41,0.2,recommended_solve,0.01,53,0.06661547654882473
41,0.2,recommended_solve,0.01,54,0.06106877091777273
41,0.2,recommended_solve,0.01,55,0.0571234643648027
41,0.2,recommended_solve,0.01,56,0.05486425404310294
41,0.2,recommended_solve,0.01,57,0.053272090822422645
41,0.2,recommended_solve,0.01,58,0.05172899834083107
41,0.2,recommended_solve,0.01,59,0.0500387982626243
41,0.2,recommended_solve,0.01,60,0.04790043134416171
41,0.2,recommended_solve,0.01,61,0.04606781681110931
41,0.2,recommended_solve,0.01,62,0.044126776622971986
41,0.2,recommended_solve,0.01,63,0.042657180830955786
41,0.2,recommended_solve,0.01,64,0.04159049252005311
41,0.2,recommended_solve,0.01,65,0.04078737437913643
41,0.2,recommended_solve,0.01,66,0.03994215101935405
41,0.2,recommended_solve,0.01,67,0.03902319177454845
41,0.2,recommended_solve,0.01,68,0.03778820103116993
41,0.2,recommended_solve,0.01,69,0.036418481469444
41,0.2,recommended_solve,0.01,70,0.035064987274860605
41,0.2,recommended_solve,0.01,71,0.03411332582658243
41,0.2,recommended_solve,0.01,72,0.033387750709157255
41,0.2,recommended_solve,0.01,73,0.0331079698416992
41,0.2,recommended_solve,0.01,74,0.03286202766545785
41,0.2,recommended_solve,0.01,75,0.03264901899833648
41,0.2,recommended_solve,0.01,76,0.032379283971348614
41,0.2,recommended_solve,0.01,77,0.03218297248457261
41,0.2,recommended_solve,0.01,78,0.03186256996195384
41,0.2,recommended_solve,0.01,79,0.0316083165264946
41,0.2,recommended_solve,0.01,80,0.0313142384719312
41,0.2,recommended_solve,0.01,81,0.031131006515056306
41,0.2,recommended_solve,0.01,82,0.03098365222019992
41,0.2,recommended_solve,0.01,83,0.030897980999195218
41,0.2,recommended_solve,0.01,84,0.03073811677236279
41,0.2,recommended_solve,0.01,85,0.03056883541909802
41,0.2,recommended_solve,0.01,86,0.03023343302034289
41,0.2,recommended_solve,0.01,87,0.02986848268385072
41,0.2,recommended_solve,0.01,88,0.029601490272611667
41,0.2,recommended_solve,0.01,89,0.029517220324581
41,0.2,recommended_solve,0.01,90,0.02945423408560073
41,0.2,recommended_solve,0.01,91,0.029421252963928213
41,0.2,recommended_solve,0.01,92,0.029373577999459208
41,0.2,recommended_solve,0.01,93,0.02928388829339564
41,0.2,recommended_solve,0.01,94,0.02913170476557185
41,0.2,recommended_solve,0.01,95,0.02890753461829612
41,0.2,recommended_solve,0.01,96,0.028341988060464517
41,0.2,recommended_solve,0.01,97,0.027625408834468367
41,0.2,recommended_solve,0.01,98,0.026679045312793734
41,0.2,recommended_solve,0.01,99,0.025758070317000854
41,0.2,recommended_solve,0.01,100,0.024969248410191876
41,0.2,recommended_solve,0.01,101,0.024713659406791558
41,0.2,recommended_solve,0.01,102,0.02457449202747074
41,0.2,recommended_solve,0.01,103,0.024481088330717448
41,0.2,recommended_solve,0.01,104,0.02438729436542578
41,0.2,recommended_solve,0.01,105,0.024336702377018994
41,0.2,recommended_solve,0.01,106,0.024271240203409525
41,0.2,recommended_solve,0.01,107,0.024225372153155164
41,0.2,recommended_solve,0.01,108,0.024181567744261164
41,0.2,recommended_solve,0.01,109,0.024150616607069013
41,0.2,recommended_solve,0.01,110,0.02407960027226042
41,0.2,recommended_solve,0.01,111,0.024001747466882363
41,0.2,recommended_solve,0.01,112,0.023843828033272448
41,0.2,recommended_solve,0.01,113,0.023598567840291573
41,0.2,recommended_solve,0.01,114,0.02299865682598131
41,0.2,recommended_solve,0.01,115,0.02205555543224399
41,0.2,recommended_solve,0.01,116,0.01965773489873165
41,0.2,recommended_solve,0.01,117,0.015794477925579652
41,0.2,recommended_solve,0.01,118,0.01071292078611085
41,0.2,recommended_solve,0.01,119,0.006942044956971986
41,0.2,recommended_solve,0.01,120,0.004445109582065729
41,0.2,recommended_solve,0.01,121,0.0031764332807865565
41,0.2,recommended_solve,0.01,122,0.0024585205182388135
41,0.2,recommended_solve,0.01,123,0.0022935099257042225
41,0.2,recommended_solve,0.01,124,0.0022373560585389244
41,0.2,recommended_solve,0.01,125,0.0022172237560628624
41,0.2,recommended_solve,0.01,126,0.0022084019795244156
41,0.2,recommended_solve,0.01,127,0.0022064254529213373
41,0.2,recommended_solve,0.01,128,0.002205139607014658
41,0.2,recommended_solve,0.01,129,0.0022035714647328426
41,0.2,recommended_solve,0.01,130,0.002198926188455763
41,0.2,recommended_solve,0.01,131,0.0021800969587273066
41,0.2,recommended_solve,0.01,132,0.0021109650653041447
41,0.2,recommended_solve,0.01,133,0.0019976064117851198
41,0.2,recommended_solve,0.01,134,0.0018639880028314734
41,0.2,recommended_solve,0.01,135,0.0017825634901888852
41,0.2,recommended_solve,0.01,136,0.0017302942370485276
41,0.2,recommended_solve,0.01,137,0.0017098342493041341
41,0.2,recommended_solve,0.01,138,0.0016996301580840614
41,0.2,recommended_solve,0.01,139,0.0016966935234549888
41,0.2,recommended_solve,0.01,140,0.001695436260173008
41,0.2,recommended_solve,0.01,141,0.0016951673108710206
41,0.2,recommended_solve,0.01,142,0.0016948464844439516
41,0.2,recommended_solve,0.01,143,0.0016947339365776246
41,0.2,recommended_solve,0.01,144,0.0016945468963289407
41,0.2,recommended_solve,0.01,145,0.0016945060769303362
41,0.2,recommended_solve,0.01,146,0.0016940889457251272
41,0.2,recommended_solve,0.01,147,0.0016920148740693641
41,0.2,recommended_solve,0.01,148,0.001682852155382784
41,0.2,recommended_solve,0.01,149,0.0016462135107218083
41,0.2,recommended_solve,0.01,150,0.0014975122847050806
41,0.2,recommended_solve,0.01,151,0.0011655999048908728
41,0.2,recommended_solve,0.01,152,0.0007510466302304763
41,0.2,recommended_solve,0.01,153,0.000504227387729846
41,0.2,recommended_solve,0.01,154,0.0003037988969014758
41,0.2,recommended_solve,0.01,155,0.0001690710972120777
41,0.2,recommended_solve,0.01,156,7.773443149590861e-05
41,0.2,recommended_solve,0.01,157,3.977113151158896e-05
41,0.2,recommended_solve,0.01,158,1.892693194835518e-05
41,0.2,recommended_solve,0.01,159,9.826371745907842e-06
41,0.2,recommended_solve,0.01,160,4.3869769353563e-06
41,0.2,recommended_solve,0.01,161,1.922373384680464e-06
41,0.2,recommended_solve,0.01,162,7.652956437515114e-07
41,0.35,probe,1e-12,0,1.0
41,0.35,probe,1e-12,1,0.3479745421490316
41,0.35,probe,1e-12,2,0.26144499432697227
41,0.35,probe,1e-12,3,0.22190326265474103
41,0.35,probe,1e-12,4,0.2142210222651879
41,0.35,probe,1e-12,5,0.21227082221315416
41,0.35,probe,1e-12,6,0.2116472316819276
41,0.35,probe,1e-12,7,0.21117155334552642
41,0.35,probe,1e-12,8,0.2107270711687344
41,0.35,probe,1e-12,9,0.21005014824760532
41,0.35,probe,1e-12,10,0.20904322918741192
41,0.35,probe,1e-12,11,0.20790897819434695
41,0.35,probe,1e-12,12,0.2071784678816926
41,0.35,probe,1e-12,13,0.20623204380246093
41,0.35,probe,1e-12,14,0.20530145059117055
41,0.35,probe,1e-12,15,0.20346653546954072
41,0.35,probe,1e-12,16,0.20139128620759278
41,0.35,probe,1e-12,17,0.1989756641930302
41,0.35,probe,1e-12,18,0.1971771614147372
41,0.35,probe,1e-12,19,0.19497844916906978
41,0.35,probe,1e-12,20,0.19363464175742143
41,0.35,probe,1e-12,21,0.19238674179979912
41,0.35,probe,1e-12,22,0.19173085915107319
41,0.35,probe,1e-12,23,0.19103699665426926
41,0.35,probe,1e-12,24,0.19044241537327658
41,0.35,probe,1e-12,25,0.18872173121161678
41,0.35,probe,1e-12,26,0.18709750260443025
41,0.35,probe,1e-12,27,0.18570888532158994
41,0.35,probe,1e-12,28,0.1848273966677048
41,0.35,probe,1e-12,29,0.1841817354336694
41,0.35,probe,1e-12,30,0.18378572939177387
41,0.35,probe,1e-12,31,0.18359523483002071
41,0.35,probe,1e-12,32,0.18352053966155887
41,0.35,probe,1e-12,33,0.1834701305355931
41,0.35,probe,1e-12,34,0.1834116986375264
41,0.35,probe,1e-12,35,0.18335812323289094
41,0.35,probe,1e-12,36,0.18330826153367938
41,0.35,probe,1e-12,37,0.18329311184012265
41,0.35,probe,1e-12,38,0.18329310774008328
41,0.35,probe,1e-12,39,0.18328137514964998
41,0.35,probe,1e-12,40,0.18326128782973666
41,0.35,probe,1e-12,41,0.18322152113870865
41,0.35,probe,1e-12,42,0.18321403041710121
41,0.35,probe,1e-12,43,0.1832030903670136
41,0.35,probe,1e-12,44,0.1832000917017222
41,0.35,probe,1e-12,45,0.1831850882606478
41,0.35,probe,1e-12,46,0.18316257759212934
41,0.35,probe,1e-12,47,0.18313805697690577
41,0.35,probe,1e-12,48,0.18312727936564233
41,0.35,probe,1e-12,49,0.18311343386144666
41,0.35,probe,1e-12,50,0.18309454807972195
41,0.35,probe,1e-12,51,0.18308023979943536
41,0.35,probe,1e-12,52,0.1830650925864766
41,0.35,probe,1e-12,53,0.1830528099697641
41,0.35,probe,1e-12,54,0.18303726408397689
41,0.35,probe,1e-12,55,0.18302943683694026
41,0.35,probe,1e-12,56,0.18302931868194303
41,0.35,probe,1e-12,57,0.18302658059217425
41,0.35,probe,1e-12,58,0.18302375559270606
41,0.35,probe,1e-12,59,0.18302198396385505
41,0.35,probe,1e-12,60,0.18301431402989402
41,0.35,probe,1e-12,61,0.1830092297833583
41,0.35,probe,1e-12,62,0.1830090598677203
41,0.35,probe,1e-12,63,0.1829999969877523
41,0.35,probe,1e-12,64,0.18299570537560786
41,0.35,probe,1e-12,65,0.18298834701782593
41,0.35,probe,1e-12,66,0.18298382458158538
41,0.35,probe,1e-12,67,0.1829727180178196
41,0.35,probe,1e-12,68,0.1829694201590141
41,0.35,probe,1e-12,69,0.18296912576091257
41,0.35,probe,1e-12,70,0.18296129767888758
41,0.35,probe,1e-12,71,0.1829588963288478
41,0.35,probe,1e-12,72,0.18295889623741743
41,0.35,probe,1e-12,73,0.18295881617730525
41,0.35,probe,1e-12,74,0.18295849251282556
41,0.35,probe,1e-12,75,0.18295842622590533
41,0.35,probe,1e-12,76,0.18295817593370103
41,0.35,probe,1e-12,77,0.18295753400888579
41,0.35,probe,1e-12,78,0.18295627674073225
41,0.35,probe,1e-12,79,0.1829555893368102
41,0.35,probe,1e-12,80,0.18295317961936472
41,0.35,probe,1e-12,81,0.18295272656563435
41,0.35,probe,1e-12,82,0.1829519694302313
41,0.35,probe,1e-12,83,0.1829429219369331
41,0.35,probe,1e-12,84,0.18293714943988146
41,0.35,probe,1e-12,85,0.18293348794382966
41,0.35,probe,1e-12,86,0.18293215841172886
41,0.35,probe,1e-12,87,0.1829317729245697
41,0.35,probe,1e-12,88,0.18292989663901896
41,0.35,probe,1e-12,89,0.18292937406133794
41,0.35,probe,1e-12,90,0.1829293683961684
41,0.35,probe,1e-12,91,0.18292728441213454
41,0.35,probe,1e-12,92,0.18292697952231565
41,0.35,probe,1e-12,93,0.18292473548690422
41,0.35,probe,1e-12,94,0.1829211729719053
41,0.35,probe,1e-12,95,0.18292114318169153
41,0.35,probe,1e-12,96,0.1829196900858929
41,0.35,probe,1e-12,97,0.18291381532554163
41,0.35,probe,1e-12,98,0.18291154522941522
41,0.35,probe,1e-12,99,0.18290749544695106
41,0.35,probe,1e-12,100,0.18290684646764516
41,0.35,recommended_solve,1e-10,0,1.0
41,0.35,recommended_solve,1e-10,1,0.34797221072436296
41,0.35,recommended_solve,1e-10,2,0.26133832750188074
41,0.35,recommended_solve,1e-10,3,0.22189012630566524
41,0.35,recommended_solve,1e-10,4,0.21419466614091362
41,0.35,recommended_solve,1e-10,5,0.21228102695574896
41,0.35,recommended_solve,1e-10,6,0.2116450969857975
41,0.35,recommended_solve,1e-10,7,0.21114695927851526
41,0.35,recommended_solve,1e-10,8,0.21069021610665092
41,0.35,recommended_solve,1e-10,9,0.21004242808838372
41,0.35,recommended_solve,1e-10,10,0.20908160544239401
41,0.35,recommended_solve,1e-10,11,0.2079385827327388
41,0.35,recommended_solve,1e-10,12,0.20717285175675
41,0.35,recommended_solve,1e-10,13,0.20625597975148052
41,0.35,recommended_solve,1e-10,14,0.2053600780259508
41,0.35,recommended_solve,1e-10,15,0.2036071318781857
41,0.35,recommended_solve,1e-10,16,0.2015418704506838
41,0.35,recommended_solve,1e-10,17,0.19916084997096925
41,0.35,recommended_solve,1e-10,18,0.19735921739285955
41,0.35,recommended_solve,1e-10,19,0.1951386749673292
41,0.35,recommended_solve,1e-10,20,0.1937629767376192
41,0.35,recommended_solve,1e-10,21,0.1924767216150876
41,0.35,recommended_solve,1e-10,22,0.19179879569292466
41,0.35,recommended_solve,1e-10,23,0.19110953103398284
41,0.35,recommended_solve,1e-10,24,0.1905498959542657
41,0.35,recommended_solve,1e-10,25,0.18894665226230686
41,0.35,recommended_solve,1e-10,26,0.18734645595122476
41,0.35,recommended_solve,1e-10,27,0.18595575322445732
41,0.35,recommended_solve,1e-10,28,0.18492911047325875
41,0.35,recommended_solve,1e-10,29,0.18421169851615377
41,0.35,recommended_solve,1e-10,30,0.18385134164094077
41,0.35,recommended_solve,1e-10,31,0.1836305518588744
41,0.35,recommended_solve,1e-10,32,0.18352814609572182
41,0.35,recommended_solve,1e-10,33,0.18347601051138454
41,0.35,recommended_solve,1e-10,34,0.1834110307113037
41,0.35,recommended_solve,1e-10,35,0.18335346884909692
41,0.35,recommended_solve,1e-10,36,0.18330517147651804
41,0.35,recommended_solve,1e-10,37,0.18329416649216965
41,0.35,recommended_solve,1e-10,38,0.18329087529169294
41,0.35,recommended_solve,1e-10,39,0.18328258780621595
41,0.35,recommended_solve,1e-10,40,0.18326172509368382
41,0.35,recommended_solve,1e-10,41,0.18323583289752382
41,0.35,recommended_solve,1e-10,42,0.183228884265595
41,0.35,recommended_solve,1e-10,43,0.18320354296672697
41,0.35,recommended_solve,1e-10,44,0.1832009974538
41,0.35,recommended_solve,1e-10,45,0.18318767683566578
41,0.35,recommended_solve,1e-10,46,0.1831713392633721
41,0.35,recommended_solve,1e-10,47,0.18315081135869224
41,0.35,recommended_solve,1e-10,48,0.1831371218923748
41,0.35,recommended_solve,1e-10,49,0.1831174081713738
41,0.35,recommended_solve,1e-10,50,0.18310200848155656
41,0.35,recommended_solve,1e-10,51,0.18309251365337806
41,0.35,recommended_solve,1e-10,52,0.18307769579161173
41,0.35,recommended_solve,1e-10,53,0.18305312282792124
41,0.35,recommended_solve,1e-10,54,0.1830436654160294
41,0.35,recommended_solve,1e-10,55,0.1830395337543856
41,0.35,recommended_solve,1e-10,56,0.183031244283117
41,0.35,recommended_solve,1e-10,57,0.18302990255065252
41,0.35,recommended_solve,1e-10,58,0.18302898089431288
41,0.35,recommended_solve,1e-10,59,0.18302488980691628
41,0.35,recommended_solve,1e-10,60,0.18301905701314589
41,0.35,recommended_solve,1e-10,61,0.1830171714682599
41,0.35,recommended_solve,1e-10,62,0.1830127658274187
41,0.35,recommended_solve,1e-10,63,0.1830072565626434
41,0.35,recommended_solve,1e-10,64,0.1830060538609157
41,0.35,recommended_solve,1e-10,65,0.18299855456279004
41,0.35,recommended_solve,1e-10,66,0.182987318459903
41,0.35,recommended_solve,1e-10,67,0.18298226672988505
41,0.35,recommended_solve,1e-10,68,0.18298043160637442
41,0.35,recommended_solve,1e-10,69,0.18297122322346998
41,0.35,recommended_solve,1e-10,70,0.18296848890611572
41,0.35,recommended_solve,1e-10,71,0.18296741891231116
41,0.35,recommended_solve,1e-10,72,0.1829673503668581
41,0.35,recommended_solve,1e-10,73,0.18296578575249106
41,0.35,recommended_solve,1e-10,74,0.18296506178272864
41,0.35,recommended_solve,1e-10,75,0.18296466983236584
41,0.35,recommended_solve,1e-10,76,0.18296341100170108
41,0.35,recommended_solve,1e-10,77,0.18296010364714668
41,0.35,recommended_solve,1e-10,78,0.18295402658259516
41,0.35,recommended_solve,1e-10,79,0.18295377943044788
41,0.35,recommended_solve,1e-10,80,0.1829534295377574
41,0.35,recommended_solve,1e-10,81,0.18295058708167214
41,0.35,recommended_solve,1e-10,82,0.18294540458043412
41,0.35,recommended_solve,1e-10,83,0.18294533224417586
41,0.35,recommended_solve,1e-10,84,0.18293538179597413
41,0.35,recommended_solve,1e-10,85,0.18292855315308232
41,0.35,recommended_solve,1e-10,86,0.18292404684161073
41,0.35,recommended_solve,1e-10,87,0.18292366129792137
41,0.35,recommended_solve,1e-10,88,0.18291658827559643
41,0.35,recommended_solve,1e-10,89,0.18291622027216792
41,0.35,recommended_solve,1e-10,90,0.18291503092407746
41,0.35,recommended_solve,1e-10,91,0.18291479179333164
41,0.35,recommended_solve,1e-10,92,0.18291131312926762
41,0.35,recommended_solve,1e-10,93,0.18291019885452875
41,0.35,recommended_solve,1e-10,94,0.18290255029715727
41,0.35,recommended_solve,1e-10,95,0.18289989565144676
41,0.35,recommended_solve,1e-10,96,0.18289971214709513
41,0.35,recommended_solve,1e-10,97,0.18289722465219133
41,0.35,recommended_solve,1e-10,98,0.18288201295780773
41,0.35,recommended_solve,1e-10,99,0.18276544487920968
41,0.35,recommended_solve,1e-10,100,0.1824649719758598
41,0.35,recommended_solve,1e-10,101,0.1817254124960353
41,0.35,recommended_solve,1e-10,102,0.18040458932288286
41,0.35,recommended_solve,1e-10,103,0.1787578439460873
41,0.35,recommended_solve,1e-10,104,0.17786506767144752
41,0.35,recommended_solve,1e-10,105,0.17744530465748665
41,0.35,recommended_solve,1e-10,106,0.17729506277222673
41,0.35,recommended_solve,1e-10,107,0.17718274520106433
41,0.35,recommended_solve,1e-10,108,0.17712732467774048
41,0.35,recommended_solve,1e-10,109,0.17710412303637785
41,0.35,recommended_solve,1e-10,110,0.17710278345435035
41,0.35,recommended_solve,1e-10,111,0.1771010469713228
41,0.35,recommended_solve,1e-10,112,0.17709915461010264
41,0.35,recommended_solve,1e-10,113,0.1770975289141564
41,0.35,recommended_solve,1e-10,114,0.17709425373785617
41,0.35,recommended_solve,1e-10,115,0.17709125130352274
41,0.35,recommended_solve,1e-10,116,0.1770893803837348
41,0.35,recommended_solve,1e-10,117,0.17708877561303393
41,0.35,recommended_solve,1e-10,118,0.17708780049269823
41,0.35,recommended_solve,1e-10,119,0.17708436461098484
41,0.35,recommended_solve,1e-10,120,0.17708383677002917
41,0.35,recommended_solve,1e-10,121,0.17708189964309695
41,0.35,recommended_solve,1e-10,122,0.17708189868461932
41,0.35,recommended_solve,1e-10,123,0.17708186958833874
41,0.35,recommended_solve,1e-10,124,0.17708133789077563
41,0.35,recommended_solve,1e-10,125,0.17708051290737836
41,0.35,recommended_solve,1e-10,126,0.17707530970187108
41,0.35,recommended_solve,1e-10,127,0.17707426507743163
41,0.35,recommended_solve,1e-10,128,0.17707269866527373
41,0.35,recommended_solve,1e-10,129,0.17706231742254616
41,0.35,recommended_solve,1e-10,130,0.17694314893081517
41,0.35,recommended_solve,1e-10,131,0.17665490871060835
41,0.35,recommended_solve,1e-10,132,0.1762102652224307
41,0.35,recommended_solve,1e-10,133,0.1760912152964471
41,0.35,recommended_solve,1e-10,134,0.1760686599621472
41,0.35,recommended_solve,1e-10,135,0.17605881340309903
41,0.35,recommended_solve,1e-10,136,0.17605823152862593
41,0.35,recommended_solve,1e-10,137,0.17605701162098647
41,0.35,recommended_solve,1e-10,138,0.17605511038591667
41,0.35,recommended_solve,1e-10,139,0.1760458281329703
41,0.35,recommended_solve,1e-10,140,0.1760436671447134
41,0.35,recommended_solve,1e-10,141,0.1760436657386769
41,0.35,recommended_solve,1e-10,142,0.17604235622251796
41,0.35,recommended_solve,1e-10,143,0.17604061629862577
41,0.35,recommended_solve,1e-10,144,0.17604042450941906
41,0.35,recommended_solve,1e-10,145,0.17603883435673903
41,0.35,recommended_solve,1e-10,146,0.1760387009411214
41,0.35,recommended_solve,1e-10,147,0.1760265918869899
41,0.35,recommended_solve,1e-10,148,0.17602533224051864
41,0.35,recommended_solve,1e-10,149,0.17602504694308288
41,0.35,recommended_solve,1e-10,150,0.17602493718040751
41,0.35,recommended_solve,1e-10,151,0.17601990788719798
41,0.35,recommended_solve,1e-10,152,0.17600073887474624
41,0.35,recommended_solve,1e-10,153,0.17595922554405477
41,0.35,recommended_solve,1e-10,154,0.17586141990170254
41,0.35,recommended_solve,1e-10,155,0.17581349369620225
41,0.35,recommended_solve,1e-10,156,0.17577635629131913
41,0.35,recommended_solve,1e-10,157,0.17575944975445504
41,0.35,recommended_solve,1e-10,158,0.1757561240334768
41,0.35,recommended_solve,1e-10,159,0.17575556798992073
41,0.35,recommended_solve,1e-10,160,0.17575319902795644
41,0.35,recommended_solve,1e-10,161,0.1757521520255727
41,0.35,recommended_solve,1e-10,162,0.17575148283884257
41,0.35,recommended_solve,1e-10,163,0.1757512248635311
41,0.35,recommended_solve,1e-10,164,0.17574812779110502
41,0.35,recommended_solve,1e-10,165,0.1757401328739368
41,0.35,recommended_solve,1e-10,166,0.17573680974233152
41,0.35,recommended_solve,1e-10,167,0.17573239629770782
41,0.35,recommended_solve,1e-10,168,0.17571874758771863
41,0.35,recommended_solve,1e-10,169,0.17571795942503976
41,0.35,recommended_solve,1e-10,170,0.17571748423731437
41,0.35,recommended_solve,1e-10,171,0.17571606268761458
41,0.35,recommended_solve,1e-10,172,0.17571546540805436
41,0.35,recommended_solve,1e-10,173,0.1757133144972355
41,0.35,recommended_solve,1e-10,174,0.17570905496151204
41,0.35,recommended_solve,1e-10,175,0.17570864514568868
41,0.35,recommended_solve,1e-10,176,0.1757078216877483
41,0.35,recommended_solve,1e-10,177,0.17570506098865396
41,0.35,recommended_solve,1e-10,178,0.1757035941857034
41,0.35,recommended_solve,1e-10,179,0.17569910111022413
41,0.35,recommended_solve,1e-10,180,0.17569895007652
41,0.35,recommended_solve,1e-10,181,0.17569848258390394
41,0.35,recommended_solve,1e-10,182,0.17569590799255352
41,0.35,recommended_solve,1e-10,183,0.17569590798491272
41,0.35,recommended_solve,1e-10,184,0.17569563300939361
41,0.35,recommended_solve,1e-10,185,0.17569552269141936
41,0.35,recommended_solve,1e-10,186,0.17569403458391453
41,0.35,recommended_solve,1e-10,187,0.1756886185133931
41,0.35,recommended_solve,1e-10,188,0.17568840663120883
41,0.35,recommended_solve,1e-10,189,0.17568792430693866
41,0.35,recommended_solve,1e-10,190,0.1756858616767693
41,0.35,recommended_solve,1e-10,191,0.17568450225610222
41,0.35,recommended_solve,1e-10,192,0.17568130711080834
41,0.35,recommended_solve,1e-10,193,0.17568130016101585
41,0.35,recommended_solve,1e-10,194,0.1756801197230691
41,0.35,recommended_solve,1e-10,195,0.17567981934646787
41,0.35,recommended_solve,1e-10,196,0.17566531632046367
41,0.35,recommended_solve,1e-10,197,0.17566018694016766
41,0.35,recommended_solve,1e-10,198,0.17565651216083075
41,0.35,recommended_solve,1e-10,199,0.17565604514596853
41,0.35,recommended_solve,1e-10,200,0.17565597142821268
41,0.35,recommended_solve,1e-10,201,0.1756546643685426
41,0.35,recommended_solve,1e-10,202,0.17565460076465494
41,0.35,recommended_solve,1e-10,203,0.17565367237551083
41,0.35,recommended_solve,1e-10,204,0.1756536674171342
41,0.35,recommended_solve,1e-10,205,0.17565189996764674
41,0.35,recommended_solve,1e-10,206,0.17565169782233261
41,0.35,recommended_solve,1e-10,207,0.1756487263314036
41,0.35,recommended_solve,1e-10,208,0.1756479937410811
41,0.35,recommended_solve,1e-10,209,0.17564535734591363
41,0.35,recommended_solve,1e-10,210,0.17564535716991747
41,0.35,recommended_solve,1e-10,211,0.17564485425092294
41,0.35,recommended_solve,1e-10,212,0.17564480994058226
41,0.35,recommended_solve,1e-10,213,0.17564469420535014
41,0.35,recommended_solve,1e-10,214,0.17564450318885594
41,0.35,recommended_solve,1e-10,215,0.17564045030463402
41,0.35,recommended_solve,1e-10,216,0.17562445164157545
41,0.35,recommended_solve,1e-10,217,0.17561807018743011
41,0.35,recommended_solve,1e-10,218,0.17561557746321596
41,0.35,recommended_solve,1e-10,219,0.17561531683888185
41,0.35,recommended_solve,1e-10,220,0.17561521013627412
41,0.35,recommended_solve,1e-10,221,0.17561422086717934
41,0.35,recommended_solve,1e-10,222,0.17561387605532358
41,0.35,recommended_solve,1e-10,223,0.175612129551342
41,0.35,recommended_solve,1e-10,224,0.1756064308041593
41,0.35,recommended_solve,1e-10,225,0.17560543409047644
41,0.35,recommended_solve,1e-10,226,0.17560493379988001
41,0.35,recommended_solve,1e-10,227,0.17560385040826987
41,0.35,recommended_solve,1e-10,228,0.17560299981848695
41,0.35,recommended_solve,1e-10,229,0.17560035659284343
41,0.35,recommended_solve,1e-10,230,0.1756001957286234
41,0.35,recommended_solve,1e-10,231,0.17559957874954596
41,0.35,recommended_solve,1e-10,232,0.1755966590908657
41,0.35,recommended_solve,1e-10,233,0.17558737606699448
41,0.35,recommended_solve,1e-10,234,0.1755805695885661
41,0.35,recommended_solve,1e-10,235,0.1755740601149414
41,0.35,recommended_solve,1e-10,236,0.1755696995578085
41,0.35,recommended_solve,1e-10,237,0.17556957582588745
41,0.35,recommended_solve,1e-10,238,0.17556942144386933
41,0.35,recommended_solve,1e-10,239,0.17556941895070172
41,0.35,recommended_solve,1e-10,240,0.1755693309118522
41,0.35,recommended_solve,1e-10,241,0.17556922776368414
41,0.35,recommended_solve,1e-10,242,0.17556846160555314
41,0.35,recommended_solve,1e-10,243,0.1755684206347463
41,0.35,recommended_solve,1e-10,244,0.17556831708582024
41,0.35,recommended_solve,1e-10,245,0.1755682703613273
41,0.35,recommended_solve,1e-10,246,0.1755662706105932
41,0.35,recommended_solve,1e-10,247,0.1755625141150343
41,0.35,recommended_solve,1e-10,248,0.17556245723213948
41,0.35,recommended_solve,1e-10,249,0.1755624571385804
41,0.35,recommended_solve,1e-10,250,0.17556091863296258
41,0.35,recommended_solve,1e-10,251,0.17555730539637657
41,0.35,recommended_solve,1e-10,252,0.17554017518671233
41,0.35,recommended_solve,1e-10,253,0.1754896270201315
41,0.35,recommended_solve,1e-10,254,0.1754612683411859
41,0.35,recommended_solve,1e-10,255,0.17545925980961843
41,0.35,recommended_solve,1e-10,256,0.17545923083884524
41,0.35,recommended_solve,1e-10,257,0.17545828600000543
41,0.35,recommended_solve,1e-10,258,0.17545823291279966
41,0.35,recommended_solve,1e-10,259,0.17545765896014806
41,0.35,recommended_solve,1e-10,260,0.17545666180447564
41,0.35,recommended_solve,1e-10,261,0.17545486321133477
41,0.35,recommended_solve,1e-10,262,0.1754539379360062
41,0.35,recommended_solve,1e-10,263,0.1754538826743365
41,0.35,recommended_solve,1e-10,264,0.17545309259314645
41,0.35,recommended_solve,1e-10,265,0.17544967114359328
41,0.35,recommended_solve,1e-10,266,0.17544836976288047
41,0.35,recommended_solve,1e-10,267,0.17541753533956828
41,0.35,recommended_solve,1e-10,268,0.17522884088761195
41,0.35,recommended_solve,1e-10,269,0.17462553118043248
41,0.35,recommended_solve,1e-10,270,0.17406806341045594
41,0.35,recommended_solve,1e-10,271,0.17400275664122974
41,0.35,recommended_solve,1e-10,272,0.17399758228656048
41,0.35,recommended_solve,1e-10,273,0.17399045964459792
41,0.35,recommended_solve,1e-10,274,0.17398493959674352
41,0.35,recommended_solve,1e-10,275,0.17398378439041903
41,0.35,recommended_solve,1e-10,276,0.17398374737759567
41,0.35,recommended_solve,1e-10,277,0.17398160743053867
41,0.35,recommended_solve,1e-10,278,0.17398143880271583
41,0.35,recommended_solve,1e-10,279,0.17398025837600917
41,0.35,recommended_solve,1e-10,280,0.1739768464665158
41,0.35,recommended_solve,1e-10,281,0.1739754523469843
41,0.35,recommended_solve,1e-10,282,0.17397323001908802
41,0.35,recommended_solve,1e-10,283,0.1739529786904504
41,0.35,recommended_solve,1e-10,284,0.17359619641063673
41,0.35,recommended_solve,1e-10,285,0.17067254927018413
41,0.35,recommended_solve,1e-10,286,0.16565253067304517
41,0.35,recommended_solve,1e-10,287,0.16384627242589853
41,0.35,recommended_solve,1e-10,288,0.16369187950949599
41,0.35,recommended_solve,1e-10,289,0.16364118860133295
41,0.35,recommended_solve,1e-10,290,0.16362622927904166
41,0.35,recommended_solve,1e-10,291,0.16362516568848381
41,0.35,recommended_solve,1e-10,292,0.16362500007342087
41,0.35,recommended_solve,1e-10,293,0.1636219066947322
41,0.35,recommended_solve,1e-10,294,0.16362189734352195
41,0.35,recommended_solve,1e-10,295,0.1636211889364916
41,0.35,recommended_solve,1e-10,296,0.16362058182492747
41,0.35,recommended_solve,1e-10,297,0.16360210661245195
41,0.35,recommended_solve,1e-10,298,0.16356347483104397
41,0.35,recommended_solve,1e-10,299,0.1632043326726859
41,0.35,recommended_solve,1e-10,300,0.16039838052616198
41,0.35,recommended_solve,1e-08,0,1.0
41,0.35,recommended_solve,1e-08,1,0.3479721571983406
41,0.35,recommended_solve,1e-08,2,0.2613740513025516
41,0.35,recommended_solve,1e-08,3,0.22214996455679553
41,0.35,recommended_solve,1e-08,4,0.2141626471701148
41,0.35,recommended_solve,1e-08,5,0.21220050889386868
41,0.35,recommended_solve,1e-08,6,0.21156643727011798
41,0.35,recommended_solve,1e-08,7,0.21106159430890784
41,0.35,recommended_solve,1e-08,8,0.21063743522692932
41,0.35,recommended_solve,1e-08,9,0.21001453525400343
41,0.35,recommended_solve,1e-08,10,0.2089908878400459
41,0.35,recommended_solve,1e-08,11,0.20787044566771665
41,0.35,recommended_solve,1e-08,12,0.2071491378634642
41,0.35,recommended_solve,1e-08,13,0.2062044777561217
41,0.35,recommended_solve,1e-08,14,0.20531309724993568
41,0.35,recommended_solve,1e-08,15,0.20358180494096334
41,0.35,recommended_solve,1e-08,16,0.20155755853016596
41,0.35,recommended_solve,1e-08,17,0.1991484257410226
41,0.35,recommended_solve,1e-08,18,0.19734150782727533
41,0.35,recommended_solve,1e-08,19,0.19510479430929528
41,0.35,recommended_solve,1e-08,20,0.1937054115783381
41,0.35,recommended_solve,1e-08,21,0.1923960503978109
41,0.35,recommended_solve,1e-08,22,0.19171839630241855
41,0.35,recommended_solve,1e-08,23,0.19102415798063485
41,0.35,recommended_solve,1e-08,24,0.19047057191476865
41,0.35,recommended_solve,1e-08,25,0.18890514460658858
41,0.35,recommended_solve,1e-08,26,0.1872794909580909
41,0.35,recommended_solve,1e-08,27,0.18589203646625804
41,0.35,recommended_solve,1e-08,28,0.18489187476111377
41,0.35,recommended_solve,1e-08,29,0.1841123241121082
41,0.35,recommended_solve,1e-08,30,0.18371518999262254
41,0.35,recommended_solve,1e-08,31,0.18349793231425282
41,0.35,recommended_solve,1e-08,32,0.18340893062180305
41,0.35,recommended_solve,1e-08,33,0.1833483967071886
41,0.35,recommended_solve,1e-08,34,0.18328369016890647
41,0.35,recommended_solve,1e-08,35,0.1832222290862479
41,0.35,recommended_solve,1e-08,36,0.1831713660151798
41,0.35,recommended_solve,1e-08,37,0.18315604947938247
41,0.35,recommended_solve,1e-08,38,0.18315081806513092
41,0.35,recommended_solve,1e-08,39,0.1831457225452523
41,0.35,recommended_solve,1e-08,40,0.18313623765636353
41,0.35,recommended_solve,1e-08,41,0.18309641566757948
41,0.35,recommended_solve,1e-08,42,0.18307913991334557
41,0.35,recommended_solve,1e-08,43,0.18305684891435686
41,0.35,recommended_solve,1e-08,44,0.18305303592938055
41,0.35,recommended_solve,1e-08,45,0.183039769091408
41,0.35,recommended_solve,1e-08,46,0.1830253887022307
41,0.35,recommended_solve,1e-08,47,0.18299803777333518
41,0.35,recommended_solve,1e-08,48,0.18298278714318972
41,0.35,recommended_solve,1e-08,49,0.18295547015014332
41,0.35,recommended_solve,1e-08,50,0.1829421606707252
41,0.35,recommended_solve,1e-08,51,0.18292812083974816
41,0.35,recommended_solve,1e-08,52,0.1829138061700589
41,0.35,recommended_solve,1e-08,53,0.18288459575689042
41,0.35,recommended_solve,1e-08,54,0.18286083149362906
41,0.35,recommended_solve,1e-08,55,0.1828575043923585
41,0.35,recommended_solve,1e-08,56,0.18285475429031683
41,0.35,recommended_solve,1e-08,57,0.1828502340356126
41,0.35,recommended_solve,1e-08,58,0.1828418182456533
41,0.35,recommended_solve,1e-08,59,0.1828382504505438
41,0.35,recommended_solve,1e-08,60,0.18283394575683462
41,0.35,recommended_solve,1e-08,61,0.18283028404233473
41,0.35,recommended_solve,1e-08,62,0.1828218929050187
41,0.35,recommended_solve,1e-08,63,0.18281360643236724
41,0.35,recommended_solve,1e-08,64,0.18280830019467578
41,0.35,recommended_solve,1e-08,65,0.18280022054530734
41,0.35,recommended_solve,1e-08,66,0.18278803297732907
41,0.35,recommended_solve,1e-08,67,0.18277402191412914
41,0.35,recommended_solve,1e-08,68,0.18277029192674446
41,0.35,recommended_solve,1e-08,69,0.1827569627937457
41,0.35,recommended_solve,1e-08,70,0.18275306369539995
41,0.35,recommended_solve,1e-08,71,0.18274879926920118
41,0.35,recommended_solve,1e-08,72,0.1827484963936531
41,0.35,recommended_solve,1e-08,73,0.18274522970677984
41,0.35,recommended_solve,1e-08,74,0.1827437345821299
41,0.35,recommended_solve,1e-08,75,0.18274344554100408
41,0.35,recommended_solve,1e-08,76,0.18274293843627323
41,0.35,recommended_solve,1e-08,77,0.18274111553725553
41,0.35,recommended_solve,1e-08,78,0.18272803118189795
41,0.35,recommended_solve,1e-08,79,0.18272550527004747
41,0.35,recommended_solve,1e-08,80,0.18272448167352404
41,0.35,recommended_solve,1e-08,81,0.18272197519938704
41,0.35,recommended_solve,1e-08,82,0.1827035321732962
41,0.35,recommended_solve,1e-08,83,0.18269991198815994
41,0.35,recommended_solve,1e-08,84,0.18269008698769842
41,0.35,recommended_solve,1e-08,85,0.18268391407313106
41,0.35,recommended_solve,1e-08,86,0.18267959866608038
41,0.35,recommended_solve,1e-08,87,0.18267758133271078
41,0.35,recommended_solve,1e-08,88,0.1826773522089791
41,0.35,recommended_solve,1e-08,89,0.18267668334960366
41,0.35,recommended_solve,1e-08,90,0.18267380831923266
41,0.35,recommended_solve,1e-08,91,0.18258623528665002
41,0.35,recommended_solve,1e-08,92,0.1823746148029296
41,0.35,recommended_solve,1e-08,93,0.18197838705351038
41,0.35,recommended_solve,1e-08,94,0.18137521643048568
41,0.35,recommended_solve,1e-08,95,0.17979493171933597
41,0.35,recommended_solve,1e-08,96,0.17827785665080909
41,0.35,recommended_solve,1e-08,97,0.1773863405974228
41,0.35,recommended_solve,1e-08,98,0.17718163458826253
41,0.35,recommended_solve,1e-08,99,0.1770782033016502
41,0.35,recommended_solve,1e-08,100,0.17706145249003813
41,0.35,recommended_solve,1e-08,101,0.1770569250437615
41,0.35,recommended_solve,1e-08,102,0.17705672526830177
41,0.35,recommended_solve,1e-08,103,0.17705665262126977
41,0.35,recommended_solve,1e-08,104,0.17705665132286968
41,0.35,recommended_solve,1e-08,105,0.1770555044086569
41,0.35,recommended_solve,1e-08,106,0.17705532378890415
41,0.35,recommended_solve,1e-08,107,0.1770531908926716
41,0.35,recommended_solve,1e-08,108,0.177052750343892
41,0.35,recommended_solve,1e-08,109,0.1770523766483779
41,0.35,recommended_solve,1e-08,110,0.17705101580043972
41,0.35,recommended_solve,1e-08,111,0.17705070425832675
41,0.35,recommended_solve,1e-08,112,0.1770502849333235
41,0.35,recommended_solve,1e-08,113,0.17703399255197108
41,0.35,recommended_solve,1e-08,114,0.17696561186206838
41,0.35,recommended_solve,1e-08,115,0.17688172701447766
41,0.35,recommended_solve,1e-08,116,0.1767345687990413
41,0.35,recommended_solve,1e-08,117,0.17645721759127037
41,0.35,recommended_solve,1e-08,118,0.17623310402277204
41,0.35,recommended_solve,1e-08,119,0.1760646531796349
41,0.35,recommended_solve,1e-08,120,0.17603043882370667
41,0.35,recommended_solve,1e-08,121,0.17602249498238262
41,0.35,recommended_solve,1e-08,122,0.1760224656940127
41,0.35,recommended_solve,1e-08,123,0.1760224173661116
41,0.35,recommended_solve,1e-08,124,0.17601718495403793
41,0.35,recommended_solve,1e-08,125,0.17601501134716457
41,0.35,recommended_solve,1e-08,126,0.17601489281670737
41,0.35,recommended_solve,1e-08,127,0.17601173025063402
41,0.35,recommended_solve,1e-08,128,0.1760113556585013
41,0.35,recommended_solve,1e-08,129,0.17600898384072985
41,0.35,recommended_solve,1e-08,130,0.17599969353703646
41,0.35,recommended_solve,1e-08,131,0.17599891112989577
41,0.35,recommended_solve,1e-08,132,0.17599525495692933
41,0.35,recommended_solve,1e-08,133,0.1759952534292277
41,0.35,recommended_solve,1e-08,134,0.17598148453880375
41,0.35,recommended_solve,1e-08,135,0.17594014426800172
41,0.35,recommended_solve,1e-08,136,0.1758408187604119
41,0.35,recommended_solve,1e-08,137,0.1757859263934025
41,0.35,recommended_solve,1e-08,138,0.17575781344359395
41,0.35,recommended_solve,1e-08,139,0.17575217527303852
41,0.35,recommended_solve,1e-08,140,0.17572477431733566
41,0.35,recommended_solve,1e-08,141,0.17572029520401689
41,0.35,recommended_solve,1e-08,142,0.17571919399209607
41,0.35,recommended_solve,1e-08,143,0.17571796087581676
41,0.35,recommended_solve,1e-08,144,0.17571664963127745
41,0.35,recommended_solve,1e-08,145,0.17571647704799934
41,0.35,recommended_solve,1e-08,146,0.1757158369815463
41,0.35,recommended_solve,1e-08,147,0.17571559565673833
41,0.35,recommended_solve,1e-08,148,0.17571443010240873
41,0.35,recommended_solve,1e-08,149,0.17571315752340602
41,0.35,recommended_solve,1e-08,150,0.1757121896743236
41,0.35,recommended_solve,1e-08,151,0.17571193127280585
41,0.35,recommended_solve,1e-08,152,0.17571068892991448
41,0.35,recommended_solve,1e-08,153,0.17571061560973095
41,0.35,recommended_solve,1e-08,154,0.17569861784536608
41,0.35,recommended_solve,1e-08,155,0.17569417081722738
41,0.35,recommended_solve,1e-08,156,0.17569362911624903
41,0.35,recommended_solve,1e-08,157,0.17569346910416314
41,0.35,recommended_solve,1e-08,158,0.17568082759409248
41,0.35,recommended_solve,1e-08,159,0.17567627479144055
41,0.35,recommended_solve,1e-08,160,0.17567622208019215
41,0.35,recommended_solve,1e-08,161,0.17567506309955122
41,0.35,recommended_solve,1e-08,162,0.1756745975940162
41,0.35,recommended_solve,1e-08,163,0.17567373339078443
41,0.35,recommended_solve,1e-08,164,0.17566649049002503
41,0.35,recommended_solve,1e-08,165,0.17566336260108004
41,0.35,recommended_solve,1e-08,166,0.1756616252429454
41,0.35,recommended_solve,1e-08,167,0.17566089791846357
41,0.35,recommended_solve,1e-08,168,0.17565186035837427
41,0.35,recommended_solve,1e-08,169,0.1756478122221619
41,0.35,recommended_solve,1e-08,170,0.17564444535789203
41,0.35,recommended_solve,1e-08,171,0.17564034121418853
41,0.35,recommended_solve,1e-08,172,0.17563425266899918
41,0.35,recommended_solve,1e-08,173,0.17563408488104143
41,0.35,recommended_solve,1e-08,174,0.17563303857655535
41,0.35,recommended_solve,1e-08,175,0.17563183960290155
41,0.35,recommended_solve,1e-08,176,0.17563178510543717
41,0.35,recommended_solve,1e-08,177,0.17563024903528357
41,0.35,recommended_solve,1e-08,178,0.1756263031219683
41,0.35,recommended_solve,1e-08,179,0.17562626721792052
41,0.35,recommended_solve,1e-08,180,0.175626028729199
41,0.35,recommended_solve,1e-08,181,0.17562592865081864
41,0.35,recommended_solve,1e-08,182,0.17562134040925267
41,0.35,recommended_solve,1e-08,183,0.17561983634969622
41,0.35,recommended_solve,1e-08,184,0.1756153281163021
41,0.35,recommended_solve,1e-08,185,0.17561209042686657
41,0.35,recommended_solve,1e-08,186,0.17560190657511962
41,0.35,recommended_solve,1e-08,187,0.1755975084341075
41,0.35,recommended_solve,1e-08,188,0.17559329491545636
41,0.35,recommended_solve,1e-08,189,0.175592191788595
41,0.35,recommended_solve,1e-08,190,0.1755902895551527
41,0.35,recommended_solve,1e-08,191,0.17559028949461664
41,0.35,recommended_solve,1e-08,192,0.17558999508950468
41,0.35,recommended_solve,1e-08,193,0.1755892144256633
41,0.35,recommended_solve,1e-08,194,0.17558804062122432
41,0.35,recommended_solve,1e-08,195,0.17558804035436953
41,0.35,recommended_solve,1e-08,196,0.1755878135820301
41,0.35,recommended_solve,1e-08,197,0.17558720117386098
41,0.35,recommended_solve,1e-08,198,0.1755824437318739
41,0.35,recommended_solve,1e-08,199,0.1755747360494001
41,0.35,recommended_solve,1e-08,200,0.17556736823162544
41,0.35,recommended_solve,1e-08,201,0.17556621400007677
41,0.35,recommended_solve,1e-08,202,0.17556600847421555
41,0.35,recommended_solve,1e-08,203,0.17556485637868868
41,0.35,recommended_solve,1e-08,204,0.17556314192338232
41,0.35,recommended_solve,1e-08,205,0.17556293908239862
41,0.35,recommended_solve,1e-08,206,0.1755619148123383
41,0.35,recommended_solve,1e-08,207,0.17556089261770558
41,0.35,recommended_solve,1e-08,208,0.17556086623708012
41,0.35,recommended_solve,1e-08,209,0.17556063210927703
41,0.35,recommended_solve,1e-08,210,0.17555999353087512
41,0.35,recommended_solve,1e-08,211,0.17555971448119076
41,0.35,recommended_solve,1e-08,212,0.17555970998266507
41,0.35,recommended_solve,1e-08,213,0.17555497331372222
41,0.35,recommended_solve,1e-08,214,0.17550977026289902
41,0.35,recommended_solve,1e-08,215,0.17546978123405257
41,0.35,recommended_solve,1e-08,216,0.17545161572342827
41,0.35,recommended_solve,1e-08,217,0.1754459428721275
41,0.35,recommended_solve,1e-08,218,0.17544274949250332
41,0.35,recommended_solve,1e-08,219,0.1754427083952296
41,0.35,recommended_solve,1e-08,220,0.17544036385292364
41,0.35,recommended_solve,1e-08,221,0.1754399035060587
41,0.35,recommended_solve,1e-08,222,0.17543990182316738
41,0.35,recommended_solve,1e-08,223,0.17543817391605868
41,0.35,recommended_solve,1e-08,224,0.17543804334890933
41,0.35,recommended_solve,1e-08,225,0.1754358314042225
41,0.35,recommended_solve,1e-08,226,0.1754281812533427
41,0.35,recommended_solve,1e-08,227,0.17536366266595724
41,0.35,recommended_solve,1e-08,228,0.17487129850504496
41,0.35,recommended_solve,1e-08,229,0.17424675464071832
41,0.35,recommended_solve,1e-08,230,0.17399213521005338
41,0.35,recommended_solve,1e-08,231,0.17396736619028627
41,0.35,recommended_solve,1e-08,232,0.17395984563794076
41,0.35,recommended_solve,1e-08,233,0.1739595139270623
41,0.35,recommended_solve,1e-08,234,0.17395951258876388
41,0.35,recommended_solve,1e-08,235,0.17395942854387814
41,0.35,recommended_solve,1e-08,236,0.17395880349218112
41,0.35,recommended_solve,1e-08,237,0.17395584660368266
41,0.35,recommended_solve,1e-08,238,0.17395488935621967
41,0.35,recommended_solve,1e-08,239,0.17394022981658125
41,0.35,recommended_solve,1e-08,240,0.17389758660192944
41,0.35,recommended_solve,1e-08,241,0.17363905703287713
41,0.35,recommended_solve,1e-08,242,0.17154332265299507
41,0.35,recommended_solve,1e-08,243,0.16626833438544725
41,0.35,recommended_solve,1e-08,244,0.16363720624666656
41,0.35,recommended_solve,1e-08,245,0.16327527823549007
41,0.35,recommended_solve,1e-08,246,0.16323116322188622
41,0.35,recommended_solve,1e-08,247,0.1632225557255014
41,0.35,recommended_solve,1e-08,248,0.16322038656911597
41,0.35,recommended_solve,1e-08,249,0.16321987002111044
41,0.35,recommended_solve,1e-08,250,0.16321627389089816
41,0.35,recommended_solve,1e-08,251,0.1631983702235328
41,0.35,recommended_solve,1e-08,252,0.1631129051591351
41,0.35,recommended_solve,1e-08,253,0.16251637972143512
41,0.35,recommended_solve,1e-08,254,0.15914210560942188
41,0.35,recommended_solve,1e-08,255,0.1462275121095663
41,0.35,recommended_solve,1e-08,256,0.1250577455748162
41,0.35,recommended_solve,1e-08,257,0.1150376610352689
41,0.35,recommended_solve,1e-08,258,0.11336924677479886
41,0.35,recommended_solve,1e-08,259,0.11311414009083347
41,0.35,recommended_solve,1e-08,260,0.11305022057679219
41,0.35,recommended_solve,1e-08,261,0.11303637041372613
41,0.35,recommended_solve,1e-08,262,0.11303487643580634
41,0.35,recommended_solve,1e-08,263,0.1130313959520084
41,0.35,recommended_solve,1e-08,264,0.11303020171105357
41,0.35,recommended_solve,1e-08,265,0.11298275393700552
41,0.35,recommended_solve,1e-08,266,0.11252954190079026
41,0.35,recommended_solve,1e-08,267,0.10936751225678602
41,0.35,recommended_solve,1e-08,268,0.09617384453788004
41,0.35,recommended_solve,1e-08,269,0.08560500358221033
41,0.35,recommended_solve,1e-08,270,0.08318454377043412
41,0.35,recommended_solve,1e-08,271,0.08292204672651873
41,0.35,recommended_solve,1e-08,272,0.08285903322143796
41,0.35,recommended_solve,1e-08,273,0.08285165871773316
41,0.35,recommended_solve,1e-08,274,0.0828516585068517
41,0.35,recommended_solve,1e-08,275,0.08285143429729937
41,0.35,recommended_solve,1e-08,276,0.08284550777950503
41,0.35,recommended_solve,1e-08,277,0.08281919269828052
41,0.35,recommended_solve,1e-08,278,0.08263000201313075
41,0.35,recommended_solve,1e-08,279,0.08133004624280685
41,0.35,recommended_solve,1e-08,280,0.07216660291419323
41,0.35,recommended_solve,1e-08,281,0.05825028099874467
41,0.35,recommended_solve,1e-08,282,0.053428544465403724
41,0.35,recommended_solve,1e-08,283,0.05308459629311354
41,0.35,recommended_solve,1e-08,284,0.05300899855023224
41,0.35,recommended_solve,1e-08,285,0.0529951471696713
41,0.35,recommended_solve,1e-08,286,0.05299507908278149
41,0.35,recommended_solve,1e-08,287,0.052992523114881104
41,0.35,recommended_solve,1e-08,288,0.05299184974913195
41,0.35,recommended_solve,1e-08,289,0.052982208289013524
41,0.35,recommended_solve,1e-08,290,0.05278337260266738
41,0.35,recommended_solve,1e-08,291,0.051075100593318185
41,0.35,recommended_solve,1e-08,292,0.04388198248120961
41,0.35,recommended_solve,1e-08,293,0.036305545097169475
41,0.35,recommended_solve,1e-08,294,0.03462739894588969
41,0.35,recommended_solve,1e-08,295,0.03450809729706026
41,0.35,recommended_solve,1e-08,296,0.03445722045059303
41,0.35,recommended_solve,1e-08,297,0.034448752359351506
41,0.35,recommended_solve,1e-08,298,0.034448727465130585
41,0.35,recommended_solve,1e-08,299,0.03444851729249473
41,0.35,recommended_solve,1e-08,300,0.03444747496386953
41,0.35,recommended_solve,1e-06,0,1.0
41,0.35,recommended_solve,1e-06,1,0.34796680626342946
41,0.35,recommended_solve,1e-06,2,0.2618204108538929
41,0.35,recommended_solve,1e-06,3,0.22199470183138206
41,0.35,recommended_solve,1e-06,4,0.21426116956432695
41,0.35,recommended_solve,1e-06,5,0.21228354972063077
41,0.35,recommended_solve,1e-06,6,0.21163300010665775
41,0.35,recommended_solve,1e-06,7,0.2111476420930785
41,0.35,recommended_solve,1e-06,8,0.2106562651854504
41,0.35,recommended_solve,1e-06,9,0.20991240521050902
41,0.35,recommended_solve,1e-06,10,0.20878390886898232
41,0.35,recommended_solve,1e-06,11,0.20752404469872635
41,0.35,recommended_solve,1e-06,12,0.20667365227701937
41,0.35,recommended_solve,1e-06,13,0.2056198689182236
41,0.35,recommended_solve,1e-06,14,0.20454655417179543
41,0.35,recommended_solve,1e-06,15,0.2023901545368105
41,0.35,recommended_solve,1e-06,16,0.19990968728961583
41,0.35,recommended_solve,1e-06,17,0.19711573475710958
41,0.35,recommended_solve,1e-06,18,0.19506524325176233
41,0.35,recommended_solve,1e-06,19,0.1924541459852785
41,0.35,recommended_solve,1e-06,20,0.1908134470683388
41,0.35,recommended_solve,1e-06,21,0.18935509166151876
41,0.35,recommended_solve,1e-06,22,0.18868127368133636
41,0.35,recommended_solve,1e-06,23,0.18781428189607013
41,0.35,recommended_solve,1e-06,24,0.18704485989006817
41,0.35,recommended_solve,1e-06,25,0.18510405813291467
41,0.35,recommended_solve,1e-06,26,0.18317928424178914
41,0.35,recommended_solve,1e-06,27,0.18150029374707996
41,0.35,recommended_solve,1e-06,28,0.18039963370942266
41,0.35,recommended_solve,1e-06,29,0.17962432744331847
41,0.35,recommended_solve,1e-06,30,0.17920145185011724
41,0.35,recommended_solve,1e-06,31,0.17894164537785787
41,0.35,recommended_solve,1e-06,32,0.17883203096621555
41,0.35,recommended_solve,1e-06,33,0.1787742319710592
41,0.35,recommended_solve,1e-06,34,0.1786840016544172
41,0.35,recommended_solve,1e-06,35,0.1786001167019916
41,0.35,recommended_solve,1e-06,36,0.17854265258430033
41,0.35,recommended_solve,1e-06,37,0.17852342498404386
41,0.35,recommended_solve,1e-06,38,0.17850960922369255
41,0.35,recommended_solve,1e-06,39,0.1784723731375353
41,0.35,recommended_solve,1e-06,40,0.17843242471912052
41,0.35,recommended_solve,1e-06,41,0.17837620571007515
41,0.35,recommended_solve,1e-06,42,0.17833459629212897
41,0.35,recommended_solve,1e-06,43,0.17828595712339418
41,0.35,recommended_solve,1e-06,44,0.17825181978398516
41,0.35,recommended_solve,1e-06,45,0.17821290338125442
41,0.35,recommended_solve,1e-06,46,0.17811962888765787
41,0.35,recommended_solve,1e-06,47,0.17802208060684316
41,0.35,recommended_solve,1e-06,48,0.17789622138153005
41,0.35,recommended_solve,1e-06,49,0.1777888388792407
41,0.35,recommended_solve,1e-06,50,0.17766280306691337
41,0.35,recommended_solve,1e-06,51,0.17761355424264855
41,0.35,recommended_solve,1e-06,52,0.17750645900909284
41,0.35,recommended_solve,1e-06,53,0.17738464461179396
41,0.35,recommended_solve,1e-06,54,0.17728336640206613
41,0.35,recommended_solve,1e-06,55,0.17725702989103884
41,0.35,recommended_solve,1e-06,56,0.17721907658318867
41,0.35,recommended_solve,1e-06,57,0.17719334301628847
41,0.35,recommended_solve,1e-06,58,0.1771623661593478
41,0.35,recommended_solve,1e-06,59,0.17712882062309007
41,0.35,recommended_solve,1e-06,60,0.17709113879477403
41,0.35,recommended_solve,1e-06,61,0.17705627630038276
41,0.35,recommended_solve,1e-06,62,0.17701905204881732
41,0.35,recommended_solve,1e-06,63,0.17696971908484063
41,0.35,recommended_solve,1e-06,64,0.1769220907379714
41,0.35,recommended_solve,1e-06,65,0.17687771564905483
41,0.35,recommended_solve,1e-06,66,0.1768167452956321
41,0.35,recommended_solve,1e-06,67,0.17674742331431192
41,0.35,recommended_solve,1e-06,68,0.1766982141802603
41,0.35,recommended_solve,1e-06,69,0.17667544697626236
41,0.35,recommended_solve,1e-06,70,0.17665764129343953
41,0.35,recommended_solve,1e-06,71,0.17662260266614113
41,0.35,recommended_solve,1e-06,72,0.1766051777230752
41,0.35,recommended_solve,1e-06,73,0.1766007364424964
41,0.35,recommended_solve,1e-06,74,0.17658742086370038
41,0.35,recommended_solve,1e-06,75,0.1765630593674396
41,0.35,recommended_solve,1e-06,76,0.17654046140541343
41,0.35,recommended_solve,1e-06,77,0.17653610250793234
41,0.35,recommended_solve,1e-06,78,0.17651121838912917
41,0.35,recommended_solve,1e-06,79,0.17647631907223774
41,0.35,recommended_solve,1e-06,80,0.1764577848859443
41,0.35,recommended_solve,1e-06,81,0.17644509990716678
41,0.35,recommended_solve,1e-06,82,0.17641863150157389
41,0.35,recommended_solve,1e-06,83,0.17637150752258438
41,0.35,recommended_solve,1e-06,84,0.17635189626241304
41,0.35,recommended_solve,1e-06,85,0.17634783926506883
41,0.35,recommended_solve,1e-06,86,0.17632764457413766
41,0.35,recommended_solve,1e-06,87,0.17631012117421144
41,0.35,recommended_solve,1e-06,88,0.17630379696741194
41,0.35,recommended_solve,1e-06,89,0.1762929238943528
41,0.35,recommended_solve,1e-06,90,0.17623760647299952
41,0.35,recommended_solve,1e-06,91,0.1760938587101798
41,0.35,recommended_solve,1e-06,92,0.17603673704963585
41,0.35,recommended_solve,1e-06,93,0.1760132188658329
41,0.35,recommended_solve,1e-06,94,0.17600276232392448
41,0.35,recommended_solve,1e-06,95,0.17599487074845563
41,0.35,recommended_solve,1e-06,96,0.17599325268481839
41,0.35,recommended_solve,1e-06,97,0.1759932109462283
41,0.35,recommended_solve,1e-06,98,0.17599298789485368
41,0.35,recommended_solve,1e-06,99,0.17598938436610265
41,0.35,recommended_solve,1e-06,100,0.17598358422546645
41,0.35,recommended_solve,1e-06,101,0.17598150010801392
41,0.35,recommended_solve,1e-06,102,0.1759788405599405
41,0.35,recommended_solve,1e-06,103,0.1759563287027074
41,0.35,recommended_solve,1e-06,104,0.17593010413913243
41,0.35,recommended_solve,1e-06,105,0.17590412409410652
41,0.35,recommended_solve,1e-06,106,0.17590069186712826
41,0.35,recommended_solve,1e-06,107,0.17589732266350946
41,0.35,recommended_solve,1e-06,108,0.17589672994689004
41,0.35,recommended_solve,1e-06,109,0.17589646504540876
41,0.35,recommended_solve,1e-06,110,0.17589350542907528
41,0.35,recommended_solve,1e-06,111,0.1758929613097981
41,0.35,recommended_solve,1e-06,112,0.1758892219406383
41,0.35,recommended_solve,1e-06,113,0.17588839709731408
41,0.35,recommended_solve,1e-06,114,0.1758883927499167
41,0.35,recommended_solve,1e-06,115,0.17588838754648578
41,0.35,recommended_solve,1e-06,116,0.17588823704549486
41,0.35,recommended_solve,1e-06,117,0.1758872036090414
41,0.35,recommended_solve,1e-06,118,0.17588351242439565
41,0.35,recommended_solve,1e-06,119,0.17587326373612203
41,0.35,recommended_solve,1e-06,120,0.17587249331458837
41,0.35,recommended_solve,1e-06,121,0.17587240891516845
41,0.35,recommended_solve,1e-06,122,0.17587238910297937
41,0.35,recommended_solve,1e-06,123,0.17587167471730875
41,0.35,recommended_solve,1e-06,124,0.17587002793324405
41,0.35,recommended_solve,1e-06,125,0.1758698954082764
41,0.35,recommended_solve,1e-06,126,0.17586986821251294
41,0.35,recommended_solve,1e-06,127,0.17586981032584734
41,0.35,recommended_solve,1e-06,128,0.17586917197618468
41,0.35,recommended_solve,1e-06,129,0.1758689753986337
41,0.35,recommended_solve,1e-06,130,0.1758658874544919
41,0.35,recommended_solve,1e-06,131,0.17586144600872
41,0.35,recommended_solve,1e-06,132,0.17586071981135828
41,0.35,recommended_solve,1e-06,133,0.17584727655035695
41,0.35,recommended_solve,1e-06,134,0.17583945385047683
41,0.35,recommended_solve,1e-06,135,0.1758392576811068
41,0.35,recommended_solve,1e-06,136,0.17583924288198358
41,0.35,recommended_solve,1e-06,137,0.17583913328134967
41,0.35,recommended_solve,1e-06,138,0.17583428104344284
41,0.35,recommended_solve,1e-06,139,0.17583383663416094
41,0.35,recommended_solve,1e-06,140,0.17583381756591768
41,0.35,recommended_solve,1e-06,141,0.1758332516485316
41,0.35,recommended_solve,1e-06,142,0.17582361220005788
41,0.35,recommended_solve,1e-06,143,0.17581171431242917
41,0.35,recommended_solve,1e-06,144,0.17580539931525793
41,0.35,recommended_solve,1e-06,145,0.17579732328457162
41,0.35,recommended_solve,1e-06,146,0.17579469823133034
41,0.35,recommended_solve,1e-06,147,0.17579235611453603
41,0.35,recommended_solve,1e-06,148,0.17579180258601015
41,0.35,recommended_solve,1e-06,149,0.17578981713794592
41,0.35,recommended_solve,1e-06,150,0.17578514220851083
41,0.35,recommended_solve,1e-06,151,0.17577363153835068
41,0.35,recommended_solve,1e-06,152,0.17575801050446238
41,0.35,recommended_solve,1e-06,153,0.1757380995218733
41,0.35,recommended_solve,1e-06,154,0.17571937620287306
41,0.35,recommended_solve,1e-06,155,0.17571651854131107
41,0.35,recommended_solve,1e-06,156,0.17571183107150176
41,0.35,recommended_solve,1e-06,157,0.1757081101243487
41,0.35,recommended_solve,1e-06,158,0.17570468258344082
41,0.35,recommended_solve,1e-06,159,0.17570433802044771
41,0.35,recommended_solve,1e-06,160,0.17569807644451021
41,0.35,recommended_solve,1e-06,161,0.17568116690706267
41,0.35,recommended_solve,1e-06,162,0.17560802620452073
41,0.35,recommended_solve,1e-06,163,0.1754621051742311
41,0.35,recommended_solve,1e-06,164,0.1751753947891132
41,0.35,recommended_solve,1e-06,165,0.17503541285420904
41,0.35,recommended_solve,1e-06,166,0.1749629985017991
41,0.35,recommended_solve,1e-06,167,0.17493696798117842
41,0.35,recommended_solve,1e-06,168,0.17492409074233056
41,0.35,recommended_solve,1e-06,169,0.17492323357234055
41,0.35,recommended_solve,1e-06,170,0.1749128734923932
41,0.35,recommended_solve,1e-06,171,0.17485527461543474
41,0.35,recommended_solve,1e-06,172,0.17436901126120974
41,0.35,recommended_solve,1e-06,173,0.17243747744218368
41,0.35,recommended_solve,1e-06,174,0.16929696872200647
41,0.35,recommended_solve,1e-06,175,0.16804418493580991
41,0.35,recommended_solve,1e-06,176,0.16762629461206915
41,0.35,recommended_solve,1e-06,177,0.16752190465989167
41,0.35,recommended_solve,1e-06,178,0.1674866996491076
41,0.35,recommended_solve,1e-06,179,0.16746868744887286
41,0.35,recommended_solve,1e-06,180,0.1673689970764803
41,0.35,recommended_solve,1e-06,181,0.1669815595283572
41,0.35,recommended_solve,1e-06,182,0.16527365843135922
41,0.35,recommended_solve,1e-06,183,0.159462280366341
41,0.35,recommended_solve,1e-06,184,0.1492307240807593
41,0.35,recommended_solve,1e-06,185,0.14480019454751722
41,0.35,recommended_solve,1e-06,186,0.1429115026376559
41,0.35,recommended_solve,1e-06,187,0.14247086534752718
41,0.35,recommended_solve,1e-06,188,0.14229715172441362
41,0.35,recommended_solve,1e-06,189,0.1421966802677624
41,0.35,recommended_solve,1e-06,190,0.14179653967233435
41,0.35,recommended_solve,1e-06,191,0.14029576063028124
41,0.35,recommended_solve,1e-06,192,0.13210219116517882
41,0.35,recommended_solve,1e-06,193,0.11282139197023416
41,0.35,recommended_solve,1e-06,194,0.09478714450195905
41,0.35,recommended_solve,1e-06,195,0.08929414645695669
41,0.35,recommended_solve,1e-06,196,0.08786841128485634
41,0.35,recommended_solve,1e-06,197,0.08746747083088026
41,0.35,recommended_solve,1e-06,198,0.08736349147164486
41,0.35,recommended_solve,1e-06,199,0.08730343504875256
41,0.35,recommended_solve,1e-06,200,0.08711411313725073
41,0.35,recommended_solve,1e-06,201,0.08641506570858871
41,0.35,recommended_solve,1e-06,202,0.08272228105017972
41,0.35,recommended_solve,1e-06,203,0.07429210645812459
41,0.35,recommended_solve,1e-06,204,0.06704246223048473
41,0.35,recommended_solve,1e-06,205,0.06499932058360551
41,0.35,recommended_solve,1e-06,206,0.06460190546487686
41,0.35,recommended_solve,1e-06,207,0.06442132238469411
41,0.35,recommended_solve,1e-06,208,0.06436178456052974
41,0.35,recommended_solve,1e-06,209,0.06425336422485556
41,0.35,recommended_solve,1e-06,210,0.06371840376692386
41,0.35,recommended_solve,1e-06,211,0.06074830922446955
41,0.35,recommended_solve,1e-06,212,0.05198157079669881
41,0.35,recommended_solve,1e-06,213,0.041373768404512484
41,0.35,recommended_solve,1e-06,214,0.03854336564764621
41,0.35,recommended_solve,1e-06,215,0.037860291519650494
41,0.35,recommended_solve,1e-06,216,0.03773451121511232
41,0.35,recommended_solve,1e-06,217,0.037665967248037203
41,0.35,recommended_solve,1e-06,218,0.03761763286712701
41,0.35,recommended_solve,1e-06,219,0.03738565562265832
41,0.35,recommended_solve,1e-06,220,0.03641160478643247
41,0.35,recommended_solve,1e-06,221,0.03259266902130023
41,0.35,recommended_solve,1e-06,222,0.028594789539742448
41,0.35,recommended_solve,1e-06,223,0.02676551504609337
41,0.35,recommended_solve,1e-06,224,0.02651384086569721
41,0.35,recommended_solve,1e-06,225,0.026441839498146186
41,0.35,recommended_solve,1e-06,226,0.02641931615836596
41,0.35,recommended_solve,1e-06,227,0.026394187650975315
41,0.35,recommended_solve,1e-06,228,0.026305772625653555
41,0.35,recommended_solve,1e-06,229,0.025950078250714676
41,0.35,recommended_solve,1e-06,230,0.024638021989146358
41,0.35,recommended_solve,1e-06,231,0.02246722014096764
41,0.35,recommended_solve,1e-06,232,0.02182607909858916
41,0.35,recommended_solve,1e-06,233,0.021700971798418615
41,0.35,recommended_solve,1e-06,234,0.021671753991799644
41,0.35,recommended_solve,1e-06,235,0.021657565079323083
41,0.35,recommended_solve,1e-06,236,0.021650248215048976
41,0.35,recommended_solve,1e-06,237,0.021639319773802852
41,0.35,recommended_solve,1e-06,238,0.02157064941275662
41,0.35,recommended_solve,1e-06,239,0.02123205209815874
41,0.35,recommended_solve,1e-06,240,0.02077792306547314
41,0.35,recommended_solve,1e-06,241,0.02061993550988937
41,0.35,recommended_solve,1e-06,242,0.02060113601161367
41,0.35,recommended_solve,1e-06,243,0.02059384167153351
41,0.35,recommended_solve,1e-06,244,0.020590142417594975
41,0.35,recommended_solve,1e-06,245,0.02058970768617655
41,0.35,recommended_solve,1e-06,246,0.020587511386677023
41,0.35,recommended_solve,1e-06,247,0.020573886186541504
41,0.35,recommended_solve,1e-06,248,0.02052065532785201
41,0.35,recommended_solve,1e-06,249,0.02043126023422581
41,0.35,recommended_solve,1e-06,250,0.020406359697060245
41,0.35,recommended_solve,1e-06,251,0.020401770926974924
41,0.35,recommended_solve,1e-06,252,0.020400418067924156
41,0.35,recommended_solve,1e-06,253,0.020400222432085374
41,0.35,recommended_solve,1e-06,254,0.020399857610835462
41,0.35,recommended_solve,1e-06,255,0.020398976775260133
41,0.35,recommended_solve,1e-06,256,0.02039540443574539
41,0.35,recommended_solve,1e-06,257,0.020389228042271744
41,0.35,recommended_solve,1e-06,258,0.02038017827057891
41,0.35,recommended_solve,1e-06,259,0.020374668146939962
41,0.35,recommended_solve,1e-06,260,0.02037371039002127
41,0.35,recommended_solve,1e-06,261,0.02037299754036024
41,0.35,recommended_solve,1e-06,262,0.020372701190507388
41,0.35,recommended_solve,1e-06,263,0.02037262607719185
41,0.35,recommended_solve,1e-06,264,0.02037240236177751
41,0.35,recommended_solve,1e-06,265,0.02037101194616557
41,0.35,recommended_solve,1e-06,266,0.02036928876158199
41,0.35,recommended_solve,1e-06,267,0.02036739685873941
41,0.35,recommended_solve,1e-06,268,0.020366372115740057
41,0.35,recommended_solve,1e-06,269,0.020365675253834963
41,0.35,recommended_solve,1e-06,270,0.020365469995884657
41,0.35,recommended_solve,1e-06,271,0.020365232025136917
41,0.35,recommended_solve,1e-06,272,0.020365225341452464
41,0.35,recommended_solve,1e-06,273,0.02036519892205322
41,0.35,recommended_solve,1e-06,274,0.02036515098078297
41,0.35,recommended_solve,1e-06,275,0.020364992768510108
41,0.35,recommended_solve,1e-06,276,0.02036475985682552
41,0.35,recommended_solve,1e-06,277,0.02036475503454266
41,0.35,recommended_solve,1e-06,278,0.020364720519236653
41,0.35,recommended_solve,1e-06,279,0.0203645516220798
41,0.35,recommended_solve,1e-06,280,0.02036394609506902
41,0.35,recommended_solve,1e-06,281,0.020363641682932317
41,0.35,recommended_solve,1e-06,282,0.020363537922779208
41,0.35,recommended_solve,1e-06,283,0.020363241391712052
41,0.35,recommended_solve,1e-06,284,0.020363053592575068
41,0.35,recommended_solve,1e-06,285,0.020363033420860457
41,0.35,recommended_solve,1e-06,286,0.020362951680602533
41,0.35,recommended_solve,1e-06,287,0.020362885329124784
41,0.35,recommended_solve,1e-06,288,0.02036288523675172
41,0.35,recommended_solve,1e-06,289,0.02036288441006084
41,0.35,recommended_solve,1e-06,290,0.02036276674906704
41,0.35,recommended_solve,1e-06,291,0.020362335377277052
41,0.35,recommended_solve,1e-06,292,0.020362052112599987
41,0.35,recommended_solve,1e-06,293,0.020361253571268664
41,0.35,recommended_solve,1e-06,294,0.02036115352433495
41,0.35,recommended_solve,1e-06,295,0.02036100131990657
41,0.35,recommended_solve,1e-06,296,0.020360968264241806
41,0.35,recommended_solve,1e-06,297,0.02036096723454745
41,0.35,recommended_solve,1e-06,298,0.020360912018526283
41,0.35,recommended_solve,1e-06,299,0.020359906030292474
41,0.35,recommended_solve,1e-06,300,0.020357423149708582
41,0.35,recommended_solve,1e-05,0,1.0
41,0.35,recommended_solve,1e-05,1,0.34509788569195526
41,0.35,recommended_solve,1e-05,2,0.2594381597103569
41,0.35,recommended_solve,1e-05,3,0.22098479875489407
41,0.35,recommended_solve,1e-05,4,0.21371752040400394
41,0.35,recommended_solve,1e-05,5,0.21183185016469067
41,0.35,recommended_solve,1e-05,6,0.2110172458320702
41,0.35,recommended_solve,1e-05,7,0.21018128092720906
41,0.35,recommended_solve,1e-05,8,0.20936812388078113
41,0.35,recommended_solve,1e-05,9,0.2080326070617329
41,0.35,recommended_solve,1e-05,10,0.2061315372681111
41,0.35,recommended_solve,1e-05,11,0.2043621282882565
41,0.35,recommended_solve,1e-05,12,0.20314132454401074
41,0.35,recommended_solve,1e-05,13,0.20166724200062933
41,0.35,recommended_solve,1e-05,14,0.200240344487189
41,0.35,recommended_solve,1e-05,15,0.19812694475034806
41,0.35,recommended_solve,1e-05,16,0.1963056051782878
41,0.35,recommended_solve,1e-05,17,0.19449908963011908
41,0.35,recommended_solve,1e-05,18,0.19322280942781686
41,0.35,recommended_solve,1e-05,19,0.19194644572961034
41,0.35,recommended_solve,1e-05,20,0.19118229909335788
41,0.35,recommended_solve,1e-05,21,0.19045272600344326
41,0.35,recommended_solve,1e-05,22,0.18994039299211865
41,0.35,recommended_solve,1e-05,23,0.18925219597397205
41,0.35,recommended_solve,1e-05,24,0.18839090713608733
41,0.35,recommended_solve,1e-05,25,0.1860353813791807
41,0.35,recommended_solve,1e-05,26,0.1840305585735075
41,0.35,recommended_solve,1e-05,27,0.18216288252047336
41,0.35,recommended_solve,1e-05,28,0.18100618859471052
41,0.35,recommended_solve,1e-05,29,0.18001856501986382
41,0.35,recommended_solve,1e-05,30,0.179444220856405
41,0.35,recommended_solve,1e-05,31,0.1791040657775823
41,0.35,recommended_solve,1e-05,32,0.17889996611285086
41,0.35,recommended_solve,1e-05,33,0.17869006483741115
41,0.35,recommended_solve,1e-05,34,0.17845308279416577
41,0.35,recommended_solve,1e-05,35,0.1781324456427417
41,0.35,recommended_solve,1e-05,36,0.1778942839212397
41,0.35,recommended_solve,1e-05,37,0.1777431740499706
41,0.35,recommended_solve,1e-05,38,0.17761120529248256
41,0.35,recommended_solve,1e-05,39,0.17739224009880203
41,0.35,recommended_solve,1e-05,40,0.17716280190484643
41,0.35,recommended_solve,1e-05,41,0.17696731499129298
41,0.35,recommended_solve,1e-05,42,0.17686864609976116
41,0.35,recommended_solve,1e-05,43,0.17676158039814532
41,0.35,recommended_solve,1e-05,44,0.17669845032840287
41,0.35,recommended_solve,1e-05,45,0.17659970968170632
41,0.35,recommended_solve,1e-05,46,0.17650671057107695
41,0.35,recommended_solve,1e-05,47,0.1764396825306792
41,0.35,recommended_solve,1e-05,48,0.17637028307722866
41,0.35,recommended_solve,1e-05,49,0.17633149036744278
41,0.35,recommended_solve,1e-05,50,0.17630089154193898
41,0.35,recommended_solve,1e-05,51,0.17629114455029932
41,0.35,recommended_solve,1e-05,52,0.1762467007847417
41,0.35,recommended_solve,1e-05,53,0.17621310751649363
41,0.35,recommended_solve,1e-05,54,0.17619014125078986
41,0.35,recommended_solve,1e-05,55,0.1761826148812464
41,0.35,recommended_solve,1e-05,56,0.17616243262765732
41,0.35,recommended_solve,1e-05,57,0.17613374071776683
41,0.35,recommended_solve,1e-05,58,0.17610661096444513
41,0.35,recommended_solve,1e-05,59,0.17608563292532461
41,0.35,recommended_solve,1e-05,60,0.17603966763644643
41,0.35,recommended_solve,1e-05,61,0.17599610265777388
41,0.35,recommended_solve,1e-05,62,0.17597435292768718
41,0.35,recommended_solve,1e-05,63,0.17596274945754267
41,0.35,recommended_solve,1e-05,64,0.17595039003433122
41,0.35,recommended_solve,1e-05,65,0.17592226694341098
41,0.35,recommended_solve,1e-05,66,0.17590462142819926
41,0.35,recommended_solve,1e-05,67,0.1758937011316096
41,0.35,recommended_solve,1e-05,68,0.17588686211128765
41,0.35,recommended_solve,1e-05,69,0.1758772648513712
41,0.35,recommended_solve,1e-05,70,0.17587226889296237
41,0.35,recommended_solve,1e-05,71,0.17587155521629325
41,0.35,recommended_solve,1e-05,72,0.17585675851436086
41,0.35,recommended_solve,1e-05,73,0.17584756946315647
41,0.35,recommended_solve,1e-05,74,0.17584296740524058
41,0.35,recommended_solve,1e-05,75,0.17584277188366398
41,0.35,recommended_solve,1e-05,76,0.17583163489998035
41,0.35,recommended_solve,1e-05,77,0.1758206341136952
41,0.35,recommended_solve,1e-05,78,0.175816266121859
41,0.35,recommended_solve,1e-05,79,0.17581557003634835
41,0.35,recommended_solve,1e-05,80,0.1758140036110482
41,0.35,recommended_solve,1e-05,81,0.17580992310152083
41,0.35,recommended_solve,1e-05,82,0.17579653737262152
41,0.35,recommended_solve,1e-05,83,0.17579589093647838
41,0.35,recommended_solve,1e-05,84,0.17579433999621302
41,0.35,recommended_solve,1e-05,85,0.17578874975856854
41,0.35,recommended_solve,1e-05,86,0.1757873564816165
41,0.35,recommended_solve,1e-05,87,0.17578453387418547
41,0.35,recommended_solve,1e-05,88,0.17578278117070428
41,0.35,recommended_solve,1e-05,89,0.17578245299289189
41,0.35,recommended_solve,1e-05,90,0.17577237955433714
41,0.35,recommended_solve,1e-05,91,0.1757581997966252
41,0.35,recommended_solve,1e-05,92,0.1757577663327351
41,0.35,recommended_solve,1e-05,93,0.17575647824115828
41,0.35,recommended_solve,1e-05,94,0.17575520539273892
41,0.35,recommended_solve,1e-05,95,0.17574994522860996
41,0.35,recommended_solve,1e-05,96,0.17574976644849175
41,0.35,recommended_solve,1e-05,97,0.1757454292967046
41,0.35,recommended_solve,1e-05,98,0.17572212287390257
41,0.35,recommended_solve,1e-05,99,0.17571070223089286
41,0.35,recommended_solve,1e-05,100,0.17570475292907048
41,0.35,recommended_solve,1e-05,101,0.1757045943034057
41,0.35,recommended_solve,1e-05,102,0.17570267444981685
41,0.35,recommended_solve,1e-05,103,0.1757000625651769
41,0.35,recommended_solve,1e-05,104,0.1756980607783993
41,0.35,recommended_solve,1e-05,105,0.1756979751844108
41,0.35,recommended_solve,1e-05,106,0.17569383276050504
41,0.35,recommended_solve,1e-05,107,0.17569315289318163
41,0.35,recommended_solve,1e-05,108,0.1756931275073831
41,0.35,recommended_solve,1e-05,109,0.17569237531729331
41,0.35,recommended_solve,1e-05,110,0.17569006253101072
41,0.35,recommended_solve,1e-05,111,0.17568919498199606
41,0.35,recommended_solve,1e-05,112,0.1756772659632115
41,0.35,recommended_solve,1e-05,113,0.17567073894581228
41,0.35,recommended_solve,1e-05,114,0.17566253343780994
41,0.35,recommended_solve,1e-05,115,0.17564811377319
41,0.35,recommended_solve,1e-05,116,0.17561136877201322
41,0.35,recommended_solve,1e-05,117,0.17554273158190908
41,0.35,recommended_solve,1e-05,118,0.1754966685840353
41,0.35,recommended_solve,1e-05,119,0.17547786190980952
41,0.35,recommended_solve,1e-05,120,0.1754680151034344
41,0.35,recommended_solve,1e-05,121,0.17544688018204777
41,0.35,recommended_solve,1e-05,122,0.17542615093046282
41,0.35,recommended_solve,1e-05,123,0.17541556308598893
41,0.35,recommended_solve,1e-05,124,0.17534753372652986
41,0.35,recommended_solve,1e-05,125,0.17522199549918221
41,0.35,recommended_solve,1e-05,126,0.1749592338325155
41,0.35,recommended_solve,1e-05,127,0.17477643142562613
41,0.35,recommended_solve,1e-05,128,0.17462217811513056
41,0.35,recommended_solve,1e-05,129,0.17454310946117405
41,0.35,recommended_solve,1e-05,130,0.17451668384353997
41,0.35,recommended_solve,1e-05,131,0.17445055256385128
41,0.35,recommended_solve,1e-05,132,0.17430397083044094
41,0.35,recommended_solve,1e-05,133,0.17397728959760597
41,0.35,recommended_solve,1e-05,134,0.17337374823528726
41,0.35,recommended_solve,1e-05,135,0.17253174994668713
41,0.35,recommended_solve,1e-05,136,0.17137414078538457
41,0.35,recommended_solve,1e-05,137,0.17077620309502087
41,0.35,recommended_solve,1e-05,138,0.17039570266052897
41,0.35,recommended_solve,1e-05,139,0.1702189148579251
41,0.35,recommended_solve,1e-05,140,0.1700046506405736
41,0.35,recommended_solve,1e-05,141,0.16959584527662772
41,0.35,recommended_solve,1e-05,142,0.16829012871856655
41,0.35,recommended_solve,1e-05,143,0.16605093345917413
41,0.35,recommended_solve,1e-05,144,0.16380231513780907
41,0.35,recommended_solve,1e-05,145,0.1627669036892116
41,0.35,recommended_solve,1e-05,146,0.1623054528221151
41,0.35,recommended_solve,1e-05,147,0.16187694567779162
41,0.35,recommended_solve,1e-05,148,0.16101295186612058
41,0.35,recommended_solve,1e-05,149,0.15863313783552804
41,0.35,recommended_solve,1e-05,150,0.1496919962158106
41,0.35,recommended_solve,1e-05,151,0.13378353630599749
41,0.35,recommended_solve,1e-05,152,0.1209044018973485
41,0.35,recommended_solve,1e-05,153,0.11656977546608949
41,0.35,recommended_solve,1e-05,154,0.11499730189131754
41,0.35,recommended_solve,1e-05,155,0.11319296978390907
41,0.35,recommended_solve,1e-05,156,0.10896785688591652
41,0.35,recommended_solve,1e-05,157,0.09666916648734578
41,0.35,recommended_solve,1e-05,158,0.0809549025972219
41,0.35,recommended_solve,1e-05,159,0.07080819958416984
41,0.35,recommended_solve,1e-05,160,0.06780539318194441
41,0.35,recommended_solve,1e-05,161,0.06629952645935523
41,0.35,recommended_solve,1e-05,162,0.0654756983835344
41,0.35,recommended_solve,1e-05,163,0.06408066197515565
41,0.35,recommended_solve,1e-05,164,0.06098207801047616
41,0.35,recommended_solve,1e-05,165,0.05268174571746909
41,0.35,recommended_solve,1e-05,166,0.04223778481433315
41,0.35,recommended_solve,1e-05,167,0.03229969187198504
41,0.35,recommended_solve,1e-05,168,0.02904657750317807
41,0.35,recommended_solve,1e-05,169,0.02779164804651994
41,0.35,recommended_solve,1e-05,170,0.027446284036643172
41,0.35,recommended_solve,1e-05,171,0.027196231220090357
41,0.35,recommended_solve,1e-05,172,0.026808027589852436
41,0.35,recommended_solve,1e-05,173,0.02558495696540226
41,0.35,recommended_solve,1e-05,174,0.023750527341445667
41,0.35,recommended_solve,1e-05,175,0.02247088661780443
41,0.35,recommended_solve,1e-05,176,0.022176510763997178
41,0.35,recommended_solve,1e-05,177,0.022051549988259176
41,0.35,recommended_solve,1e-05,178,0.021992768934704785
41,0.35,recommended_solve,1e-05,179,0.021906256909117332
41,0.35,recommended_solve,1e-05,180,0.021654097256537403
41,0.35,recommended_solve,1e-05,181,0.02113665474520672
41,0.35,recommended_solve,1e-05,182,0.0207146469747
41,0.35,recommended_solve,1e-05,183,0.020589803933263363
41,0.35,recommended_solve,1e-05,184,0.020557482360036426
41,0.35,recommended_solve,1e-05,185,0.020544767595917425
41,0.35,recommended_solve,1e-05,186,0.02054122549941099
41,0.35,recommended_solve,1e-05,187,0.020533021550103937
41,0.35,recommended_solve,1e-05,188,0.020498293586605456
41,0.35,recommended_solve,1e-05,189,0.020441773945849288
41,0.35,recommended_solve,1e-05,190,0.020412728832820626
41,0.35,recommended_solve,1e-05,191,0.020407297516435323
41,0.35,recommended_solve,1e-05,192,0.020403857052423126
41,0.35,recommended_solve,1e-05,193,0.020402739600229595
41,0.35,recommended_solve,1e-05,194,0.02040142753073944
41,0.35,recommended_solve,1e-05,195,0.020398046014012818
41,0.35,recommended_solve,1e-05,196,0.020386401358920687
41,0.35,recommended_solve,1e-05,197,0.020381003167742093
41,0.35,recommended_solve,1e-05,198,0.020378359193172668
41,0.35,recommended_solve,1e-05,199,0.02037712628301939
41,0.35,recommended_solve,1e-05,200,0.020377122878858973
41,0.35,recommended_solve,1e-05,201,0.020376878869504823
41,0.35,recommended_solve,1e-05,202,0.020376632013431397
41,0.35,recommended_solve,1e-05,203,0.020374562096963766
41,0.35,recommended_solve,1e-05,204,0.02037428689698758
41,0.35,recommended_solve,1e-05,205,0.02037355518109581
41,0.35,recommended_solve,1e-05,206,0.020372194021605942
41,0.35,recommended_solve,1e-05,207,0.020371555425981236
41,0.35,recommended_solve,1e-05,208,0.02037132688957399
41,0.35,recommended_solve,1e-05,209,0.020371231958784555
41,0.35,recommended_solve,1e-05,210,0.02037083660746799
41,0.35,recommended_solve,1e-05,211,0.02037082721536701
41,0.35,recommended_solve,1e-05,212,0.020370807833157055
41,0.35,recommended_solve,1e-05,213,0.02037080151922416
41,0.35,recommended_solve,1e-05,214,0.020370783533235282
41,0.35,recommended_solve,1e-05,215,0.020370783053902934
41,0.35,recommended_solve,1e-05,216,0.020370233428673667
41,0.35,recommended_solve,1e-05,217,0.020369311942400284
41,0.35,recommended_solve,1e-05,218,0.02036923149561259
41,0.35,recommended_solve,1e-05,219,0.02036910721127709
41,0.35,recommended_solve,1e-05,220,0.020369094542587934
41,0.35,recommended_solve,1e-05,221,0.020368835152992534
41,0.35,recommended_solve,1e-05,222,0.020368484453751834
41,0.35,recommended_solve,1e-05,223,0.020367022433119084
41,0.35,recommended_solve,1e-05,224,0.020365864336130954
41,0.35,recommended_solve,1e-05,225,0.02036526302817885
41,0.35,recommended_solve,1e-05,226,0.020365099647755368
41,0.35,recommended_solve,1e-05,227,0.02036495575222864
41,0.35,recommended_solve,1e-05,228,0.020364847990523564
41,0.35,recommended_solve,1e-05,229,0.020364613229132744
41,0.35,recommended_solve,1e-05,230,0.020364113788992236
41,0.35,recommended_solve,1e-05,231,0.020363304960699696
41,0.35,recommended_solve,1e-05,232,0.02036160720529664
41,0.35,recommended_solve,1e-05,233,0.020361484967888414
41,0.35,recommended_solve,1e-05,234,0.020361219880055063
41,0.35,recommended_solve,1e-05,235,0.020361211676055955
41,0.35,recommended_solve,1e-05,236,0.02036096448170797
41,0.35,recommended_solve,1e-05,237,0.020360932440771022
41,0.35,recommended_solve,1e-05,238,0.02036032549413215
41,0.35,recommended_solve,1e-05,239,0.020359280237574544
41,0.35,recommended_solve,1e-05,240,0.020356466179228424
41,0.35,recommended_solve,1e-05,241,0.02035607543415927
41,0.35,recommended_solve,1e-05,242,0.020356058693264695
41,0.35,recommended_solve,1e-05,243,0.020355908618212456
41,0.35,recommended_solve,1e-05,244,0.020354728184189604
41,0.35,recommended_solve,1e-05,245,0.020349238625975017
41,0.35,recommended_solve,1e-05,246,0.0203411873048469
41,0.35,recommended_solve,1e-05,247,0.020337581736096157
41,0.35,recommended_solve,1e-05,248,0.020336879264195327
41,0.35,recommended_solve,1e-05,249,0.020336258250176344
41,0.35,recommended_solve,1e-05,250,0.020333226956043268
41,0.35,recommended_solve,1e-05,251,0.020317105914313474
41,0.35,recommended_solve,1e-05,252,0.02028482244418457
41,0.35,recommended_solve,1e-05,253,0.020274079378599312
41,0.35,recommended_solve,1e-05,254,0.020271211582374143
41,0.35,recommended_solve,1e-05,255,0.020270323034595635
41,0.35,recommended_solve,1e-05,256,0.02026826326374426
41,0.35,recommended_solve,1e-05,257,0.020250630635843883
41,0.35,recommended_solve,1e-05,258,0.020162171476143152
41,0.35,recommended_solve,1e-05,259,0.01998406195318986
41,0.35,recommended_solve,1e-05,260,0.01990339963061539
41,0.35,recommended_solve,1e-05,261,0.019888753898702937
41,0.35,recommended_solve,1e-05,262,0.019874755099521253
41,0.35,recommended_solve,1e-05,263,0.01983914248914089
41,0.35,recommended_solve,1e-05,264,0.01969265741362435
41,0.35,recommended_solve,1e-05,265,0.019196730414244363
41,0.35,recommended_solve,1e-05,266,0.018578928163862352
41,0.35,recommended_solve,1e-05,267,0.01829838286999211
41,0.35,recommended_solve,1e-05,268,0.018228313179648122
41,0.35,recommended_solve,1e-05,269,0.018185151925059775
41,0.35,recommended_solve,1e-05,270,0.018074445450768434
41,0.35,recommended_solve,1e-05,271,0.017689328431649377
41,0.35,recommended_solve,1e-05,272,0.016599269808734964
41,0.35,recommended_solve,1e-05,273,0.015380864733900046
41,0.35,recommended_solve,1e-05,274,0.014965624045061202
41,0.35,recommended_solve,1e-05,275,0.014868462724925919
41,0.35,recommended_solve,1e-05,276,0.014803271740976167
41,0.35,recommended_solve,1e-05,277,0.014649696835533922
41,0.35,recommended_solve,1e-05,278,0.014006398480097739
41,0.35,recommended_solve,1e-05,279,0.01280641438996972
41,0.35,recommended_solve,1e-05,280,0.012207351540849384
41,0.35,recommended_solve,1e-05,281,0.012097660461015741
41,0.35,recommended_solve,1e-05,282,0.01206025468276001
41,0.35,recommended_solve,1e-05,283,0.012035177935063663
41,0.35,recommended_solve,1e-05,284,0.01198008536815681
41,0.35,recommended_solve,1e-05,285,0.011791203019845455
41,0.35,recommended_solve,1e-05,286,0.011473390851788343
41,0.35,recommended_solve,1e-05,287,0.011316500894847056
41,0.35,recommended_solve,1e-05,288,0.011288955773757004
41,0.35,recommended_solve,1e-05,289,0.011278757058278605
41,0.35,recommended_solve,1e-05,290,0.01127236769932112
41,0.35,recommended_solve,1e-05,291,0.01124653522785444
41,0.35,recommended_solve,1e-05,292,0.011168966313395727
41,0.35,recommended_solve,1e-05,293,0.011117890492217083
41,0.35,recommended_solve,1e-05,294,0.0111096258237629
41,0.35,recommended_solve,1e-05,295,0.011107673343924727
41,0.35,recommended_solve,1e-05,296,0.011106806994191297
41,0.35,recommended_solve,1e-05,297,0.01110517193625136
41,0.35,recommended_solve,1e-05,298,0.011097744189334248
41,0.35,recommended_solve,1e-05,299,0.01108971325806777
41,0.35,recommended_solve,1e-05,300,0.011087696687654728
41,0.35,recommended_solve,0.0001,0,1.0
41,0.35,recommended_solve,0.0001,1,0.3445896216822503
41,0.35,recommended_solve,0.0001,2,0.2587169502266072
41,0.35,recommended_solve,0.0001,3,0.2196601468755281
41,0.35,recommended_solve,0.0001,4,0.21204838054340852
41,0.35,recommended_solve,0.0001,5,0.20969751345271728
41,0.35,recommended_solve,0.0001,6,0.2082264514856208
41,0.35,recommended_solve,0.0001,7,0.20682097189752796
41,0.35,recommended_solve,0.0001,8,0.20591943123127943
41,0.35,recommended_solve,0.0001,9,0.20500005218334486
41,0.35,recommended_solve,0.0001,10,0.20414516888353462
41,0.35,recommended_solve,0.0001,11,0.20339415097893146
41,0.35,recommended_solve,0.0001,12,0.20279984913184929
41,0.35,recommended_solve,0.0001,13,0.20184414534022008
41,0.35,recommended_solve,0.0001,14,0.20093817383709464
41,0.35,recommended_solve,0.0001,15,0.19974049342453443
41,0.35,recommended_solve,0.0001,16,0.19892891227455067
41,0.35,recommended_solve,0.0001,17,0.19787399399684225
41,0.35,recommended_solve,0.0001,18,0.1965989147324951
41,0.35,recommended_solve,0.0001,19,0.1943713744874174
41,0.35,recommended_solve,0.0001,20,0.1926116152047853
41,0.35,recommended_solve,0.0001,21,0.19074214158874356
41,0.35,recommended_solve,0.0001,22,0.18939237197731731
41,0.35,recommended_solve,0.0001,23,0.18739375201604502
41,0.35,recommended_solve,0.0001,24,0.18553040028523152
41,0.35,recommended_solve,0.0001,25,0.18324681122133443
41,0.35,recommended_solve,0.0001,26,0.18230139232494333
41,0.35,recommended_solve,0.0001,27,0.18096636962777096
41,0.35,recommended_solve,0.0001,28,0.18010971666042508
41,0.35,recommended_solve,0.0001,29,0.17933160558596725
41,0.35,recommended_solve,0.0001,30,0.1788140786665288
41,0.35,recommended_solve,0.0001,31,0.1783527839270539
41,0.35,recommended_solve,0.0001,32,0.1780002949707898
41,0.35,recommended_solve,0.0001,33,0.1776342955271892
41,0.35,recommended_solve,0.0001,34,0.17725990616885393
41,0.35,recommended_solve,0.0001,35,0.17684413887309156
41,0.35,recommended_solve,0.0001,36,0.17660522432369224
41,0.35,recommended_solve,0.0001,37,0.176458768822195
41,0.35,recommended_solve,0.0001,38,0.17637139598735663
41,0.35,recommended_solve,0.0001,39,0.17621588323094128
41,0.35,recommended_solve,0.0001,40,0.17611538672590626
41,0.35,recommended_solve,0.0001,41,0.17604359391978003
41,0.35,recommended_solve,0.0001,42,0.17603229195759343
41,0.35,recommended_solve,0.0001,43,0.17598294263596706
41,0.35,recommended_solve,0.0001,44,0.17596657981152164
41,0.35,recommended_solve,0.0001,45,0.17595681531055188
41,0.35,recommended_solve,0.0001,46,0.17595037997837285
41,0.35,recommended_solve,0.0001,47,0.17593860948318332
41,0.35,recommended_solve,0.0001,48,0.1759326068029489
41,0.35,recommended_solve,0.0001,49,0.17592780853447026
41,0.35,recommended_solve,0.0001,50,0.1759119147125856
41,0.35,recommended_solve,0.0001,51,0.17587678800158552
41,0.35,recommended_solve,0.0001,52,0.17583968531375635
41,0.35,recommended_solve,0.0001,53,0.17581946388434597
41,0.35,recommended_solve,0.0001,54,0.1757944217737246
41,0.35,recommended_solve,0.0001,55,0.17577636818281978
41,0.35,recommended_solve,0.0001,56,0.17575615092187188
41,0.35,recommended_solve,0.0001,57,0.17574231801817053
41,0.35,recommended_solve,0.0001,58,0.17571302564871635
41,0.35,recommended_solve,0.0001,59,0.1756660385702916
41,0.35,recommended_solve,0.0001,60,0.17563018696594457
41,0.35,recommended_solve,0.0001,61,0.17560614638202549
41,0.35,recommended_solve,0.0001,62,0.17558163922123995
41,0.35,recommended_solve,0.0001,63,0.17554960800654934
41,0.35,recommended_solve,0.0001,64,0.17553111536112212
41,0.35,recommended_solve,0.0001,65,0.17552093807115202
41,0.35,recommended_solve,0.0001,66,0.17550701656976503
41,0.35,recommended_solve,0.0001,67,0.17548355618543796
41,0.35,recommended_solve,0.0001,68,0.17548106801193694
41,0.35,recommended_solve,0.0001,69,0.17547566035737844
41,0.35,recommended_solve,0.0001,70,0.17545064573017777
41,0.35,recommended_solve,0.0001,71,0.17542848952612103
41,0.35,recommended_solve,0.0001,72,0.1753954030270867
41,0.35,recommended_solve,0.0001,73,0.17538788367046296
41,0.35,recommended_solve,0.0001,74,0.17536364873693167
41,0.35,recommended_solve,0.0001,75,0.1753341498998819
41,0.35,recommended_solve,0.0001,76,0.1752963527817928
41,0.35,recommended_solve,0.0001,77,0.17527484207639082
41,0.35,recommended_solve,0.0001,78,0.17524504250141562
41,0.35,recommended_solve,0.0001,79,0.17523898531441287
41,0.35,recommended_solve,0.0001,80,0.17522822432514237
41,0.35,recommended_solve,0.0001,81,0.17521204367606652
41,0.35,recommended_solve,0.0001,82,0.1752071662431324
41,0.35,recommended_solve,0.0001,83,0.17520712794168827
41,0.35,recommended_solve,0.0001,84,0.1751875753255089
41,0.35,recommended_solve,0.0001,85,0.17512390513746995
41,0.35,recommended_solve,0.0001,86,0.17510585828050199
41,0.35,recommended_solve,0.0001,87,0.1751050067980563
41,0.35,recommended_solve,0.0001,88,0.17506583833530553
41,0.35,recommended_solve,0.0001,89,0.17495449686263032
41,0.35,recommended_solve,0.0001,90,0.17488134559631038
41,0.35,recommended_solve,0.0001,91,0.17485408913321002
41,0.35,recommended_solve,0.0001,92,0.17476482350728673
41,0.35,recommended_solve,0.0001,93,0.17469777589064697
41,0.35,recommended_solve,0.0001,94,0.17467976009102262
41,0.35,recommended_solve,0.0001,95,0.17467269879547387
41,0.35,recommended_solve,0.0001,96,0.17461082753322704
41,0.35,recommended_solve,0.0001,97,0.1745285881950235
41,0.35,recommended_solve,0.0001,98,0.17448126419629012
41,0.35,recommended_solve,0.0001,99,0.1744384896281736
41,0.35,recommended_solve,0.0001,100,0.17429486869709804
41,0.35,recommended_solve,0.0001,101,0.1740332362496402
41,0.35,recommended_solve,0.0001,102,0.17340217312056816
41,0.35,recommended_solve,0.0001,103,0.17269676066831494
41,0.35,recommended_solve,0.0001,104,0.17132582343423913
41,0.35,recommended_solve,0.0001,105,0.16979395177874324
41,0.35,recommended_solve,0.0001,106,0.1673087758836344
41,0.35,recommended_solve,0.0001,107,0.164488919714964
41,0.35,recommended_solve,0.0001,108,0.1598419847537602
41,0.35,recommended_solve,0.0001,109,0.15512076085287765
41,0.35,recommended_solve,0.0001,110,0.1464109955522505
41,0.35,recommended_solve,0.0001,111,0.13329748068880554
41,0.35,recommended_solve,0.0001,112,0.12091365403656665
41,0.35,recommended_solve,0.0001,113,0.11310005266048896
41,0.35,recommended_solve,0.0001,114,0.10379969358696592
41,0.35,recommended_solve,0.0001,115,0.09208421348955767
41,0.35,recommended_solve,0.0001,116,0.07794987882935739
41,0.35,recommended_solve,0.0001,117,0.06731451794649497
41,0.35,recommended_solve,0.0001,118,0.05651762968198259
41,0.35,recommended_solve,0.0001,119,0.04910959956814564
41,0.35,recommended_solve,0.0001,120,0.04088739933110071
41,0.35,recommended_solve,0.0001,121,0.03628458735125441
41,0.35,recommended_solve,0.0001,122,0.03185188315285529
41,0.35,recommended_solve,0.0001,123,0.029162337405401136
41,0.35,recommended_solve,0.0001,124,0.02670001991297656
41,0.35,recommended_solve,0.0001,125,0.025522242456252474
41,0.35,recommended_solve,0.0001,126,0.024115333008164017
41,0.35,recommended_solve,0.0001,127,0.023206277356390775
41,0.35,recommended_solve,0.0001,128,0.022299789884437822
41,0.35,recommended_solve,0.0001,129,0.02192694056730471
41,0.35,recommended_solve,0.0001,130,0.02144302294922722
41,0.35,recommended_solve,0.0001,131,0.021124316529034372
41,0.35,recommended_solve,0.0001,132,0.02080818901093574
41,0.35,recommended_solve,0.0001,133,0.020679685977465185
41,0.35,recommended_solve,0.0001,134,0.02057241862711927
41,0.35,recommended_solve,0.0001,135,0.020520145291577696
41,0.35,recommended_solve,0.0001,136,0.020480164694290356
41,0.35,recommended_solve,0.0001,137,0.020451454116930123
41,0.35,recommended_solve,0.0001,138,0.020427041444600717
41,0.35,recommended_solve,0.0001,139,0.02041351746536242
41,0.35,recommended_solve,0.0001,140,0.02040284371402619
41,0.35,recommended_solve,0.0001,141,0.020395559044485537
41,0.35,recommended_solve,0.0001,142,0.02038887446141303
41,0.35,recommended_solve,0.0001,143,0.020385999261950973
41,0.35,recommended_solve,0.0001,144,0.020383870552584213
41,0.35,recommended_solve,0.0001,145,0.020383293643016852
41,0.35,recommended_solve,0.0001,146,0.020383144528891433
41,0.35,recommended_solve,0.0001,147,0.02038286034719471
41,0.35,recommended_solve,0.0001,148,0.02038265774544968
41,0.35,recommended_solve,0.0001,149,0.02038262663531659
41,0.35,recommended_solve,0.0001,150,0.020382534117282802
41,0.35,recommended_solve,0.0001,151,0.020382530090420504
41,0.35,recommended_solve,0.0001,152,0.020382485290909223
41,0.35,recommended_solve,0.0001,153,0.02038242858588479
41,0.35,recommended_solve,0.0001,154,0.020382350246280868
41,0.35,recommended_solve,0.0001,155,0.020381748493560604
41,0.35,recommended_solve,0.0001,156,0.0203811861385237
41,0.35,recommended_solve,0.0001,157,0.020380214801800807
41,0.35,recommended_solve,0.0001,158,0.020380100921023988
41,0.35,recommended_solve,0.0001,159,0.020379517578669105
41,0.35,recommended_solve,0.0001,160,0.020377066377589233
41,0.35,recommended_solve,0.0001,161,0.02037591946782017
41,0.35,recommended_solve,0.0001,162,0.02037272095094876
41,0.35,recommended_solve,0.0001,163,0.02036903720484544
41,0.35,recommended_solve,0.0001,164,0.02035609102181316
41,0.35,recommended_solve,0.0001,165,0.02034359417285232
41,0.35,recommended_solve,0.0001,166,0.02031977123398701
41,0.35,recommended_solve,0.0001,167,0.020278056757113753
41,0.35,recommended_solve,0.0001,168,0.020184284089729165
41,0.35,recommended_solve,0.0001,169,0.020054494685580737
41,0.35,recommended_solve,0.0001,170,0.019918031358871716
41,0.35,recommended_solve,0.0001,171,0.01973644739163001
41,0.35,recommended_solve,0.0001,172,0.019327675472956905
41,0.35,recommended_solve,0.0001,173,0.01869536035839946
41,0.35,recommended_solve,0.0001,174,0.01793880566893308
41,0.35,recommended_solve,0.0001,175,0.017418209388810668
41,0.35,recommended_solve,0.0001,176,0.01656023836445395
41,0.35,recommended_solve,0.0001,177,0.015378763138834938
41,0.35,recommended_solve,0.0001,178,0.013997568004568394
41,0.35,recommended_solve,0.0001,179,0.013347644514261514
41,0.35,recommended_solve,0.0001,180,0.012899154339053703
41,0.35,recommended_solve,0.0001,181,0.012409827126831547
41,0.35,recommended_solve,0.0001,182,0.011716718461705196
41,0.35,recommended_solve,0.0001,183,0.011390216168660079
41,0.35,recommended_solve,0.0001,184,0.01124570511489964
41,0.35,recommended_solve,0.0001,185,0.011186560630491858
41,0.35,recommended_solve,0.0001,186,0.011126174625625833
41,0.35,recommended_solve,0.0001,187,0.011082365973244806
41,0.35,recommended_solve,0.0001,188,0.011049629860774823
41,0.35,recommended_solve,0.0001,189,0.011036058245852317
41,0.35,recommended_solve,0.0001,190,0.011024824910868626
41,0.35,recommended_solve,0.0001,191,0.011019531800804373
41,0.35,recommended_solve,0.0001,192,0.011015813254354164
41,0.35,recommended_solve,0.0001,193,0.01101381542889339
41,0.35,recommended_solve,0.0001,194,0.011010941359850673
41,0.35,recommended_solve,0.0001,195,0.011010591834173076
41,0.35,recommended_solve,0.0001,196,0.01101025858663309
41,0.35,recommended_solve,0.0001,197,0.011009814563921803
41,0.35,recommended_solve,0.0001,198,0.011009374857660674
41,0.35,recommended_solve,0.0001,199,0.011009342306411663
41,0.35,recommended_solve,0.0001,200,0.01100908727150386
41,0.35,recommended_solve,0.0001,201,0.011008914103399674
41,0.35,recommended_solve,0.0001,202,0.011008839569661985
41,0.35,recommended_solve,0.0001,203,0.01100863323110447
41,0.35,recommended_solve,0.0001,204,0.011008465140708546
41,0.35,recommended_solve,0.0001,205,0.011008312499107057
41,0.35,recommended_solve,0.0001,206,0.011007669450264271
41,0.35,recommended_solve,0.0001,207,0.011006033919308999
41,0.35,recommended_solve,0.0001,208,0.011002556662728551
41,0.35,recommended_solve,0.0001,209,0.01100108446263733
41,0.35,recommended_solve,0.0001,210,0.010998802404019908
41,0.35,recommended_solve,0.0001,211,0.010995004301794916
41,0.35,recommended_solve,0.0001,212,0.010979914853823467
41,0.35,recommended_solve,0.0001,213,0.010961311651563497
41,0.35,recommended_solve,0.0001,214,0.010942476664507214
41,0.35,recommended_solve,0.0001,215,0.010918745956533417
41,0.35,recommended_solve,0.0001,216,0.010866190009421569
41,0.35,recommended_solve,0.0001,217,0.010775574939502625
41,0.35,recommended_solve,0.0001,218,0.010697102045462495
41,0.35,recommended_solve,0.0001,219,0.010600984538474006
41,0.35,recommended_solve,0.0001,220,0.010377442912428777
41,0.35,recommended_solve,0.0001,221,0.009961397986828028
41,0.35,recommended_solve,0.0001,222,0.009508767665894079
41,0.35,recommended_solve,0.0001,223,0.009133534126708365
41,0.35,recommended_solve,0.0001,224,0.00857684292100864
41,0.35,recommended_solve,0.0001,225,0.0075843847853813
41,0.35,recommended_solve,0.0001,226,0.006466294987138085
41,0.35,recommended_solve,0.0001,227,0.005536034120493157
41,0.35,recommended_solve,0.0001,228,0.004909388735599819
41,0.35,recommended_solve,0.0001,229,0.004230310581253597
41,0.35,recommended_solve,0.0001,230,0.00350528635105228
41,0.35,recommended_solve,0.0001,231,0.0030308696070611403
41,0.35,recommended_solve,0.0001,232,0.002798607758725688
41,0.35,recommended_solve,0.0001,233,0.002564025901682941
41,0.35,recommended_solve,0.0001,234,0.002363854228500199
41,0.35,recommended_solve,0.0001,235,0.002202183390966616
41,0.35,recommended_solve,0.0001,236,0.0021529962130143955
41,0.35,recommended_solve,0.0001,237,0.0021164621132308426
41,0.35,recommended_solve,0.0001,238,0.002094334107817303
41,0.35,recommended_solve,0.0001,239,0.0020701595193636617
41,0.35,recommended_solve,0.0001,240,0.002061090241772096
41,0.35,recommended_solve,0.0001,241,0.002055301185332324
41,0.35,recommended_solve,0.0001,242,0.002053389841860393
41,0.35,recommended_solve,0.0001,243,0.00205133986542581
41,0.35,recommended_solve,0.0001,244,0.002049432913026953
41,0.35,recommended_solve,0.0001,245,0.0020482093055700125
41,0.35,recommended_solve,0.0001,246,0.0020478643734484735
41,0.35,recommended_solve,0.0001,247,0.002047136426694316
41,0.35,recommended_solve,0.0001,248,0.002046551332155824
41,0.35,recommended_solve,0.0001,249,0.0020461339988097366
41,0.35,recommended_solve,0.0001,250,0.0020461329052233837
41,0.35,recommended_solve,0.0001,251,0.002046131428792323
41,0.35,recommended_solve,0.0001,252,0.002046125384265383
41,0.35,recommended_solve,0.0001,253,0.002046003925961719
41,0.35,recommended_solve,0.0001,254,0.002045896845031083
41,0.35,recommended_solve,0.0001,255,0.002045850396033435
41,0.35,recommended_solve,0.0001,256,0.0020458482960816282
41,0.35,recommended_solve,0.0001,257,0.0020458469509681844
41,0.35,recommended_solve,0.0001,258,0.0020458383858788036
41,0.35,recommended_solve,0.0001,259,0.0020458363450610952
41,0.35,recommended_solve,0.0001,260,0.0020458363327541763
41,0.35,recommended_solve,0.0001,261,0.002045827770520459
41,0.35,recommended_solve,0.0001,262,0.00204579739183071
41,0.35,recommended_solve,0.0001,263,0.0020457819919547275
41,0.35,recommended_solve,0.0001,264,0.0020457818453635014
41,0.35,recommended_solve,0.0001,265,0.0020457818424554006
41,0.35,recommended_solve,0.0001,266,0.0020457773721197993
41,0.35,recommended_solve,0.0001,267,0.002045771014349982
41,0.35,recommended_solve,0.0001,268,0.0020457679553767005
41,0.35,recommended_solve,0.0001,269,0.0020457421460480293
41,0.35,recommended_solve,0.0001,270,0.0020456671290618373
41,0.35,recommended_solve,0.0001,271,0.002045590528607575
41,0.35,recommended_solve,0.0001,272,0.0020454562068068886
41,0.35,recommended_solve,0.0001,273,0.002045293833540692
41,0.35,recommended_solve,0.0001,274,0.0020450690125942005
41,0.35,recommended_solve,0.0001,275,0.0020446322933119284
41,0.35,recommended_solve,0.0001,276,0.002043994288134054
41,0.35,recommended_solve,0.0001,277,0.0020430323138458557
41,0.35,recommended_solve,0.0001,278,0.0020416824346707317
41,0.35,recommended_solve,0.0001,279,0.0020381066933143053
41,0.35,recommended_solve,0.0001,280,0.0020326093121687586
41,0.35,recommended_solve,0.0001,281,0.002026144942471286
41,0.35,recommended_solve,0.0001,282,0.0020205505310320203
41,0.35,recommended_solve,0.0001,283,0.002007460855236556
41,0.35,recommended_solve,0.0001,284,0.001980430830699588
41,0.35,recommended_solve,0.0001,285,0.001927561805042293
41,0.35,recommended_solve,0.0001,286,0.001893596045716909
41,0.35,recommended_solve,0.0001,287,0.0018365698842997705
41,0.35,recommended_solve,0.0001,288,0.0017134972560028782
41,0.35,recommended_solve,0.0001,289,0.0013877611539318945
41,0.35,recommended_solve,0.0001,290,0.001130759444799078
41,0.35,recommended_solve,0.0001,291,0.0009915175642628638
41,0.35,recommended_solve,0.0001,292,0.000868283130633729
41,0.35,recommended_solve,0.0001,293,0.0006423406656227583
41,0.35,recommended_solve,0.0001,294,0.00046849914997372104
41,0.35,recommended_solve,0.0001,295,0.0003789106867290777
41,0.35,recommended_solve,0.0001,296,0.0003211704003293835
41,0.35,recommended_solve,0.0001,297,0.00023662563917176444
41,0.35,recommended_solve,0.0001,298,0.0001564723224027228
41,0.35,recommended_solve,0.0001,299,0.00011444673366914897
41,0.35,recommended_solve,0.0001,300,9.62241632097463e-05
41,0.35,recommended_solve,0.001,0,1.0
41,0.35,recommended_solve,0.001,1,0.3401982304955078
41,0.35,recommended_solve,0.001,2,0.2524195043138156
41,0.35,recommended_solve,0.001,3,0.2154932331491613
41,0.35,recommended_solve,0.001,4,0.2086614408637916
41,0.35,recommended_solve,0.001,5,0.2067001307873407
41,0.35,recommended_solve,0.001,6,0.20600450594759284
41,0.35,recommended_solve,0.001,7,0.2054697859214504
41,0.35,recommended_solve,0.001,8,0.20506170891691303
41,0.35,recommended_solve,0.001,9,0.2041838389560844
41,0.35,recommended_solve,0.001,10,0.20303285415035696
41,0.35,recommended_solve,0.001,11,0.20201256146238034
41,0.35,recommended_solve,0.001,12,0.20118303559173076
41,0.35,recommended_solve,0.001,13,0.19997001884539317
41,0.35,recommended_solve,0.001,14,0.1986641562898412
41,0.35,recommended_solve,0.001,15,0.19666077888157846
41,0.35,recommended_solve,0.001,16,0.19471432575003103
41,0.35,recommended_solve,0.001,17,0.1920020966220039
41,0.35,recommended_solve,0.001,18,0.18949411080244757
41,0.35,recommended_solve,0.001,19,0.18700558038703594
41,0.35,recommended_solve,0.001,20,0.18596315520844034
41,0.35,recommended_solve,0.001,21,0.18480075141970034
41,0.35,recommended_solve,0.001,22,0.18409830201464814
41,0.35,recommended_solve,0.001,23,0.18316845785839564
41,0.35,recommended_solve,0.001,24,0.182192322064301
41,0.35,recommended_solve,0.001,25,0.1803138812099731
41,0.35,recommended_solve,0.001,26,0.17873917120874508
41,0.35,recommended_solve,0.001,27,0.17653695922131438
41,0.35,recommended_solve,0.001,28,0.1754643176252125
41,0.35,recommended_solve,0.001,29,0.17472763553835152
41,0.35,recommended_solve,0.001,30,0.1745003479500749
41,0.35,recommended_solve,0.001,31,0.17434718436355573
41,0.35,recommended_solve,0.001,32,0.17426971457179152
41,0.35,recommended_solve,0.001,33,0.17415591295051536
41,0.35,recommended_solve,0.001,34,0.1740993802679641
41,0.35,recommended_solve,0.001,35,0.17404249776320355
41,0.35,recommended_solve,0.001,36,0.17401962370373655
41,0.35,recommended_solve,0.001,37,0.17396678708119143
41,0.35,recommended_solve,0.001,38,0.17392648730520827
41,0.35,recommended_solve,0.001,39,0.1738609433986355
41,0.35,recommended_solve,0.001,40,0.17380965134099127
41,0.35,recommended_solve,0.001,41,0.17371490652647387
41,0.35,recommended_solve,0.001,42,0.17364910762722693
41,0.35,recommended_solve,0.001,43,0.1735568837856073
41,0.35,recommended_solve,0.001,44,0.17345484428284333
41,0.35,recommended_solve,0.001,45,0.17329308124120063
41,0.35,recommended_solve,0.001,46,0.17302490809634555
41,0.35,recommended_solve,0.001,47,0.1726402209432453
41,0.35,recommended_solve,0.001,48,0.17233807584629954
41,0.35,recommended_solve,0.001,49,0.1719051333902689
41,0.35,recommended_solve,0.001,50,0.1716177762035039
41,0.35,recommended_solve,0.001,51,0.17130942518289222
41,0.35,recommended_solve,0.001,52,0.17102963068960234
41,0.35,recommended_solve,0.001,53,0.17053318961086486
41,0.35,recommended_solve,0.001,54,0.17010223035039668
41,0.35,recommended_solve,0.001,55,0.16981992517005753
41,0.35,recommended_solve,0.001,56,0.16966086913178363
41,0.35,recommended_solve,0.001,57,0.16942193795552038
41,0.35,recommended_solve,0.001,58,0.16919841488666568
41,0.35,recommended_solve,0.001,59,0.16892423937892992
41,0.35,recommended_solve,0.001,60,0.16859948079452616
41,0.35,recommended_solve,0.001,61,0.1680301404702576
41,0.35,recommended_solve,0.001,62,0.16757688698602255
41,0.35,recommended_solve,0.001,63,0.16707517768039498
41,0.35,recommended_solve,0.001,64,0.16658732976084525
41,0.35,recommended_solve,0.001,65,0.16568641166593104
41,0.35,recommended_solve,0.001,66,0.16492126685230535
41,0.35,recommended_solve,0.001,67,0.16405118213454079
41,0.35,recommended_solve,0.001,68,0.16353010527847867
41,0.35,recommended_solve,0.001,69,0.1629666447664315
41,0.35,recommended_solve,0.001,70,0.1626040299354027
41,0.35,recommended_solve,0.001,71,0.16204326737425878
41,0.35,recommended_solve,0.001,72,0.1614060162314051
41,0.35,recommended_solve,0.001,73,0.16060266337258
41,0.35,recommended_solve,0.001,74,0.1599980939037532
41,0.35,recommended_solve,0.001,75,0.15912706942305638
41,0.35,recommended_solve,0.001,76,0.15826220469719413
41,0.35,recommended_solve,0.001,77,0.15732835086121286
41,0.35,recommended_solve,0.001,78,0.15630235952103638
41,0.35,recommended_solve,0.001,79,0.15463234958498454
41,0.35,recommended_solve,0.001,80,0.15297963625279182
41,0.35,recommended_solve,0.001,81,0.15092163253384952
41,0.35,recommended_solve,0.001,82,0.14963100363041779
41,0.35,recommended_solve,0.001,83,0.14880482557310637
41,0.35,recommended_solve,0.001,84,0.14840979333411092
41,0.35,recommended_solve,0.001,85,0.1479001977378826
41,0.35,recommended_solve,0.001,86,0.14697227688869174
41,0.35,recommended_solve,0.001,87,0.14393328279511533
41,0.35,recommended_solve,0.001,88,0.1365780601752493
41,0.35,recommended_solve,0.001,89,0.11063138806742821
41,0.35,recommended_solve,0.001,90,0.0785042007867305
41,0.35,recommended_solve,0.001,91,0.0492345806876231
41,0.35,recommended_solve,0.001,92,0.035128331837752366
41,0.35,recommended_solve,0.001,93,0.02624863712134941
41,0.35,recommended_solve,0.001,94,0.022915756827575916
41,0.35,recommended_solve,0.001,95,0.021295713193932107
41,0.35,recommended_solve,0.001,96,0.020776778677007616
41,0.35,recommended_solve,0.001,97,0.020615018662096064
41,0.35,recommended_solve,0.001,98,0.020573430584936193
41,0.35,recommended_solve,0.001,99,0.02055385728536896
41,0.35,recommended_solve,0.001,100,0.02054948823786244
41,0.35,recommended_solve,0.001,101,0.02054797193858742
41,0.35,recommended_solve,0.001,102,0.02054693390048224
41,0.35,recommended_solve,0.001,103,0.02054546944673638
41,0.35,recommended_solve,0.001,104,0.02054441226820975
41,0.35,recommended_solve,0.001,105,0.020543455298678282
41,0.35,recommended_solve,0.001,106,0.020542730997342114
41,0.35,recommended_solve,0.001,107,0.02054037917413528
41,0.35,recommended_solve,0.001,108,0.02052303172553908
41,0.35,recommended_solve,0.001,109,0.020446155882003682
41,0.35,recommended_solve,0.001,110,0.020154494639726787
41,0.35,recommended_solve,0.001,111,0.01956158840647968
41,0.35,recommended_solve,0.001,112,0.017889089183991305
41,0.35,recommended_solve,0.001,113,0.015989090712814402
41,0.35,recommended_solve,0.001,114,0.013123774381338096
41,0.35,recommended_solve,0.001,115,0.011513204360458188
41,0.35,recommended_solve,0.001,116,0.01056482795329963
41,0.35,recommended_solve,0.001,117,0.010352137454126668
41,0.35,recommended_solve,0.001,118,0.010266413662724426
41,0.35,recommended_solve,0.001,119,0.010250079666311576
41,0.35,recommended_solve,0.001,120,0.010242715015765442
41,0.35,recommended_solve,0.001,121,0.010241093862557192
41,0.35,recommended_solve,0.001,122,0.010239626161619397
41,0.35,recommended_solve,0.001,123,0.010239584798751512
41,0.35,recommended_solve,0.001,124,0.010238742991569868
41,0.35,recommended_solve,0.001,125,0.010236091003147195
41,0.35,recommended_solve,0.001,126,0.010224850996635792
41,0.35,recommended_solve,0.001,127,0.010204292998703231
41,0.35,recommended_solve,0.001,128,0.010085144707114654
41,0.35,recommended_solve,0.001,129,0.009759947202144013
41,0.35,recommended_solve,0.001,130,0.008627090368488907
41,0.35,recommended_solve,0.001,131,0.006822200067265919
41,0.35,recommended_solve,0.001,132,0.004272316652169284
41,0.35,recommended_solve,0.001,133,0.0028995434677940926
41,0.35,recommended_solve,0.001,134,0.00223478477904778
41,0.35,recommended_solve,0.001,135,0.0020776644377023304
41,0.35,recommended_solve,0.001,136,0.002026220420432608
41,0.35,recommended_solve,0.001,137,0.0020133075834241993
41,0.35,recommended_solve,0.001,138,0.002010232038350929
41,0.35,recommended_solve,0.001,139,0.0020092139355533454
41,0.35,recommended_solve,0.001,140,0.0020089795565589896
41,0.35,recommended_solve,0.001,141,0.00200897593705157
41,0.35,recommended_solve,0.001,142,0.0020089756165822914
41,0.35,recommended_solve,0.001,143,0.0020089540121271524
41,0.35,recommended_solve,0.001,144,0.002008951298745393
41,0.35,recommended_solve,0.001,145,0.0020089460871628804
41,0.35,recommended_solve,0.001,146,0.002008798254215618
41,0.35,recommended_solve,0.001,147,0.0020086449354647326
41,0.35,recommended_solve,0.001,148,0.0020078131317242897
41,0.35,recommended_solve,0.001,149,0.002005128426923314
41,0.35,recommended_solve,0.001,150,0.0019902670455500806
41,0.35,recommended_solve,0.001,151,0.0019491068570943722
41,0.35,recommended_solve,0.001,152,0.001776007253924809
41,0.35,recommended_solve,0.001,153,0.0014030120443780515
41,0.35,recommended_solve,0.001,154,0.0008351965567217241
41,0.35,recommended_solve,0.001,155,0.0004583630933574016
41,0.35,recommended_solve,0.001,156,0.00023810117145166358
41,0.35,recommended_solve,0.001,157,0.00013365044425378501
41,0.35,recommended_solve,0.001,158,6.251706359484225e-05
41,0.35,recommended_solve,0.001,159,3.334082050886647e-05
41,0.35,recommended_solve,0.001,160,1.5281407659854836e-05
41,0.35,recommended_solve,0.001,161,8.006126385682404e-06
41,0.35,recommended_solve,0.001,162,3.833273143466618e-06
41,0.35,recommended_solve,0.001,163,2.1332707496230487e-06
41,0.35,recommended_solve,0.001,164,1.0460610343146233e-06
41,0.35,recommended_solve,0.001,165,5.374062904472622e-07
